Eval_AverageReturn,Eval_StdReturn,Eval_MaxReturn,Eval_MinReturn,Eval_AverageEpLen,step,Train_EpisodeReturn,Train_EpisodeLen,actor_loss,entropy,critic_loss,q_values,target_values,actor_lr,critic_lr,temperature
-218.38005,75.11627,-80.68607,-331.58328,1000.0,0,,,,,,,,,,
,,,,,999,-154.7197,1000,,,,,,,,
,,,,,1999,-250.89401,1000,,,,,,,,
,,,,,2999,-426.01675,1000,,,,,,,,
,,,,,3999,-307.31827,1000,,,,,,,,
,,,,,4999,-390.74274,1000,,,,,,,,
-264.17142,79.41389,-121.35012,-371.4668,1000.0,5000,,,,,,,,,,
,,,,,5999,-203.24257,1000,,,,,,,,
,,,,,6999,-240.89984,1000,,,,,,,,
,,,,,7999,-276.21323,1000,,,,,,,,
,,,,,8999,-186.08417,1000,,,,,,,,
,,,,,9999,-183.54823,1000,,,,,,,,
-252.18393,77.44003,-127.4575,-381.318,1000.0,10000,,,-0.3753224015235901,3.8176867961883545,0.4656965136528015,-0.020359279587864876,0.09703508764505386,0.0003,0.0003,0.1
,,,,,10999,-188.488,1000,,,,,,,,
,,,,,11000,,,-2.384625196456909,2.2600221633911133,0.38388264179229736,1.6018942594528198,1.7171813249588013,0.0003,0.0003,0.1
,,,,,11999,-238.91359,1000,,,,,,,,
,,,,,12000,,,-3.447793483734131,3.03989577293396,0.6040542721748352,2.9377756118774414,3.0017175674438477,0.0003,0.0003,0.1
,,,,,12999,-227.84459,1000,,,,,,,,
,,,,,13000,,,-5.274735927581787,2.6862950325012207,0.8257500529289246,4.652541160583496,4.646859645843506,0.0003,0.0003,0.1
,,,,,13999,-203.5041,1000,,,,,,,,
,,,,,14000,,,-7.26708459854126,2.2428722381591797,0.6577957272529602,6.556661605834961,6.501242637634277,0.0003,0.0003,0.1
,,,,,14999,-155.24843,1000,,,,,,,,
-188.21527,26.565443,-128.82635,-218.7948,1000.0,15000,,,-9.294678688049316,2.3061020374298096,0.6748231649398804,8.402033805847168,8.470467567443848,0.0003,0.0003,0.1
,,,,,15999,-166.70212,1000,,,,,,,,
,,,,,16000,,,-11.406632423400879,2.1789281368255615,0.6591287851333618,10.588693618774414,10.62398910522461,0.0003,0.0003,0.1
,,,,,16999,-115.17352,1000,,,,,,,,
,,,,,17000,,,-12.956846237182617,2.19645619392395,0.3942948579788208,12.131803512573242,12.21381950378418,0.0003,0.0003,0.1
,,,,,17999,-121.70679,1000,,,,,,,,
,,,,,18000,,,-14.097001075744629,2.257297992706299,0.3867346942424774,13.22740364074707,13.25256061553955,0.0003,0.0003,0.1
,,,,,18999,-78.44814,1000,,,,,,,,
,,,,,19000,,,-16.062536239624023,2.160166025161743,0.3934442400932312,15.411100387573242,15.444113731384277,0.0003,0.0003,0.1
,,,,,19999,6.742405,1000,,,,,,,,
26.97409,39.435898,121.60317,-24.478659,1000.0,20000,,,-16.98458480834961,2.3156793117523193,0.39143383502960205,16.16729164123535,16.231414794921875,0.0003,0.0003,0.1
,,,,,20999,92.353546,1000,,,,,,,,
,,,,,21000,,,-19.32805824279785,1.9501237869262695,0.4284276068210602,18.5596981048584,18.62639808654785,0.0003,0.0003,0.1
,,,,,21999,462.98172,1000,,,,,,,,
,,,,,22000,,,-22.84311294555664,1.669490098953247,0.4042210280895233,22.017349243164062,22.0344181060791,0.0003,0.0003,0.1
,,,,,22999,434.03217,1000,,,,,,,,
,,,,,23000,,,-21.938791275024414,1.438852310180664,0.416573166847229,21.338369369506836,21.378759384155273,0.0003,0.0003,0.1
,,,,,23999,527.112,1000,,,,,,,,
,,,,,24000,,,-24.306570053100586,1.0686707496643066,0.40127676725387573,23.464433670043945,23.434720993041992,0.0003,0.0003,0.1
,,,,,24999,714.27344,1000,,,,,,,,
726.55164,157.2592,937.0585,508.7988,1000.0,25000,,,-28.857091903686523,0.8629595041275024,0.5011066198348999,27.968294143676758,27.839414596557617,0.0003,0.0003,0.1
,,,,,25999,719.78503,1000,,,,,,,,
,,,,,26000,,,-30.75933074951172,0.6668426990509033,0.4700632095336914,30.054893493652344,29.931968688964844,0.0003,0.0003,0.1
,,,,,26999,1004.2559,1000,,,,,,,,
,,,,,27000,,,-33.15046691894531,0.8956636190414429,0.4076111614704132,32.33803939819336,32.31236267089844,0.0003,0.0003,0.1
,,,,,27999,1112.0428,1000,,,,,,,,
,,,,,28000,,,-34.87495803833008,0.8225591778755188,0.4630690813064575,34.0820198059082,34.085994720458984,0.0003,0.0003,0.1
,,,,,28999,1241.882,1000,,,,,,,,
,,,,,29000,,,-39.98833465576172,0.7978240251541138,0.4789789915084839,39.108245849609375,39.1056022644043,0.0003,0.0003,0.1
,,,,,29999,1209.5667,1000,,,,,,,,
1445.1069,46.312717,1514.1035,1358.304,1000.0,30000,,,-43.878849029541016,0.5212757587432861,0.49234557151794434,43.034751892089844,42.94654083251953,0.0003,0.0003,0.1
,,,,,30999,1532.4628,1000,,,,,,,,
,,,,,31000,,,-47.98980712890625,0.3955169916152954,0.5202125310897827,47.08832550048828,47.16377258300781,0.0003,0.0003,0.1
,,,,,31999,1737.2792,1000,,,,,,,,
,,,,,32000,,,-50.4359245300293,0.276337206363678,0.7720428705215454,49.57612228393555,49.60200500488281,0.0003,0.0003,0.1
,,,,,32999,1720.7646,1000,,,,,,,,
,,,,,33000,,,-54.540687561035156,-0.3247780203819275,0.4918314814567566,53.430511474609375,53.41349411010742,0.0003,0.0003,0.1
,,,,,33999,1840.896,1000,,,,,,,,
,,,,,34000,,,-59.94703674316406,-0.26274728775024414,0.5808525085449219,58.87493133544922,58.74050521850586,0.0003,0.0003,0.1
,,,,,34999,1856.3076,1000,,,,,,,,
1867.9128,25.175037,1904.4132,1823.615,1000.0,35000,,,-62.38059616088867,-0.5759234428405762,0.6315599083900452,61.379676818847656,61.241512298583984,0.0003,0.0003,0.1
,,,,,35999,1891.8124,1000,,,,,,,,
,,,,,36000,,,-69.08625793457031,-0.7426720261573792,0.6661003828048706,68.04113006591797,68.0636978149414,0.0003,0.0003,0.1
,,,,,36999,1995.6411,1000,,,,,,,,
,,,,,37000,,,-74.34843444824219,-0.6938012838363647,0.8683151006698608,73.29864501953125,73.16580200195312,0.0003,0.0003,0.1
,,,,,37999,2009.761,1000,,,,,,,,
,,,,,38000,,,-79.05738067626953,-0.9507115483283997,0.6478489637374878,77.96945190429688,77.94222259521484,0.0003,0.0003,0.1
,,,,,38999,2013.8503,1000,,,,,,,,
,,,,,39000,,,-87.17955017089844,-1.0945051908493042,0.5765249729156494,86.07479858398438,86.05703735351562,0.0003,0.0003,0.1
,,,,,39999,2156.3254,1000,,,,,,,,
2115.7488,28.694418,2164.2136,2054.1296,1000.0,40000,,,-88.55403137207031,-0.8945118188858032,0.6340205669403076,87.31350708007812,87.43634033203125,0.0003,0.0003,0.1
,,,,,40999,2232.1826,1000,,,,,,,,
,,,,,41000,,,-92.61479949951172,-0.729286253452301,0.5676360726356506,91.58642578125,91.59053039550781,0.0003,0.0003,0.1
,,,,,41999,2223.3306,1000,,,,,,,,
,,,,,42000,,,-99.18449401855469,-1.1251246929168701,0.6831713318824768,98.15483856201172,98.18954467773438,0.0003,0.0003,0.1
,,,,,42999,2347.0889,1000,,,,,,,,
,,,,,43000,,,-101.47128295898438,-1.1390326023101807,0.6143361330032349,100.36894989013672,100.39677429199219,0.0003,0.0003,0.1
,,,,,43999,2372.1294,1000,,,,,,,,
,,,,,44000,,,-106.84957122802734,-1.2352628707885742,0.5254411697387695,105.59086608886719,105.66181182861328,0.0003,0.0003,0.1
,,,,,44999,2418.2983,1000,,,,,,,,
2433.869,44.254135,2517.6975,2350.0571,1000.0,45000,,,-110.49884796142578,-1.312621831893921,0.5349671840667725,109.35298919677734,109.21549224853516,0.0003,0.0003,0.1
,,,,,45999,2524.1008,1000,,,,,,,,
,,,,,46000,,,-118.11740112304688,-1.684441328048706,0.5808940529823303,116.90027618408203,116.87040710449219,0.0003,0.0003,0.1
,,,,,46999,2515.532,1000,,,,,,,,
,,,,,47000,,,-122.317626953125,-1.5164566040039062,0.5270625352859497,121.1843490600586,121.09271240234375,0.0003,0.0003,0.1
,,,,,47999,2611.204,1000,,,,,,,,
,,,,,48000,,,-127.8035888671875,-1.510155439376831,0.6934507489204407,126.68904113769531,126.7095947265625,0.0003,0.0003,0.1
,,,,,48999,2659.0479,1000,,,,,,,,
,,,,,49000,,,-133.05982971191406,-1.7301127910614014,0.5783304572105408,131.48448181152344,131.58135986328125,0.0003,0.0003,0.1
,,,,,49999,2727.023,1000,,,,,,,,
2535.8193,89.65353,2686.0347,2323.368,1000.0,50000,,,-134.4809112548828,-1.7197701930999756,0.604401707649231,133.0399627685547,133.1683807373047,0.0003,0.0003,0.1
,,,,,50999,2631.876,1000,,,,,,,,
,,,,,51000,,,-139.85342407226562,-1.7984157800674438,0.6485822796821594,138.44012451171875,138.51161193847656,0.0003,0.0003,0.1
,,,,,51999,2737.3027,1000,,,,,,,,
,,,,,52000,,,-145.17604064941406,-1.5581309795379639,0.683424711227417,144.01771545410156,143.90206909179688,0.0003,0.0003,0.1
,,,,,52999,2775.4353,1000,,,,,,,,
,,,,,53000,,,-151.35194396972656,-1.644810676574707,0.7707253694534302,150.16485595703125,150.10975646972656,0.0003,0.0003,0.1
,,,,,53999,2843.549,1000,,,,,,,,
,,,,,54000,,,-154.06161499023438,-1.9369258880615234,0.857337236404419,152.7478790283203,152.61898803710938,0.0003,0.0003,0.1
,,,,,54999,2905.9841,1000,,,,,,,,
2949.594,65.93967,3057.0457,2835.9993,1000.0,55000,,,-157.25001525878906,-2.315229892730713,0.6832096576690674,155.82400512695312,155.87330627441406,0.0003,0.0003,0.1
,,,,,55999,2901.103,1000,,,,,,,,
,,,,,56000,,,-157.4320831298828,-2.0378072261810303,0.6979360580444336,156.24139404296875,156.3033447265625,0.0003,0.0003,0.1
,,,,,56999,2923.2056,1000,,,,,,,,
,,,,,57000,,,-166.63792419433594,-2.14508056640625,0.7381200790405273,165.4145050048828,165.28416442871094,0.0003,0.0003,0.1
,,,,,57999,2985.4487,1000,,,,,,,,
,,,,,58000,,,-174.8543701171875,-2.1159703731536865,0.8226784467697144,173.69027709960938,173.670166015625,0.0003,0.0003,0.1
,,,,,58999,3009.9841,1000,,,,,,,,
,,,,,59000,,,-176.68048095703125,-2.1313600540161133,0.8004487752914429,175.3773193359375,175.42405700683594,0.0003,0.0003,0.1
,,,,,59999,3078.7915,1000,,,,,,,,
3047.8938,30.015343,3101.3796,3004.675,1000.0,60000,,,-181.38204956054688,-2.258352756500244,0.6473902463912964,180.13973999023438,180.17044067382812,0.0003,0.0003,0.1
,,,,,60999,3057.2124,1000,,,,,,,,
,,,,,61000,,,-178.92300415039062,-2.290966749191284,0.7053115963935852,177.62583923339844,177.70907592773438,0.0003,0.0003,0.1
,,,,,61999,3153.7625,1000,,,,,,,,
,,,,,62000,,,-185.5355224609375,-2.5771961212158203,0.8178609609603882,184.1113739013672,184.09681701660156,0.0003,0.0003,0.1
,,,,,62999,3185.6692,1000,,,,,,,,
,,,,,63000,,,-195.2192840576172,-2.7469959259033203,0.9461469054222107,193.9615478515625,193.85386657714844,0.0003,0.0003,0.1
,,,,,63999,3197.6555,1000,,,,,,,,
,,,,,64000,,,-197.5363311767578,-2.65582537651062,0.8521906733512878,196.18775939941406,196.07672119140625,0.0003,0.0003,0.1
,,,,,64999,3253.8257,1000,,,,,,,,
3269.7378,43.625923,3319.8682,3197.5188,1000.0,65000,,,-199.32334899902344,-2.834249496459961,0.8400107026100159,197.89013671875,198.08030700683594,0.0003,0.0003,0.1
,,,,,65999,3250.723,1000,,,,,,,,
,,,,,66000,,,-205.79701232910156,-2.6326236724853516,0.9719130992889404,204.19227600097656,204.2635498046875,0.0003,0.0003,0.1
,,,,,66999,3272.1938,1000,,,,,,,,
,,,,,67000,,,-215.64601135253906,-2.592755079269409,0.5943505764007568,214.27955627441406,214.19667053222656,0.0003,0.0003,0.1
,,,,,67999,3328.521,1000,,,,,,,,
,,,,,68000,,,-213.3406982421875,-2.4943344593048096,0.9537726640701294,211.84320068359375,211.90284729003906,0.0003,0.0003,0.1
,,,,,68999,3307.8806,1000,,,,,,,,
,,,,,69000,,,-221.11752319335938,-2.230638027191162,0.7826999425888062,219.83279418945312,219.74510192871094,0.0003,0.0003,0.1
,,,,,69999,3353.484,1000,,,,,,,,
3344.3074,45.67233,3392.5593,3254.5547,1000.0,70000,,,-224.4132080078125,-2.837754487991333,0.7721174955368042,223.11204528808594,223.2178192138672,0.0003,0.0003,0.1
,,,,,70999,3352.4155,1000,,,,,,,,
,,,,,71000,,,-226.6897735595703,-2.797924757003784,1.000699758529663,225.2019805908203,225.16409301757812,0.0003,0.0003,0.1
,,,,,71999,3345.9734,1000,,,,,,,,
,,,,,72000,,,-231.76866149902344,-2.8434035778045654,0.8520585298538208,230.53684997558594,230.49212646484375,0.0003,0.0003,0.1
,,,,,72999,3464.1243,1000,,,,,,,,
,,,,,73000,,,-238.16146850585938,-2.6854147911071777,0.6855027079582214,237.10409545898438,237.03785705566406,0.0003,0.0003,0.1
,,,,,73999,3504.3293,1000,,,,,,,,
,,,,,74000,,,-237.69400024414062,-2.804258108139038,0.8744743466377258,236.5452423095703,236.48902893066406,0.0003,0.0003,0.1
,,,,,74999,3488.5884,1000,,,,,,,,
3514.4175,29.714987,3566.9668,3462.758,1000.0,75000,,,-246.09596252441406,-2.8052773475646973,0.7636327743530273,244.7577362060547,244.9342041015625,0.0003,0.0003,0.1
,,,,,75999,3370.0215,1000,,,,,,,,
,,,,,76000,,,-242.0406036376953,-2.6036577224731445,0.8063113689422607,240.69313049316406,240.73080444335938,0.0003,0.0003,0.1
,,,,,76999,3511.8953,1000,,,,,,,,
,,,,,77000,,,-250.3923797607422,-3.0339479446411133,0.7603872418403625,249.07313537597656,249.05300903320312,0.0003,0.0003,0.1
,,,,,77999,3525.668,1000,,,,,,,,
,,,,,78000,,,-251.4723663330078,-3.0623278617858887,0.7162414193153381,249.94589233398438,249.949951171875,0.0003,0.0003,0.1
,,,,,78999,3465.4473,1000,,,,,,,,
,,,,,79000,,,-255.28265380859375,-3.003884792327881,0.9634460210800171,253.84205627441406,253.8631134033203,0.0003,0.0003,0.1
,,,,,79999,3586.9448,1000,,,,,,,,
3657.1353,62.116898,3735.2727,3500.6528,1000.0,80000,,,-256.73272705078125,-3.0365819931030273,0.7731285095214844,255.20468139648438,255.4337921142578,0.0003,0.0003,0.1
,,,,,80999,3555.8008,1000,,,,,,,,
,,,,,81000,,,-260.8232116699219,-2.7152397632598877,0.8286558389663696,259.48468017578125,259.51904296875,0.0003,0.0003,0.1
,,,,,81999,3603.977,1000,,,,,,,,
,,,,,82000,,,-263.4426574707031,-3.0604443550109863,0.690420389175415,262.1806945800781,262.3008117675781,0.0003,0.0003,0.1
,,,,,82999,3697.322,1000,,,,,,,,
,,,,,83000,,,-267.95477294921875,-2.914581298828125,1.012607455253601,266.353515625,266.4058837890625,0.0003,0.0003,0.1
,,,,,83999,3690.8137,1000,,,,,,,,
,,,,,84000,,,-269.1959228515625,-3.5179243087768555,1.0019845962524414,267.60162353515625,267.75238037109375,0.0003,0.0003,0.1
,,,,,84999,3698.87,1000,,,,,,,,
3634.0188,33.5032,3712.244,3590.4382,1000.0,85000,,,-272.11767578125,-2.7376294136047363,0.8233347535133362,270.68634033203125,270.7420959472656,0.0003,0.0003,0.1
,,,,,85999,1894.5087,1000,,,,,,,,
,,,,,86000,,,-275.6069641113281,-2.8945016860961914,1.345658540725708,274.2436218261719,274.1902160644531,0.0003,0.0003,0.1
,,,,,86999,3737.9265,1000,,,,,,,,
,,,,,87000,,,-275.78826904296875,-2.576451301574707,0.8787118196487427,274.50457763671875,274.6429748535156,0.0003,0.0003,0.1
,,,,,87999,3482.5867,1000,,,,,,,,
,,,,,88000,,,-275.3060302734375,-2.509620189666748,0.8652352094650269,274.3713684082031,274.3077392578125,0.0003,0.0003,0.1
,,,,,88999,3751.1914,1000,,,,,,,,
,,,,,89000,,,-274.36474609375,-2.1668527126312256,0.7795075178146362,273.2754211425781,273.45037841796875,0.0003,0.0003,0.1
,,,,,89999,3770.974,1000,,,,,,,,
3781.228,37.965492,3839.52,3735.4192,1000.0,90000,,,-278.53326416015625,-2.442612886428833,0.7818685173988342,277.42120361328125,277.4714660644531,0.0003,0.0003,0.1
,,,,,90999,3832.7478,1000,,,,,,,,
,,,,,91000,,,-282.37835693359375,-2.4852981567382812,0.6747347116470337,281.20501708984375,281.33074951171875,0.0003,0.0003,0.1
,,,,,91999,3724.9346,1000,,,,,,,,
,,,,,92000,,,-283.89324951171875,-2.848436117172241,0.9358350038528442,282.6925964355469,282.6997985839844,0.0003,0.0003,0.1
,,,,,92999,3737.1362,1000,,,,,,,,
,,,,,93000,,,-286.0653991699219,-2.8530707359313965,0.8884127140045166,284.88946533203125,284.85107421875,0.0003,0.0003,0.1
,,,,,93999,3736.8528,1000,,,,,,,,
,,,,,94000,,,-288.8105773925781,-2.8025081157684326,0.8437480926513672,287.8798828125,287.7513732910156,0.0003,0.0003,0.1
,,,,,94999,3849.5186,1000,,,,,,,,
3524.5864,88.562195,3678.3809,3424.7334,1000.0,95000,,,-288.7817077636719,-2.821676015853882,0.8042628765106201,287.705810546875,287.7824401855469,0.0003,0.0003,0.1
,,,,,95999,3864.1619,1000,,,,,,,,
,,,,,96000,,,-293.96221923828125,-3.0144906044006348,0.9767995476722717,292.7749938964844,292.9726257324219,0.0003,0.0003,0.1
,,,,,96999,3905.6814,1000,,,,,,,,
,,,,,97000,,,-297.619873046875,-3.0599610805511475,1.0571839809417725,296.3399658203125,296.140869140625,0.0003,0.0003,0.1
,,,,,97999,3931.578,1000,,,,,,,,
,,,,,98000,,,-301.53680419921875,-3.062241315841675,1.0278308391571045,300.4161682128906,300.4725341796875,0.0003,0.0003,0.1
,,,,,98999,3953.9905,1000,,,,,,,,
,,,,,99000,,,-298.2913513183594,-2.855740547180176,0.9278185367584229,297.12646484375,297.34344482421875,0.0003,0.0003,0.1
,,,,,99999,3925.3157,1000,,,,,,,,
3964.231,51.81446,4041.2026,3874.5327,1000.0,100000,,,-303.6898193359375,-2.8202292919158936,1.0884395837783813,302.50958251953125,302.50933837890625,0.0003,0.0003,0.1
,,,,,100999,3989.7378,1000,,,,,,,,
,,,,,101000,,,-300.78387451171875,-2.817194938659668,0.788707971572876,299.75390625,299.8420104980469,0.0003,0.0003,0.1
,,,,,101999,3909.5342,1000,,,,,,,,
,,,,,102000,,,-308.9698791503906,-3.0899195671081543,1.039178729057312,307.6927490234375,307.6783752441406,0.0003,0.0003,0.1
,,,,,102999,3969.3757,1000,,,,,,,,
,,,,,103000,,,-306.5008850097656,-3.0500524044036865,0.9599995017051697,305.31072998046875,305.1252746582031,0.0003,0.0003,0.1
,,,,,103999,4102.2686,1000,,,,,,,,
,,,,,104000,,,-307.62255859375,-2.7071168422698975,1.2811635732650757,306.38983154296875,306.2969055175781,0.0003,0.0003,0.1
,,,,,104999,4063.9858,1000,,,,,,,,
3786.011,948.94305,4143.763,940.4349,1000.0,105000,,,-312.6202392578125,-3.4494214057922363,0.8804211616516113,311.29522705078125,311.333740234375,0.0003,0.0003,0.1
,,,,,105999,4120.884,1000,,,,,,,,
,,,,,106000,,,-314.8968505859375,-3.2248260974884033,0.9210529327392578,313.550048828125,313.6524658203125,0.0003,0.0003,0.1
,,,,,106999,4059.0542,1000,,,,,,,,
,,,,,107000,,,-313.29486083984375,-3.112387180328369,1.1440231800079346,312.1614990234375,312.2325134277344,0.0003,0.0003,0.1
,,,,,107999,4111.373,1000,,,,,,,,
,,,,,108000,,,-321.7973327636719,-3.1130738258361816,0.8849256038665771,320.7196350097656,320.8125915527344,0.0003,0.0003,0.1
,,,,,108999,4093.155,1000,,,,,,,,
,,,,,109000,,,-320.9742431640625,-3.015390634536743,0.9669066667556763,319.7235107421875,319.7499694824219,0.0003,0.0003,0.1
,,,,,109999,4172.9243,1000,,,,,,,,
4188.9775,48.33024,4270.8657,4121.7637,1000.0,110000,,,-320.995849609375,-2.9533355236053467,1.8898283243179321,319.69207763671875,319.619140625,0.0003,0.0003,0.1
,,,,,110999,4212.928,1000,,,,,,,,
,,,,,111000,,,-328.1184997558594,-3.293318271636963,0.8774085640907288,327.0519104003906,326.9327697753906,0.0003,0.0003,0.1
,,,,,111999,4141.8066,1000,,,,,,,,
,,,,,112000,,,-324.197509765625,-3.5349793434143066,1.1940408945083618,322.7702331542969,322.699462890625,0.0003,0.0003,0.1
,,,,,112999,4245.689,1000,,,,,,,,
,,,,,113000,,,-334.2082214355469,-3.1803548336029053,0.9162077903747559,332.979248046875,332.9029235839844,0.0003,0.0003,0.1
,,,,,113999,4232.134,1000,,,,,,,,
,,,,,114000,,,-329.38580322265625,-3.359626293182373,1.137758493423462,328.3143615722656,328.40203857421875,0.0003,0.0003,0.1
,,,,,114999,4236.5845,1000,,,,,,,,
4279.207,31.307835,4361.081,4244.2163,1000.0,115000,,,-339.4232482910156,-3.4366323947906494,1.035260796546936,338.200927734375,338.4169616699219,0.0003,0.0003,0.1
,,,,,115999,4338.989,1000,,,,,,,,
,,,,,116000,,,-336.0376281738281,-4.129828453063965,1.383334994316101,334.52734375,334.6734924316406,0.0003,0.0003,0.1
,,,,,116999,4168.8223,1000,,,,,,,,
,,,,,117000,,,-340.28179931640625,-3.601872682571411,1.3348450660705566,339.2489318847656,339.1016845703125,0.0003,0.0003,0.1
,,,,,117999,4335.489,1000,,,,,,,,
,,,,,118000,,,-341.05322265625,-3.737168073654175,1.062500238418579,339.62481689453125,339.6575012207031,0.0003,0.0003,0.1
,,,,,118999,4343.3438,1000,,,,,,,,
,,,,,119000,,,-339.31573486328125,-3.511218547821045,1.0497492551803589,337.953857421875,338.0738220214844,0.0003,0.0003,0.1
,,,,,119999,4266.2007,1000,,,,,,,,
4317.007,51.983063,4383.2705,4195.764,1000.0,120000,,,-343.8111572265625,-3.588172674179077,1.185056209564209,342.41729736328125,342.45654296875,0.0003,0.0003,0.1
,,,,,120999,4341.8438,1000,,,,,,,,
,,,,,121000,,,-343.9503173828125,-3.2066283226013184,1.2320556640625,342.699951171875,342.67724609375,0.0003,0.0003,0.1
,,,,,121999,4282.4336,1000,,,,,,,,
,,,,,122000,,,-349.1924133300781,-3.827972888946533,0.9562059640884399,348.0912170410156,348.0186767578125,0.0003,0.0003,0.1
,,,,,122999,4340.3545,1000,,,,,,,,
,,,,,123000,,,-355.0185852050781,-3.1549408435821533,0.8365693092346191,354.1009216308594,353.99560546875,0.0003,0.0003,0.1
,,,,,123999,4451.809,1000,,,,,,,,
,,,,,124000,,,-353.01580810546875,-3.8709402084350586,1.0956624746322632,351.80755615234375,351.70770263671875,0.0003,0.0003,0.1
,,,,,124999,4448.357,1000,,,,,,,,
4447.919,49.02959,4513.43,4344.7617,1000.0,125000,,,-350.4976806640625,-3.7755813598632812,1.2670668363571167,349.3795166015625,349.3421936035156,0.0003,0.0003,0.1
,,,,,125999,4324.2046,1000,,,,,,,,
,,,,,126000,,,-352.8958435058594,-3.7795984745025635,1.3470780849456787,351.5904235839844,351.5776062011719,0.0003,0.0003,0.1
,,,,,126999,4414.826,1000,,,,,,,,
,,,,,127000,,,-358.06500244140625,-3.457170009613037,1.0031358003616333,356.73541259765625,356.59375,0.0003,0.0003,0.1
,,,,,127999,4392.531,1000,,,,,,,,
,,,,,128000,,,-353.77642822265625,-3.7035465240478516,1.3176078796386719,352.4284362792969,352.421142578125,0.0003,0.0003,0.1
,,,,,128999,4444.5986,1000,,,,,,,,
,,,,,129000,,,-357.29254150390625,-3.7884159088134766,1.2165753841400146,355.83978271484375,355.87054443359375,0.0003,0.0003,0.1
,,,,,129999,4544.51,1000,,,,,,,,
4523.6772,56.255615,4598.7437,4374.8325,1000.0,130000,,,-371.6252746582031,-3.2308173179626465,1.0653928518295288,370.5148620605469,370.4935302734375,0.0003,0.0003,0.1
,,,,,130999,4447.607,1000,,,,,,,,
,,,,,131000,,,-371.7916564941406,-3.690974712371826,1.4258215427398682,370.7325439453125,370.80242919921875,0.0003,0.0003,0.1
,,,,,131999,4484.7,1000,,,,,,,,
,,,,,132000,,,-370.26666259765625,-3.536957263946533,1.1978609561920166,368.93157958984375,369.0950927734375,0.0003,0.0003,0.1
,,,,,132999,4501.7056,1000,,,,,,,,
,,,,,133000,,,-366.87237548828125,-3.304029941558838,1.2066832780838013,365.83038330078125,365.71966552734375,0.0003,0.0003,0.1
,,,,,133999,4512.5513,1000,,,,,,,,
,,,,,134000,,,-363.8612976074219,-3.827880859375,1.1658473014831543,362.6184387207031,362.5367431640625,0.0003,0.0003,0.1
,,,,,134999,4600.2646,1000,,,,,,,,
4548.6494,27.860332,4586.3916,4495.096,1000.0,135000,,,-373.7702331542969,-3.8427600860595703,1.2668626308441162,372.4085998535156,372.51678466796875,0.0003,0.0003,0.1
,,,,,135999,4523.1157,1000,,,,,,,,
,,,,,136000,,,-374.916748046875,-3.937379837036133,1.5605413913726807,373.8186950683594,373.7358703613281,0.0003,0.0003,0.1
,,,,,136999,4547.741,1000,,,,,,,,
,,,,,137000,,,-379.9099426269531,-3.8539109230041504,1.2776803970336914,378.6725769042969,378.78594970703125,0.0003,0.0003,0.1
,,,,,137999,4437.9717,1000,,,,,,,,
,,,,,138000,,,-380.1529235839844,-3.785216808319092,1.1296509504318237,379.09283447265625,379.0745849609375,0.0003,0.0003,0.1
,,,,,138999,4427.2783,1000,,,,,,,,
,,,,,139000,,,-380.7316589355469,-3.661123275756836,1.016987919807434,379.57757568359375,379.730712890625,0.0003,0.0003,0.1
,,,,,139999,4513.566,1000,,,,,,,,
4590.9526,56.62717,4668.156,4472.664,1000.0,140000,,,-386.2295837402344,-3.7521779537200928,0.8639513254165649,385.0042419433594,385.0650329589844,0.0003,0.0003,0.1
,,,,,140999,4633.465,1000,,,,,,,,
,,,,,141000,,,-381.92431640625,-3.6935741901397705,1.2454919815063477,380.82159423828125,380.74822998046875,0.0003,0.0003,0.1
,,,,,141999,4614.8364,1000,,,,,,,,
,,,,,142000,,,-380.37994384765625,-3.745626211166382,1.0721197128295898,379.0338134765625,379.1087341308594,0.0003,0.0003,0.1
,,,,,142999,4619.271,1000,,,,,,,,
,,,,,143000,,,-385.8147888183594,-3.391817331314087,1.0583219528198242,384.83258056640625,384.73968505859375,0.0003,0.0003,0.1
,,,,,143999,4679.6714,1000,,,,,,,,
,,,,,144000,,,-386.6698913574219,-4.141493797302246,1.3042994737625122,385.2625732421875,385.2906188964844,0.0003,0.0003,0.1
,,,,,144999,4735.305,1000,,,,,,,,
4647.3027,72.24808,4726.9556,4465.7695,1000.0,145000,,,-388.3201904296875,-3.887446641921997,1.4114532470703125,387.090576171875,387.0448303222656,0.0003,0.0003,0.1
,,,,,145999,4577.4644,1000,,,,,,,,
,,,,,146000,,,-390.2977600097656,-3.286426544189453,1.2893177270889282,388.932373046875,389.0516662597656,0.0003,0.0003,0.1
,,,,,146999,4700.2505,1000,,,,,,,,
,,,,,147000,,,-395.5831298828125,-3.919705629348755,1.2137471437454224,394.3699951171875,394.6805114746094,0.0003,0.0003,0.1
,,,,,147999,4674.4775,1000,,,,,,,,
,,,,,148000,,,-395.8535461425781,-3.5774123668670654,1.2333250045776367,394.68304443359375,394.54107666015625,0.0003,0.0003,0.1
,,,,,148999,4675.1245,1000,,,,,,,,
,,,,,149000,,,-402.6391296386719,-3.75313401222229,1.1132876873016357,401.6859130859375,401.5458068847656,0.0003,0.0003,0.1
,,,,,149999,4753.026,1000,,,,,,,,
4321.254,1223.51,4847.285,665.3815,1000.0,150000,,,-397.9334411621094,-3.5758936405181885,0.9027162194252014,396.75152587890625,396.64825439453125,0.0003,0.0003,0.1
,,,,,150999,4614.655,1000,,,,,,,,
,,,,,151000,,,-393.8443298339844,-3.921715021133423,1.0568609237670898,392.6213684082031,392.6884765625,0.0003,0.0003,0.1
,,,,,151999,4595.5127,1000,,,,,,,,
,,,,,152000,,,-402.9550476074219,-3.9260425567626953,1.1882221698760986,401.8197021484375,401.6795959472656,0.0003,0.0003,0.1
,,,,,152999,4673.559,1000,,,,,,,,
,,,,,153000,,,-398.3227233886719,-3.8975958824157715,1.1766133308410645,396.8138732910156,396.75250244140625,0.0003,0.0003,0.1
,,,,,153999,4847.622,1000,,,,,,,,
,,,,,154000,,,-400.4482727050781,-3.6521828174591064,1.1628978252410889,399.0376892089844,398.9077453613281,0.0003,0.0003,0.1
,,,,,154999,4731.82,1000,,,,,,,,
4746.784,176.39389,4848.311,4227.7383,1000.0,155000,,,-401.93133544921875,-4.192796230316162,1.374696969985962,400.66021728515625,400.48175048828125,0.0003,0.0003,0.1
,,,,,155999,4840.4346,1000,,,,,,,,
,,,,,156000,,,-408.90093994140625,-3.815988302230835,1.4157555103302002,407.83038330078125,407.77886962890625,0.0003,0.0003,0.1
,,,,,156999,4631.769,1000,,,,,,,,
,,,,,157000,,,-404.3677978515625,-4.360449314117432,1.1379363536834717,403.04833984375,403.1365661621094,0.0003,0.0003,0.1
,,,,,157999,4600.329,1000,,,,,,,,
,,,,,158000,,,-408.230712890625,-4.004825115203857,1.034281611442566,407.1419372558594,406.9671630859375,0.0003,0.0003,0.1
,,,,,158999,4912.2803,1000,,,,,,,,
,,,,,159000,,,-412.62298583984375,-3.7079110145568848,1.5727208852767944,411.4266662597656,411.3107604980469,0.0003,0.0003,0.1
,,,,,159999,4809.416,1000,,,,,,,,
4864.6553,45.505226,4932.9946,4779.994,1000.0,160000,,,-411.73681640625,-3.629281520843506,1.213435411453247,410.6535949707031,410.7203369140625,0.0003,0.0003,0.1
,,,,,160999,4759.6646,1000,,,,,,,,
,,,,,161000,,,-416.1195373535156,-4.099170684814453,1.1062337160110474,414.914306640625,414.71319580078125,0.0003,0.0003,0.1
,,,,,161999,4761.311,1000,,,,,,,,
,,,,,162000,,,-416.4446105957031,-4.398640155792236,1.2322931289672852,415.18499755859375,415.244873046875,0.0003,0.0003,0.1
,,,,,162999,4877.609,1000,,,,,,,,
,,,,,163000,,,-410.35577392578125,-4.117074966430664,1.1799463033676147,409.0603332519531,409.06134033203125,0.0003,0.0003,0.1
,,,,,163999,4816.579,1000,,,,,,,,
,,,,,164000,,,-413.9795837402344,-3.82014536857605,1.2258710861206055,412.8409729003906,412.9278869628906,0.0003,0.0003,0.1
,,,,,164999,4820.921,1000,,,,,,,,
4792.2534,144.27855,4896.1284,4372.31,1000.0,165000,,,-417.4468994140625,-4.53665828704834,1.3099145889282227,416.00537109375,416.11572265625,0.0003,0.0003,0.1
,,,,,165999,4915.9624,1000,,,,,,,,
,,,,,166000,,,-417.5512390136719,-4.17509651184082,1.1422455310821533,416.1950378417969,416.03814697265625,0.0003,0.0003,0.1
,,,,,166999,4887.862,1000,,,,,,,,
,,,,,167000,,,-422.83636474609375,-3.6847076416015625,1.1248244047164917,421.62017822265625,421.5341491699219,0.0003,0.0003,0.1
,,,,,167999,4878.0605,1000,,,,,,,,
,,,,,168000,,,-422.3973693847656,-4.495587348937988,1.3779840469360352,421.0771789550781,421.0993347167969,0.0003,0.0003,0.1
,,,,,168999,4940.0444,1000,,,,,,,,
,,,,,169000,,,-428.02374267578125,-3.8644583225250244,1.256711483001709,426.5127868652344,426.55230712890625,0.0003,0.0003,0.1
,,,,,169999,4969.813,1000,,,,,,,,
4931.3813,96.67033,5078.9033,4729.877,1000.0,170000,,,-427.29840087890625,-4.438565731048584,1.357598066329956,425.99420166015625,426.0259094238281,0.0003,0.0003,0.1
,,,,,170999,4894.2266,1000,,,,,,,,
,,,,,171000,,,-422.6566467285156,-4.669764041900635,1.2496792078018188,421.18695068359375,421.0526123046875,0.0003,0.0003,0.1
,,,,,171999,4967.282,1000,,,,,,,,
,,,,,172000,,,-421.0291442871094,-4.493951797485352,1.1861510276794434,419.415771484375,419.4856872558594,0.0003,0.0003,0.1
,,,,,172999,2559.034,1000,,,,,,,,
,,,,,173000,,,-430.5626525878906,-4.151482582092285,1.5396685600280762,429.2926025390625,428.92108154296875,0.0003,0.0003,0.1
,,,,,173999,4924.785,1000,,,,,,,,
,,,,,174000,,,-427.79864501953125,-3.774407386779785,1.911937952041626,426.3787841796875,426.0782470703125,0.0003,0.0003,0.1
,,,,,174999,5005.0166,1000,,,,,,,,
4713.2954,512.8296,5089.136,3296.636,1000.0,175000,,,-430.83941650390625,-4.067044258117676,1.1144275665283203,429.72991943359375,429.78485107421875,0.0003,0.0003,0.1
,,,,,175999,4868.2437,1000,,,,,,,,
,,,,,176000,,,-432.1644287109375,-3.9652085304260254,1.2919107675552368,430.9983215332031,431.09033203125,0.0003,0.0003,0.1
,,,,,176999,5008.447,1000,,,,,,,,
,,,,,177000,,,-432.6907043457031,-4.066061019897461,1.770395278930664,431.7138671875,431.66864013671875,0.0003,0.0003,0.1
,,,,,177999,5024.1177,1000,,,,,,,,
,,,,,178000,,,-435.681396484375,-4.220856189727783,1.2810519933700562,434.8040771484375,434.8210754394531,0.0003,0.0003,0.1
,,,,,178999,4966.3423,1000,,,,,,,,
,,,,,179000,,,-438.9594421386719,-3.922366142272949,1.5009084939956665,437.80975341796875,437.6561279296875,0.0003,0.0003,0.1
,,,,,179999,4981.6797,1000,,,,,,,,
4564.9365,1305.4237,5083.6665,652.3252,1000.0,180000,,,-430.412109375,-4.167497634887695,1.3976294994354248,429.275390625,429.19573974609375,0.0003,0.0003,0.1
,,,,,180999,4956.226,1000,,,,,,,,
,,,,,181000,,,-425.6491394042969,-3.802076816558838,1.7473735809326172,424.35455322265625,424.39373779296875,0.0003,0.0003,0.1
,,,,,181999,5054.78,1000,,,,,,,,
,,,,,182000,,,-434.2910461425781,-3.829563856124878,1.2019915580749512,432.9074401855469,432.7999572753906,0.0003,0.0003,0.1
,,,,,182999,4935.984,1000,,,,,,,,
,,,,,183000,,,-437.99383544921875,-3.6988472938537598,1.5172544717788696,436.7669372558594,436.7298583984375,0.0003,0.0003,0.1
,,,,,183999,5196.9004,1000,,,,,,,,
,,,,,184000,,,-431.7169189453125,-3.677851438522339,1.3605705499649048,430.4241943359375,430.6467590332031,0.0003,0.0003,0.1
,,,,,184999,4998.043,1000,,,,,,,,
5003.922,78.23246,5150.9824,4876.666,1000.0,185000,,,-435.2998962402344,-4.22373104095459,2.071744441986084,434.43890380859375,434.3904113769531,0.0003,0.0003,0.1
,,,,,185999,5088.66,1000,,,,,,,,
,,,,,186000,,,-440.8343200683594,-4.133157730102539,1.4736248254776,439.8659973144531,439.79876708984375,0.0003,0.0003,0.1
,,,,,186999,5130.95,1000,,,,,,,,
,,,,,187000,,,-443.11627197265625,-4.060584545135498,1.3863003253936768,441.9345397949219,441.8696594238281,0.0003,0.0003,0.1
,,,,,187999,4940.2705,1000,,,,,,,,
,,,,,188000,,,-440.0685119628906,-3.7337942123413086,1.4907358884811401,438.89447021484375,439.0037536621094,0.0003,0.0003,0.1
,,,,,188999,4675.158,1000,,,,,,,,
,,,,,189000,,,-442.7405700683594,-3.9851651191711426,1.2167150974273682,441.721923828125,441.6967468261719,0.0003,0.0003,0.1
,,,,,189999,5099.1255,1000,,,,,,,,
5048.796,133.1836,5308.529,4763.17,1000.0,190000,,,-433.6157531738281,-4.412075042724609,2.0545670986175537,432.38726806640625,432.1029052734375,0.0003,0.0003,0.1
,,,,,190999,5033.4795,1000,,,,,,,,
,,,,,191000,,,-448.37957763671875,-4.1180524826049805,1.5045946836471558,447.4135437011719,447.1799011230469,0.0003,0.0003,0.1
,,,,,191999,5103.1724,1000,,,,,,,,
,,,,,192000,,,-445.24517822265625,-4.346055030822754,6.026204586029053,443.9046630859375,444.01116943359375,0.0003,0.0003,0.1
,,,,,192999,5092.0273,1000,,,,,,,,
,,,,,193000,,,-445.7779541015625,-4.364753246307373,1.7350877523422241,444.4571533203125,444.3920593261719,0.0003,0.0003,0.1
,,,,,193999,2874.8147,1000,,,,,,,,
,,,,,194000,,,-448.0293884277344,-4.314914226531982,2.3552942276000977,446.90325927734375,446.9275817871094,0.0003,0.0003,0.1
,,,,,194999,5181.944,1000,,,,,,,,
5055.842,201.53627,5209.9956,4543.829,1000.0,195000,,,-452.7394104003906,-3.576730251312256,1.9831852912902832,451.7200927734375,451.7174072265625,0.0003,0.0003,0.1
,,,,,195999,5033.617,1000,,,,,,,,
,,,,,196000,,,-440.9881286621094,-4.262598037719727,1.8110589981079102,440.0674133300781,440.0852966308594,0.0003,0.0003,0.1
,,,,,196999,5295.244,1000,,,,,,,,
,,,,,197000,,,-448.59747314453125,-3.901874542236328,1.7998371124267578,447.32244873046875,447.3438415527344,0.0003,0.0003,0.1
,,,,,197999,5097.925,1000,,,,,,,,
,,,,,198000,,,-448.09375,-3.92695689201355,4.884559631347656,446.9239807128906,446.90142822265625,0.0003,0.0003,0.1
,,,,,198999,4980.751,1000,,,,,,,,
,,,,,199000,,,-446.51885986328125,-4.412804126739502,1.760223150253296,445.2751159667969,445.4013366699219,0.0003,0.0003,0.1
,,,,,199999,5213.057,1000,,,,,,,,
5286.2563,55.845573,5389.5757,5191.009,1000.0,200000,,,-447.4873352050781,-4.181760311126709,1.6898858547210693,446.53521728515625,446.3265380859375,0.0003,0.0003,0.1
,,,,,200999,5186.8193,1000,,,,,,,,
,,,,,201000,,,-448.7384338378906,-4.191559791564941,1.7171752452850342,447.5712890625,447.3753967285156,0.0003,0.0003,0.1
,,,,,201999,5200.826,1000,,,,,,,,
,,,,,202000,,,-450.04180908203125,-4.093659400939941,2.497035503387451,448.5989685058594,448.68609619140625,0.0003,0.0003,0.1
,,,,,202999,5253.59,1000,,,,,,,,
,,,,,203000,,,-450.7318420410156,-4.007044315338135,1.7588945627212524,449.545166015625,449.56640625,0.0003,0.0003,0.1
,,,,,203999,5242.767,1000,,,,,,,,
,,,,,204000,,,-445.5724792480469,-3.9148569107055664,2.7527992725372314,444.16119384765625,444.04217529296875,0.0003,0.0003,0.1
,,,,,204999,5325.497,1000,,,,,,,,
5260.4204,62.328552,5364.55,5159.8286,1000.0,205000,,,-455.8133239746094,-4.157690048217773,1.9962395429611206,454.48895263671875,454.627685546875,0.0003,0.0003,0.1
,,,,,205999,5251.811,1000,,,,,,,,
,,,,,206000,,,-455.8768615722656,-3.823484420776367,2.248659610748291,454.8243408203125,454.5964660644531,0.0003,0.0003,0.1
,,,,,206999,5306.391,1000,,,,,,,,
,,,,,207000,,,-462.8784484863281,-3.931379556655884,3.158348798751831,461.77288818359375,461.69390869140625,0.0003,0.0003,0.1
,,,,,207999,5340.454,1000,,,,,,,,
,,,,,208000,,,-460.6564636230469,-5.317901611328125,2.887157440185547,459.41424560546875,459.124267578125,0.0003,0.0003,0.1
,,,,,208999,5361.433,1000,,,,,,,,
,,,,,209000,,,-461.1447448730469,-4.383200645446777,4.144806861877441,459.62744140625,459.4352111816406,0.0003,0.0003,0.1
,,,,,209999,5195.0747,1000,,,,,,,,
5016.6772,1070.7213,5460.7817,1808.9493,1000.0,210000,,,-466.0915222167969,-4.267741680145264,2.192737102508545,464.9336242675781,464.9242858886719,0.0003,0.0003,0.1
,,,,,210999,5341.207,1000,,,,,,,,
,,,,,211000,,,-463.3677978515625,-4.258445739746094,2.1621170043945312,462.002197265625,462.2032775878906,0.0003,0.0003,0.1
,,,,,211999,5423.651,1000,,,,,,,,
,,,,,212000,,,-458.9204406738281,-4.3315229415893555,2.1051344871520996,457.6516418457031,457.5027160644531,0.0003,0.0003,0.1
,,,,,212999,5384.04,1000,,,,,,,,
,,,,,213000,,,-467.3733215332031,-4.147193908691406,1.5937153100967407,466.0864562988281,466.1992492675781,0.0003,0.0003,0.1
,,,,,213999,5290.6445,1000,,,,,,,,
,,,,,214000,,,-473.2074890136719,-4.215489864349365,1.336177110671997,472.0146789550781,472.15997314453125,0.0003,0.0003,0.1
,,,,,214999,5454.7686,1000,,,,,,,,
5345.71,46.455467,5411.0586,5285.8203,1000.0,215000,,,-468.71917724609375,-4.792954921722412,1.7370800971984863,467.43072509765625,467.405029296875,0.0003,0.0003,0.1
,,,,,215999,5431.1475,1000,,,,,,,,
,,,,,216000,,,-471.542236328125,-4.373987197875977,1.4875829219818115,470.350341796875,470.3203125,0.0003,0.0003,0.1
,,,,,216999,5410.9473,1000,,,,,,,,
,,,,,217000,,,-465.3493347167969,-4.656757831573486,2.5407018661499023,464.19342041015625,464.1593017578125,0.0003,0.0003,0.1
,,,,,217999,4524.5293,1000,,,,,,,,
,,,,,218000,,,-472.4512634277344,-4.599319934844971,1.5722099542617798,471.23992919921875,471.1662902832031,0.0003,0.0003,0.1
,,,,,218999,5545.309,1000,,,,,,,,
,,,,,219000,,,-474.4054870605469,-4.226662635803223,2.159038543701172,473.2921142578125,473.0458679199219,0.0003,0.0003,0.1
,,,,,219999,5430.8247,1000,,,,,,,,
5282.9683,200.03549,5471.9995,4802.4673,1000.0,220000,,,-471.7685546875,-4.183806419372559,1.927578091621399,470.6833190917969,470.6558837890625,0.0003,0.0003,0.1
,,,,,220999,5139.619,1000,,,,,,,,
,,,,,221000,,,-467.7522888183594,-4.186485767364502,2.2770564556121826,466.6649475097656,466.49310302734375,0.0003,0.0003,0.1
,,,,,221999,5495.2334,1000,,,,,,,,
,,,,,222000,,,-478.40704345703125,-4.477550029754639,2.63421368598938,477.4373474121094,477.6392822265625,0.0003,0.0003,0.1
,,,,,222999,5474.4497,1000,,,,,,,,
,,,,,223000,,,-482.8275146484375,-4.254518508911133,1.737404227256775,481.93438720703125,482.1145324707031,0.0003,0.0003,0.1
,,,,,223999,5412.104,1000,,,,,,,,
,,,,,224000,,,-471.313720703125,-4.0769219398498535,2.142688035964966,469.8180847167969,469.9841003417969,0.0003,0.0003,0.1
,,,,,224999,5583.9517,1000,,,,,,,,
5190.8047,788.12604,5544.183,2837.3953,1000.0,225000,,,-475.2123107910156,-4.065713882446289,1.770655870437622,474.0054931640625,474.0752868652344,0.0003,0.0003,0.1
,,,,,225999,5471.4688,1000,,,,,,,,
,,,,,226000,,,-481.094970703125,-3.759899377822876,2.298971176147461,479.7449645996094,479.8478698730469,0.0003,0.0003,0.1
,,,,,226999,5623.65,1000,,,,,,,,
,,,,,227000,,,-477.7400817871094,-4.344690799713135,1.4567793607711792,476.7893371582031,476.6727294921875,0.0003,0.0003,0.1
,,,,,227999,5551.7207,1000,,,,,,,,
,,,,,228000,,,-477.6881408691406,-4.41133451461792,2.4215612411499023,476.577880859375,476.555419921875,0.0003,0.0003,0.1
,,,,,228999,5672.416,1000,,,,,,,,
,,,,,229000,,,-485.3263244628906,-4.795382976531982,1.8679252862930298,484.0592346191406,483.97662353515625,0.0003,0.0003,0.1
,,,,,229999,5627.95,1000,,,,,,,,
5581.348,53.88935,5670.635,5470.543,1000.0,230000,,,-476.9564208984375,-4.3803911209106445,2.8531222343444824,475.53240966796875,475.3838195800781,0.0003,0.0003,0.1
,,,,,230999,5755.477,1000,,,,,,,,
,,,,,231000,,,-487.0545959472656,-4.23078727722168,2.0949490070343018,485.7930908203125,485.6298522949219,0.0003,0.0003,0.1
,,,,,231999,5463.678,1000,,,,,,,,
,,,,,232000,,,-488.96063232421875,-4.579645156860352,1.821729302406311,487.4978332519531,487.59002685546875,0.0003,0.0003,0.1
,,,,,232999,5618.0107,1000,,,,,,,,
,,,,,233000,,,-478.9106750488281,-4.333308219909668,1.6122455596923828,477.4938659667969,477.25689697265625,0.0003,0.0003,0.1
,,,,,233999,5701.716,1000,,,,,,,,
,,,,,234000,,,-492.8177490234375,-4.444108009338379,2.0412485599517822,491.5042724609375,491.69140625,0.0003,0.0003,0.1
,,,,,234999,5604.82,1000,,,,,,,,
5199.3545,821.81604,5754.036,2824.262,1000.0,235000,,,-485.3520812988281,-4.464794158935547,2.646446704864502,484.068115234375,484.29095458984375,0.0003,0.0003,0.1
,,,,,235999,5601.9336,1000,,,,,,,,
,,,,,236000,,,-489.8440856933594,-5.280556678771973,2.1149182319641113,488.5919494628906,488.3660888671875,0.0003,0.0003,0.1
,,,,,236999,5833.728,1000,,,,,,,,
,,,,,237000,,,-496.757080078125,-4.729607582092285,2.0747649669647217,495.44073486328125,495.379638671875,0.0003,0.0003,0.1
,,,,,237999,5604.9624,1000,,,,,,,,
,,,,,238000,,,-495.718017578125,-4.863664150238037,5.4496917724609375,494.4879455566406,494.2159118652344,0.0003,0.0003,0.1
,,,,,238999,5694.577,1000,,,,,,,,
,,,,,239000,,,-490.635009765625,-4.583340644836426,2.1829516887664795,488.76361083984375,488.9142150878906,0.0003,0.0003,0.1
,,,,,239999,5561.8994,1000,,,,,,,,
5814.0996,130.42212,5929.968,5515.027,1000.0,240000,,,-490.38299560546875,-4.957302570343018,2.6125011444091797,489.1688537597656,488.9300537109375,0.0003,0.0003,0.1
,,,,,240999,5558.921,1000,,,,,,,,
,,,,,241000,,,-502.716064453125,-4.568742275238037,2.34304141998291,501.49951171875,501.3853759765625,0.0003,0.0003,0.1
,,,,,241999,5757.6787,1000,,,,,,,,
,,,,,242000,,,-503.4310302734375,-4.711907863616943,2.06516695022583,501.8882751464844,502.0765380859375,0.0003,0.0003,0.1
,,,,,242999,5660.3774,1000,,,,,,,,
,,,,,243000,,,-505.5440368652344,-4.961702823638916,2.073326826095581,504.42486572265625,504.4737548828125,0.0003,0.0003,0.1
,,,,,243999,5695.0337,1000,,,,,,,,
,,,,,244000,,,-501.5489807128906,-5.084486961364746,3.0409770011901855,499.43255615234375,499.7643127441406,0.0003,0.0003,0.1
,,,,,244999,5587.4053,1000,,,,,,,,
5485.5786,932.87897,5912.896,2700.2573,1000.0,245000,,,-499.7900085449219,-4.924349308013916,2.1251919269561768,498.5298767089844,498.7868957519531,0.0003,0.0003,0.1
,,,,,245999,5852.605,1000,,,,,,,,
,,,,,246000,,,-506.65509033203125,-4.9794135093688965,2.181605815887451,505.070068359375,505.1701965332031,0.0003,0.0003,0.1
,,,,,246999,2798.0068,1000,,,,,,,,
,,,,,247000,,,-509.25067138671875,-4.36469030380249,1.762866735458374,507.95465087890625,507.7632751464844,0.0003,0.0003,0.1
,,,,,247999,5846.14,1000,,,,,,,,
,,,,,248000,,,-503.8763427734375,-4.494171142578125,2.648432731628418,502.49884033203125,502.390625,0.0003,0.0003,0.1
,,,,,248999,5802.0137,1000,,,,,,,,
,,,,,249000,,,-505.3438415527344,-4.3009796142578125,2.0886292457580566,504.1507263183594,504.03338623046875,0.0003,0.0003,0.1
,,,,,249999,5822.8774,1000,,,,,,,,
5339.152,1551.2087,5930.3936,687.3593,1000.0,250000,,,-505.0937194824219,-4.074856281280518,2.590195655822754,503.47064208984375,503.51544189453125,0.0003,0.0003,0.1
,,,,,250999,5845.072,1000,,,,,,,,
,,,,,251000,,,-497.5748291015625,-4.763824462890625,1.8641210794448853,496.4002685546875,496.3725891113281,0.0003,0.0003,0.1
,,,,,251999,5609.4478,1000,,,,,,,,
,,,,,252000,,,-506.0113830566406,-4.423421859741211,2.2980291843414307,505.0003356933594,504.733642578125,0.0003,0.0003,0.1
,,,,,252999,5923.461,1000,,,,,,,,
,,,,,253000,,,-510.94384765625,-4.728004455566406,2.305079936981201,509.5948181152344,509.7357177734375,0.0003,0.0003,0.1
,,,,,253999,5797.695,1000,,,,,,,,
,,,,,254000,,,-508.2973937988281,-4.832548141479492,2.4203543663024902,506.9483337402344,506.87457275390625,0.0003,0.0003,0.1
,,,,,254999,5934.521,1000,,,,,,,,
5638.55,925.1927,6108.669,2893.8293,1000.0,255000,,,-506.7220764160156,-4.669127464294434,3.201122283935547,505.2731628417969,505.26043701171875,0.0003,0.0003,0.1
,,,,,255999,5926.509,1000,,,,,,,,
,,,,,256000,,,-521.0189208984375,-5.1019511222839355,2.887972831726074,519.8087158203125,519.5094604492188,0.0003,0.0003,0.1
,,,,,256999,5940.2554,1000,,,,,,,,
,,,,,257000,,,-508.8741149902344,-5.0160346031188965,3.0084519386291504,507.55108642578125,507.3320007324219,0.0003,0.0003,0.1
,,,,,257999,6017.508,1000,,,,,,,,
,,,,,258000,,,-516.8502197265625,-5.183540344238281,1.918578028678894,515.6719360351562,515.8015747070312,0.0003,0.0003,0.1
,,,,,258999,6014.588,1000,,,,,,,,
,,,,,259000,,,-517.51513671875,-5.047202110290527,2.823927164077759,515.9755859375,516.1895751953125,0.0003,0.0003,0.1
,,,,,259999,3528.0623,1000,,,,,,,,
5359.055,1850.5366,6089.606,-180.77081,1000.0,260000,,,-517.4783935546875,-5.275801181793213,3.225313663482666,515.7129516601562,515.9142456054688,0.0003,0.0003,0.1
,,,,,260999,5967.748,1000,,,,,,,,
,,,,,261000,,,-514.0365600585938,-4.599633693695068,3.3048653602600098,512.6348876953125,512.7036743164062,0.0003,0.0003,0.1
,,,,,261999,6002.275,1000,,,,,,,,
,,,,,262000,,,-513.4786987304688,-4.684957027435303,3.812343120574951,512.1792602539062,512.0880126953125,0.0003,0.0003,0.1
,,,,,262999,5897.9165,1000,,,,,,,,
,,,,,263000,,,-520.5962524414062,-4.525673866271973,2.738999605178833,519.0245971679688,518.8097534179688,0.0003,0.0003,0.1
,,,,,263999,6126.452,1000,,,,,,,,
,,,,,264000,,,-518.1990966796875,-5.258750915527344,3.3167059421539307,516.9189453125,516.9921875,0.0003,0.0003,0.1
,,,,,264999,5922.839,1000,,,,,,,,
5252.6416,1757.781,5882.2275,-19.487858,1000.0,265000,,,-520.082275390625,-4.582316875457764,3.387848138809204,518.6497802734375,518.719970703125,0.0003,0.0003,0.1
,,,,,265999,6032.9736,1000,,,,,,,,
,,,,,266000,,,-523.7254638671875,-4.79160737991333,1.9738438129425049,522.4065551757812,522.4293212890625,0.0003,0.0003,0.1
,,,,,266999,5990.125,1000,,,,,,,,
,,,,,267000,,,-517.2591552734375,-4.87141752243042,3.441213369369507,516.2152709960938,516.1116333007812,0.0003,0.0003,0.1
,,,,,267999,5934.6675,1000,,,,,,,,
,,,,,268000,,,-514.4966430664062,-5.196183204650879,2.214662790298462,512.8016967773438,512.8641967773438,0.0003,0.0003,0.1
,,,,,268999,6033.8247,1000,,,,,,,,
,,,,,269000,,,-528.2652587890625,-4.920644760131836,4.3507585525512695,526.8347778320312,526.7777099609375,0.0003,0.0003,0.1
,,,,,269999,6127.2104,1000,,,,,,,,
6033.77,94.71423,6148.0947,5836.202,1000.0,270000,,,-531.2083129882812,-4.372372150421143,2.185676097869873,529.7927856445312,530.01513671875,0.0003,0.0003,0.1
,,,,,270999,6047.4575,1000,,,,,,,,
,,,,,271000,,,-524.4838256835938,-4.540194988250732,3.1870646476745605,523.5,523.205322265625,0.0003,0.0003,0.1
,,,,,271999,5793.0747,1000,,,,,,,,
,,,,,272000,,,-528.2743530273438,-4.952860355377197,5.77640438079834,526.658203125,526.9397583007812,0.0003,0.0003,0.1
,,,,,272999,6096.795,1000,,,,,,,,
,,,,,273000,,,-529.93115234375,-4.917151927947998,2.750195264816284,528.61572265625,528.6771850585938,0.0003,0.0003,0.1
,,,,,273999,6190.804,1000,,,,,,,,
,,,,,274000,,,-528.2446899414062,-5.107765197753906,2.6733548641204834,527.2003784179688,527.26171875,0.0003,0.0003,0.1
,,,,,274999,6156.4565,1000,,,,,,,,
6039.386,187.54114,6203.153,5500.5996,1000.0,275000,,,-534.4593505859375,-5.049358367919922,3.4865264892578125,533.0677490234375,532.9549560546875,0.0003,0.0003,0.1
,,,,,275999,6251.792,1000,,,,,,,,
,,,,,276000,,,-531.7550048828125,-5.3591766357421875,4.213535785675049,530.39697265625,530.5752563476562,0.0003,0.0003,0.1
,,,,,276999,5784.9653,1000,,,,,,,,
,,,,,277000,,,-534.4417724609375,-5.089299201965332,3.628211736679077,532.8389282226562,532.97900390625,0.0003,0.0003,0.1
,,,,,277999,6187.3164,1000,,,,,,,,
,,,,,278000,,,-536.7252197265625,-5.425220489501953,2.7087972164154053,534.8693237304688,535.079345703125,0.0003,0.0003,0.1
,,,,,278999,59.735218,1000,,,,,,,,
,,,,,279000,,,-543.6550903320312,-5.180569648742676,4.505298137664795,542.2050170898438,542.3201904296875,0.0003,0.0003,0.1
,,,,,279999,6286.3755,1000,,,,,,,,
6173.9844,87.47078,6273.89,6008.4756,1000.0,280000,,,-534.3773193359375,-4.929681301116943,2.1220579147338867,532.8857421875,532.9746704101562,0.0003,0.0003,0.1
,,,,,280999,6205.6943,1000,,,,,,,,
,,,,,281000,,,-544.9790649414062,-4.157596588134766,2.365161657333374,543.7426147460938,543.8406372070312,0.0003,0.0003,0.1
,,,,,281999,6170.1055,1000,,,,,,,,
,,,,,282000,,,-538.4443969726562,-4.9443182945251465,2.7369937896728516,537.2592163085938,537.650390625,0.0003,0.0003,0.1
,,,,,282999,6222.193,1000,,,,,,,,
,,,,,283000,,,-537.8549194335938,-4.560816764831543,2.5035550594329834,536.5266723632812,536.4784545898438,0.0003,0.0003,0.1
,,,,,283999,6307.376,1000,,,,,,,,
,,,,,284000,,,-535.6967163085938,-5.23396635055542,3.767793893814087,533.926025390625,533.608642578125,0.0003,0.0003,0.1
,,,,,284999,6312.509,1000,,,,,,,,
5158.247,1218.7728,6172.492,2286.2224,1000.0,285000,,,-539.9501953125,-5.313903331756592,4.58411169052124,538.2709350585938,538.4761962890625,0.0003,0.0003,0.1
,,,,,285999,6154.455,1000,,,,,,,,
,,,,,286000,,,-538.03369140625,-4.849086284637451,3.2741501331329346,536.930908203125,536.52685546875,0.0003,0.0003,0.1
,,,,,286999,6069.3354,1000,,,,,,,,
,,,,,287000,,,-545.126708984375,-5.000621318817139,2.7443857192993164,543.6204833984375,543.2703857421875,0.0003,0.0003,0.1
,,,,,287999,6032.8936,1000,,,,,,,,
,,,,,288000,,,-539.899658203125,-4.612432479858398,4.754209518432617,538.346435546875,538.2192993164062,0.0003,0.0003,0.1
,,,,,288999,6280.1953,1000,,,,,,,,
,,,,,289000,,,-541.9260864257812,-5.007153034210205,3.448981761932373,540.3944702148438,540.8270263671875,0.0003,0.0003,0.1
,,,,,289999,6340.2764,1000,,,,,,,,
5155.321,2319.8464,6465.752,209.46031,1000.0,290000,,,-546.6099853515625,-4.800942897796631,2.576162099838257,544.9911499023438,545.1322021484375,0.0003,0.0003,0.1
,,,,,290999,6244.392,1000,,,,,,,,
,,,,,291000,,,-539.9185791015625,-4.9826507568359375,2.6854910850524902,538.35595703125,538.50634765625,0.0003,0.0003,0.1
,,,,,291999,6352.962,1000,,,,,,,,
,,,,,292000,,,-547.4697265625,-4.49218225479126,5.227683067321777,546.0374755859375,546.2677612304688,0.0003,0.0003,0.1
,,,,,292999,6346.1377,1000,,,,,,,,
,,,,,293000,,,-551.3280029296875,-5.238473892211914,5.163774490356445,549.6268310546875,550.0226440429688,0.0003,0.0003,0.1
,,,,,293999,6351.806,1000,,,,,,,,
,,,,,294000,,,-538.5518188476562,-5.448760509490967,5.03078556060791,537.1135864257812,537.0946655273438,0.0003,0.0003,0.1
,,,,,294999,6358.9556,1000,,,,,,,,
6345.7754,63.22305,6408.3765,6170.9077,1000.0,295000,,,-553.46337890625,-5.138914108276367,2.972428798675537,551.9322509765625,552.0028076171875,0.0003,0.0003,0.1
,,,,,295999,6370.988,1000,,,,,,,,
,,,,,296000,,,-563.0789184570312,-4.840020179748535,3.377580404281616,561.7684936523438,561.545166015625,0.0003,0.0003,0.1
,,,,,296999,5407.1733,1000,,,,,,,,
,,,,,297000,,,-565.9315185546875,-5.404219150543213,3.1991658210754395,564.726318359375,564.1500244140625,0.0003,0.0003,0.1
,,,,,297999,6350.564,1000,,,,,,,,
,,,,,298000,,,-553.8831787109375,-4.87375545501709,2.8398709297180176,552.3606567382812,552.5819702148438,0.0003,0.0003,0.1
,,,,,298999,6246.473,1000,,,,,,,,
,,,,,299000,,,-562.920654296875,-5.304385662078857,3.6323914527893066,561.2222290039062,561.2728271484375,0.0003,0.0003,0.1
,,,,,299999,6391.797,1000,,,,,,,,
6390.659,74.72699,6490.495,6195.4263,1000.0,300000,,,-560.7940063476562,-5.148375511169434,2.7379605770111084,559.350341796875,559.07421875,0.0003,0.0003,0.1
,,,,,300999,6381.9624,1000,,,,,,,,
,,,,,301000,,,-551.25390625,-5.49725866317749,3.0363378524780273,549.6453857421875,549.64013671875,0.0003,0.0003,0.1
,,,,,301999,6321.126,1000,,,,,,,,
,,,,,302000,,,-556.5725708007812,-4.592563629150391,2.618896007537842,555.1797485351562,555.123779296875,0.0003,0.0003,0.1
,,,,,302999,6420.965,1000,,,,,,,,
,,,,,303000,,,-567.2352905273438,-4.947669982910156,3.0622096061706543,566.039794921875,565.8411254882812,0.0003,0.0003,0.1
,,,,,303999,6414.8486,1000,,,,,,,,
,,,,,304000,,,-566.7495727539062,-5.432275295257568,2.47680401802063,564.9864501953125,565.1549072265625,0.0003,0.0003,0.1
,,,,,304999,6441.3257,1000,,,,,,,,
6468.313,41.946198,6544.3813,6405.1826,1000.0,305000,,,-553.3416748046875,-5.313397407531738,5.163383483886719,551.74365234375,551.76220703125,0.0003,0.0003,0.1
,,,,,305999,6585.5664,1000,,,,,,,,
,,,,,306000,,,-562.4776611328125,-5.813027858734131,2.8385372161865234,560.6118774414062,560.8265991210938,0.0003,0.0003,0.1
,,,,,306999,6508.559,1000,,,,,,,,
,,,,,307000,,,-562.05712890625,-4.858959674835205,4.067736625671387,560.4234619140625,560.6048583984375,0.0003,0.0003,0.1
,,,,,307999,6542.443,1000,,,,,,,,
,,,,,308000,,,-567.2984619140625,-5.462912559509277,3.6090593338012695,565.71044921875,565.5367431640625,0.0003,0.0003,0.1
,,,,,308999,6372.1772,1000,,,,,,,,
,,,,,309000,,,-573.9497680664062,-4.898477554321289,5.084878921508789,572.8314208984375,572.8876953125,0.0003,0.0003,0.1
,,,,,309999,3053.1562,1000,,,,,,,,
6494.909,56.725945,6610.7964,6408.672,1000.0,310000,,,-570.8857421875,-4.734692573547363,2.934267044067383,569.5543212890625,569.4615478515625,0.0003,0.0003,0.1
,,,,,310999,6607.164,1000,,,,,,,,
,,,,,311000,,,-563.7156982421875,-4.949911594390869,2.898529052734375,562.2910766601562,562.3182983398438,0.0003,0.0003,0.1
,,,,,311999,6573.44,1000,,,,,,,,
,,,,,312000,,,-555.6004638671875,-5.248787879943848,3.8851122856140137,554.0386962890625,554.0863647460938,0.0003,0.0003,0.1
,,,,,312999,6336.7666,1000,,,,,,,,
,,,,,313000,,,-571.91943359375,-4.9484333992004395,3.063777208328247,570.55224609375,570.6365966796875,0.0003,0.0003,0.1
,,,,,313999,6540.1396,1000,,,,,,,,
,,,,,314000,,,-567.3792724609375,-5.29840612411499,2.369074821472168,566.177978515625,566.21240234375,0.0003,0.0003,0.1
,,,,,314999,6530.985,1000,,,,,,,,
6506.9287,29.914074,6573.7354,6469.247,1000.0,315000,,,-567.0656127929688,-4.921586990356445,2.861142635345459,565.6351318359375,565.6640014648438,0.0003,0.0003,0.1
,,,,,315999,6535.7246,1000,,,,,,,,
,,,,,316000,,,-569.9323120117188,-4.809380531311035,4.349982261657715,568.1161499023438,567.808349609375,0.0003,0.0003,0.1
,,,,,316999,6536.3413,1000,,,,,,,,
,,,,,317000,,,-572.8329467773438,-5.031418800354004,2.7566287517547607,571.6051025390625,571.4867553710938,0.0003,0.0003,0.1
,,,,,317999,6547.3115,1000,,,,,,,,
,,,,,318000,,,-575.598388671875,-5.789244651794434,4.2783942222595215,573.785888671875,574.0,0.0003,0.0003,0.1
,,,,,318999,6594.1597,1000,,,,,,,,
,,,,,319000,,,-575.2605590820312,-5.106595516204834,3.268958568572998,573.5987548828125,573.5540771484375,0.0003,0.0003,0.1
,,,,,319999,6661.176,1000,,,,,,,,
6585.5713,62.854786,6676.3184,6439.5215,1000.0,320000,,,-578.1238403320312,-5.784030437469482,5.708395957946777,576.4205932617188,576.7393798828125,0.0003,0.0003,0.1
,,,,,320999,6547.7544,1000,,,,,,,,
,,,,,321000,,,-576.3228149414062,-5.315071105957031,2.9554450511932373,574.585693359375,574.7080688476562,0.0003,0.0003,0.1
,,,,,321999,6713.1953,1000,,,,,,,,
,,,,,322000,,,-582.1380615234375,-5.4783759117126465,3.3873393535614014,580.49658203125,580.7575073242188,0.0003,0.0003,0.1
,,,,,322999,6575.627,1000,,,,,,,,
,,,,,323000,,,-576.0469970703125,-5.7068071365356445,3.8527750968933105,574.653564453125,574.3740844726562,0.0003,0.0003,0.1
,,,,,323999,6548.819,1000,,,,,,,,
,,,,,324000,,,-581.8802490234375,-4.894540309906006,3.6948046684265137,580.72216796875,580.3938598632812,0.0003,0.0003,0.1
,,,,,324999,6721.233,1000,,,,,,,,
6654.539,104.35625,6758.5757,6375.0527,1000.0,325000,,,-584.2018432617188,-5.477417469024658,3.0337905883789062,582.5147094726562,582.6626586914062,0.0003,0.0003,0.1
,,,,,325999,6602.0796,1000,,,,,,,,
,,,,,326000,,,-584.0062255859375,-5.168578624725342,3.0264787673950195,582.5572509765625,582.5926513671875,0.0003,0.0003,0.1
,,,,,326999,6683.293,1000,,,,,,,,
,,,,,327000,,,-584.8990478515625,-4.806460380554199,3.5107192993164062,583.3738403320312,583.6810302734375,0.0003,0.0003,0.1
,,,,,327999,6658.4,1000,,,,,,,,
,,,,,328000,,,-590.6279296875,-5.32588529586792,2.904797315597534,588.9573974609375,589.0751342773438,0.0003,0.0003,0.1
,,,,,328999,6661.11,1000,,,,,,,,
,,,,,329000,,,-590.6300659179688,-5.289085865020752,3.1322360038757324,588.7298583984375,588.4208374023438,0.0003,0.0003,0.1
,,,,,329999,1764.3031,1000,,,,,,,,
6475.9844,42.70723,6551.889,6403.364,1000.0,330000,,,-585.8707885742188,-5.421468257904053,3.505251884460449,584.3165283203125,584.1497802734375,0.0003,0.0003,0.1
,,,,,330999,6773.593,1000,,,,,,,,
,,,,,331000,,,-587.03564453125,-5.365259647369385,4.084712028503418,585.537109375,585.6972045898438,0.0003,0.0003,0.1
,,,,,331999,6666.9375,1000,,,,,,,,
,,,,,332000,,,-588.4599609375,-5.245150566101074,3.743344306945801,587.0546264648438,586.6807861328125,0.0003,0.0003,0.1
,,,,,332999,6745.6196,1000,,,,,,,,
,,,,,333000,,,-592.8386840820312,-5.642732620239258,3.2030038833618164,591.4089965820312,591.5035400390625,0.0003,0.0003,0.1
,,,,,333999,6680.4077,1000,,,,,,,,
,,,,,334000,,,-587.7605590820312,-5.306313514709473,3.9106605052948,586.1360473632812,586.014892578125,0.0003,0.0003,0.1
,,,,,334999,6661.028,1000,,,,,,,,
6737.501,60.51945,6826.2437,6602.042,1000.0,335000,,,-598.4253540039062,-5.594334602355957,2.6878464221954346,596.9146118164062,596.9429931640625,0.0003,0.0003,0.1
,,,,,335999,6662.219,1000,,,,,,,,
,,,,,336000,,,-594.9197387695312,-5.4887919425964355,3.953094959259033,593.7867431640625,593.24560546875,0.0003,0.0003,0.1
,,,,,336999,6850.748,1000,,,,,,,,
,,,,,337000,,,-592.0778198242188,-5.182557582855225,4.004477024078369,590.568359375,590.731689453125,0.0003,0.0003,0.1
,,,,,337999,6486.1777,1000,,,,,,,,
,,,,,338000,,,-586.6629638671875,-5.851418972015381,7.135341644287109,585.625244140625,585.4365844726562,0.0003,0.0003,0.1
,,,,,338999,6638.8374,1000,,,,,,,,
,,,,,339000,,,-591.4002075195312,-4.993454933166504,3.4370529651641846,589.5857543945312,590.0791015625,0.0003,0.0003,0.1
,,,,,339999,6743.93,1000,,,,,,,,
6648.7217,59.237022,6727.8477,6531.63,1000.0,340000,,,-589.7874755859375,-5.626298427581787,3.563384532928467,588.3179931640625,588.2970581054688,0.0003,0.0003,0.1
,,,,,340999,6565.5522,1000,,,,,,,,
,,,,,341000,,,-597.6426391601562,-5.2579498291015625,4.515594482421875,596.2369384765625,596.263671875,0.0003,0.0003,0.1
,,,,,341999,6767.062,1000,,,,,,,,
,,,,,342000,,,-599.709228515625,-5.39254903793335,2.7897510528564453,598.0,598.1896362304688,0.0003,0.0003,0.1
,,,,,342999,6534.452,1000,,,,,,,,
,,,,,343000,,,-604.3035888671875,-4.8621063232421875,4.0444655418396,603.0641479492188,603.2283325195312,0.0003,0.0003,0.1
,,,,,343999,6749.5493,1000,,,,,,,,
,,,,,344000,,,-597.39501953125,-5.935267448425293,5.072565078735352,595.7216796875,595.657958984375,0.0003,0.0003,0.1
,,,,,344999,6814.546,1000,,,,,,,,
6765.643,104.657196,6911.7505,6535.3184,1000.0,345000,,,-606.2451171875,-5.6963276863098145,2.946767807006836,605.0626220703125,605.212646484375,0.0003,0.0003,0.1
,,,,,345999,6792.299,1000,,,,,,,,
,,,,,346000,,,-598.8389282226562,-5.699076175689697,5.352761745452881,597.3546142578125,597.4923095703125,0.0003,0.0003,0.1
,,,,,346999,6795.0176,1000,,,,,,,,
,,,,,347000,,,-609.4242553710938,-5.123800277709961,2.8186709880828857,608.1493530273438,608.1388549804688,0.0003,0.0003,0.1
,,,,,347999,6905.5146,1000,,,,,,,,
,,,,,348000,,,-600.030029296875,-5.326916694641113,4.667877674102783,597.672119140625,598.1986083984375,0.0003,0.0003,0.1
,,,,,348999,6770.741,1000,,,,,,,,
,,,,,349000,,,-606.9169311523438,-5.308842182159424,2.317595958709717,604.7696533203125,604.944580078125,0.0003,0.0003,0.1
,,,,,349999,6932.155,1000,,,,,,,,
6523.1235,782.6858,6872.1016,4181.035,1000.0,350000,,,-596.5025634765625,-5.643827438354492,2.329472064971924,594.8014526367188,594.8004760742188,0.0003,0.0003,0.1
,,,,,350999,6556.5024,1000,,,,,,,,
,,,,,351000,,,-602.3615112304688,-5.833139896392822,4.305550575256348,600.56005859375,600.260009765625,0.0003,0.0003,0.1
,,,,,351999,6828.767,1000,,,,,,,,
,,,,,352000,,,-607.5721435546875,-5.694405555725098,3.900909423828125,605.3263549804688,605.2443237304688,0.0003,0.0003,0.1
,,,,,352999,6837.1465,1000,,,,,,,,
,,,,,353000,,,-607.2166748046875,-5.553759574890137,4.185147285461426,605.4100341796875,605.3491821289062,0.0003,0.0003,0.1
,,,,,353999,6859.2046,1000,,,,,,,,
,,,,,354000,,,-614.9456176757812,-5.31589412689209,3.3053760528564453,612.9171752929688,612.90625,0.0003,0.0003,0.1
,,,,,354999,6789.0005,1000,,,,,,,,
6593.689,624.9244,6907.364,4727.768,1000.0,355000,,,-610.9103393554688,-5.083826541900635,2.799075126647949,609.21630859375,609.2376708984375,0.0003,0.0003,0.1
,,,,,355999,6880.413,1000,,,,,,,,
,,,,,356000,,,-607.9378662109375,-5.216368198394775,4.138938903808594,606.5492553710938,606.4561157226562,0.0003,0.0003,0.1
,,,,,356999,6926.648,1000,,,,,,,,
,,,,,357000,,,-615.4283447265625,-5.434994220733643,2.8777525424957275,613.8370971679688,613.620849609375,0.0003,0.0003,0.1
,,,,,357999,6907.3306,1000,,,,,,,,
,,,,,358000,,,-610.4303588867188,-5.372288703918457,3.047454833984375,608.6419677734375,608.7859497070312,0.0003,0.0003,0.1
,,,,,358999,6848.1606,1000,,,,,,,,
,,,,,359000,,,-612.4652709960938,-5.179290771484375,4.379352569580078,610.8488159179688,610.7621459960938,0.0003,0.0003,0.1
,,,,,359999,6958.1147,1000,,,,,,,,
7001.47,80.57625,7094.7827,6838.4565,1000.0,360000,,,-612.3029174804688,-5.424771308898926,3.9461405277252197,610.6347045898438,610.699951171875,0.0003,0.0003,0.1
,,,,,360999,6957.8433,1000,,,,,,,,
,,,,,361000,,,-618.1307983398438,-5.396169662475586,4.279028415679932,616.6146850585938,616.7503051757812,0.0003,0.0003,0.1
,,,,,361999,6924.9004,1000,,,,,,,,
,,,,,362000,,,-611.425048828125,-5.7376813888549805,3.8214778900146484,609.8125,609.59375,0.0003,0.0003,0.1
,,,,,362999,6913.9365,1000,,,,,,,,
,,,,,363000,,,-619.2471313476562,-5.489340305328369,3.651380777359009,617.6705322265625,618.017333984375,0.0003,0.0003,0.1
,,,,,363999,6997.302,1000,,,,,,,,
,,,,,364000,,,-617.7509765625,-5.45045804977417,2.6639060974121094,616.03759765625,616.162109375,0.0003,0.0003,0.1
,,,,,364999,7020.5083,1000,,,,,,,,
7050.4385,57.846935,7131.337,6930.608,1000.0,365000,,,-619.2946166992188,-5.534754276275635,2.9724225997924805,617.7843627929688,617.6787719726562,0.0003,0.0003,0.1
,,,,,365999,7056.0938,1000,,,,,,,,
,,,,,366000,,,-623.6005249023438,-5.4519548416137695,3.3303253650665283,621.694580078125,622.0721435546875,0.0003,0.0003,0.1
,,,,,366999,7034.55,1000,,,,,,,,
,,,,,367000,,,-622.2533569335938,-5.636650562286377,3.4809341430664062,620.3097534179688,620.8277587890625,0.0003,0.0003,0.1
,,,,,367999,6942.1313,1000,,,,,,,,
,,,,,368000,,,-623.463134765625,-5.815611362457275,3.144167184829712,622.0379638671875,622.128662109375,0.0003,0.0003,0.1
,,,,,368999,6689.719,1000,,,,,,,,
,,,,,369000,,,-621.5787963867188,-5.4735541343688965,4.089681625366211,619.7965698242188,619.332763671875,0.0003,0.0003,0.1
,,,,,369999,6989.4688,1000,,,,,,,,
6544.161,1152.291,6985.2188,3089.5798,1000.0,370000,,,-619.2844848632812,-5.463119029998779,2.902251720428467,617.7861328125,617.7947998046875,0.0003,0.0003,0.1
,,,,,370999,6863.622,1000,,,,,,,,
,,,,,371000,,,-626.0663452148438,-5.8537917137146,3.6212854385375977,624.5203247070312,624.413818359375,0.0003,0.0003,0.1
,,,,,371999,7087.439,1000,,,,,,,,
,,,,,372000,,,-616.35986328125,-5.765171051025391,3.946864366531372,615.0076904296875,614.8846435546875,0.0003,0.0003,0.1
,,,,,372999,6960.739,1000,,,,,,,,
,,,,,373000,,,-622.9400634765625,-5.765642166137695,4.352538108825684,621.0843505859375,620.6382446289062,0.0003,0.0003,0.1
,,,,,373999,7006.0615,1000,,,,,,,,
,,,,,374000,,,-627.1085205078125,-5.471569538116455,3.9653732776641846,625.2041015625,625.306884765625,0.0003,0.0003,0.1
,,,,,374999,6987.972,1000,,,,,,,,
7110.0234,51.07113,7177.2456,6990.715,1000.0,375000,,,-628.7897338867188,-5.725734233856201,3.0532116889953613,627.2077026367188,627.1102905273438,0.0003,0.0003,0.1
,,,,,375999,7028.4805,1000,,,,,,,,
,,,,,376000,,,-631.7002563476562,-6.040928363800049,3.3439579010009766,630.167724609375,630.3095703125,0.0003,0.0003,0.1
,,,,,376999,7032.491,1000,,,,,,,,
,,,,,377000,,,-631.4673461914062,-5.746460914611816,3.330843210220337,629.9783935546875,629.9295654296875,0.0003,0.0003,0.1
,,,,,377999,7099.229,1000,,,,,,,,
,,,,,378000,,,-620.281982421875,-6.054442882537842,2.7620668411254883,618.633544921875,618.82958984375,0.0003,0.0003,0.1
,,,,,378999,7086.561,1000,,,,,,,,
,,,,,379000,,,-625.5859985351562,-5.812363624572754,2.6173083782196045,623.6190795898438,623.792724609375,0.0003,0.0003,0.1
,,,,,379999,7133.851,1000,,,,,,,,
7201.87,78.26711,7333.379,7027.7607,1000.0,380000,,,-633.0991821289062,-5.478841781616211,3.790010690689087,631.4666748046875,631.6206665039062,0.0003,0.0003,0.1
,,,,,380999,7166.523,1000,,,,,,,,
,,,,,381000,,,-627.728271484375,-5.55021333694458,3.7489724159240723,625.7236328125,625.50390625,0.0003,0.0003,0.1
,,,,,381999,5117.206,1000,,,,,,,,
,,,,,382000,,,-628.5579223632812,-5.478053092956543,3.3839681148529053,626.6547241210938,626.6793212890625,0.0003,0.0003,0.1
,,,,,382999,7180.2524,1000,,,,,,,,
,,,,,383000,,,-624.8477783203125,-5.683346748352051,4.5438313484191895,623.1660766601562,622.6611938476562,0.0003,0.0003,0.1
,,,,,383999,7217.3936,1000,,,,,,,,
,,,,,384000,,,-638.124755859375,-5.728764057159424,3.6309895515441895,636.8099365234375,636.573974609375,0.0003,0.0003,0.1
,,,,,384999,7082.3076,1000,,,,,,,,
7091.745,60.172474,7173.0947,6970.876,1000.0,385000,,,-634.517822265625,-5.464733600616455,3.395416259765625,632.8488159179688,632.8366088867188,0.0003,0.0003,0.1
,,,,,385999,3077.857,1000,,,,,,,,
,,,,,386000,,,-634.4579467773438,-5.753172874450684,6.420170783996582,632.69580078125,632.9232788085938,0.0003,0.0003,0.1
,,,,,386999,7180.577,1000,,,,,,,,
,,,,,387000,,,-634.858154296875,-5.5306220054626465,3.5870110988616943,632.87353515625,633.1182861328125,0.0003,0.0003,0.1
,,,,,387999,7135.2036,1000,,,,,,,,
,,,,,388000,,,-634.8821411132812,-5.344812870025635,3.9404444694519043,633.1223754882812,633.27685546875,0.0003,0.0003,0.1
,,,,,388999,7001.5454,1000,,,,,,,,
,,,,,389000,,,-639.9137573242188,-5.666833400726318,4.090063095092773,638.3253173828125,638.43798828125,0.0003,0.0003,0.1
,,,,,389999,7157.669,1000,,,,,,,,
7212.784,60.55017,7290.824,7083.521,1000.0,390000,,,-627.1063842773438,-6.25447416305542,5.0868000984191895,625.4600830078125,625.4419555664062,0.0003,0.0003,0.1
,,,,,390999,7146.4155,1000,,,,,,,,
,,,,,391000,,,-637.902099609375,-5.688775539398193,4.042304039001465,636.208251953125,636.1845703125,0.0003,0.0003,0.1
,,,,,391999,6919.6724,1000,,,,,,,,
,,,,,392000,,,-639.1998901367188,-5.393774032592773,4.018082141876221,637.8905029296875,637.99462890625,0.0003,0.0003,0.1
,,,,,392999,7196.5215,1000,,,,,,,,
,,,,,393000,,,-635.42919921875,-5.728363037109375,5.150071144104004,633.7135009765625,633.7643432617188,0.0003,0.0003,0.1
,,,,,393999,7151.4956,1000,,,,,,,,
,,,,,394000,,,-638.727783203125,-5.255873680114746,2.904909610748291,637.4804077148438,637.5012817382812,0.0003,0.0003,0.1
,,,,,394999,7141.0874,1000,,,,,,,,
7125.2197,46.753117,7209.3364,7047.1577,1000.0,395000,,,-642.3981323242188,-4.91154670715332,3.8109817504882812,640.9655151367188,641.0848999023438,0.0003,0.0003,0.1
,,,,,395999,7165.7227,1000,,,,,,,,
,,,,,396000,,,-634.0690307617188,-5.7365851402282715,4.05520486831665,632.635498046875,632.3348388671875,0.0003,0.0003,0.1
,,,,,396999,7179.7153,1000,,,,,,,,
,,,,,397000,,,-638.215087890625,-6.137442588806152,3.233731269836426,636.2472534179688,636.4554443359375,0.0003,0.0003,0.1
,,,,,397999,7161.9644,1000,,,,,,,,
,,,,,398000,,,-632.9041137695312,-5.921736240386963,5.19305944442749,631.2286987304688,631.4249877929688,0.0003,0.0003,0.1
,,,,,398999,6271.414,1000,,,,,,,,
,,,,,399000,,,-634.6101684570312,-5.659650802612305,3.420806884765625,632.7120361328125,632.6600952148438,0.0003,0.0003,0.1
,,,,,399999,7088.086,1000,,,,,,,,
7222.6235,81.126656,7374.394,7056.7515,1000.0,400000,,,-641.0418701171875,-5.34957218170166,5.075364589691162,639.48291015625,639.491455078125,0.0003,0.0003,0.1
,,,,,400999,7194.3384,1000,,,,,,,,
,,,,,401000,,,-639.5294189453125,-5.910715103149414,3.846214771270752,637.5687255859375,637.8975830078125,0.0003,0.0003,0.1
,,,,,401999,7247.4023,1000,,,,,,,,
,,,,,402000,,,-645.4740600585938,-5.342406272888184,3.6067087650299072,644.018310546875,643.8929443359375,0.0003,0.0003,0.1
,,,,,402999,6956.6064,1000,,,,,,,,
,,,,,403000,,,-644.8788452148438,-5.686614513397217,3.532785177230835,643.4923095703125,643.3843383789062,0.0003,0.0003,0.1
,,,,,403999,7192.77,1000,,,,,,,,
,,,,,404000,,,-645.830322265625,-6.175303936004639,3.9771804809570312,644.3248901367188,643.9496459960938,0.0003,0.0003,0.1
,,,,,404999,7317.99,1000,,,,,,,,
7333.1377,109.557014,7480.4893,7104.2505,1000.0,405000,,,-644.4824829101562,-5.679337501525879,4.4375433921813965,643.087158203125,642.9781494140625,0.0003,0.0003,0.1
,,,,,405999,7303.8066,1000,,,,,,,,
,,,,,406000,,,-644.2776489257812,-6.0444464683532715,3.6620354652404785,642.1685180664062,642.3916015625,0.0003,0.0003,0.1
,,,,,406999,7415.9077,1000,,,,,,,,
,,,,,407000,,,-645.1596069335938,-5.533688068389893,3.732694625854492,643.6812744140625,643.4603271484375,0.0003,0.0003,0.1
,,,,,407999,7381.933,1000,,,,,,,,
,,,,,408000,,,-658.4349975585938,-5.142621994018555,6.347517013549805,656.7719116210938,656.7549438476562,0.0003,0.0003,0.1
,,,,,408999,7305.5386,1000,,,,,,,,
,,,,,409000,,,-658.1307983398438,-5.685280799865723,3.1605780124664307,656.4127197265625,656.6552734375,0.0003,0.0003,0.1
,,,,,409999,7378.3823,1000,,,,,,,,
7210.8867,104.704094,7322.207,6954.9526,1000.0,410000,,,-648.74072265625,-5.424032211303711,3.0810115337371826,647.12548828125,647.6616821289062,0.0003,0.0003,0.1
,,,,,410999,7240.0576,1000,,,,,,,,
,,,,,411000,,,-653.9721069335938,-5.806207656860352,4.075137615203857,652.5405883789062,652.3338012695312,0.0003,0.0003,0.1
,,,,,411999,7360.1064,1000,,,,,,,,
,,,,,412000,,,-641.7515258789062,-5.5059051513671875,5.577833652496338,639.9066772460938,639.7579345703125,0.0003,0.0003,0.1
,,,,,412999,7304.1855,1000,,,,,,,,
,,,,,413000,,,-639.6166381835938,-5.875646114349365,4.733010768890381,637.7783203125,637.42529296875,0.0003,0.0003,0.1
,,,,,413999,7418.322,1000,,,,,,,,
,,,,,414000,,,-656.9525756835938,-5.1482086181640625,4.765257358551025,655.146240234375,655.2242431640625,0.0003,0.0003,0.1
,,,,,414999,7389.2275,1000,,,,,,,,
7226.307,25.742311,7260.8403,7159.9995,1000.0,415000,,,-658.4996337890625,-5.9746904373168945,3.693145513534546,657.0670776367188,656.6582641601562,0.0003,0.0003,0.1
,,,,,415999,7339.0396,1000,,,,,,,,
,,,,,416000,,,-650.2479858398438,-6.130061149597168,3.6576650142669678,648.2890625,648.2862548828125,0.0003,0.0003,0.1
,,,,,416999,7295.2056,1000,,,,,,,,
,,,,,417000,,,-661.8736572265625,-5.49473237991333,3.912663221359253,660.255615234375,660.0840454101562,0.0003,0.0003,0.1
,,,,,417999,7364.7485,1000,,,,,,,,
,,,,,418000,,,-658.3497314453125,-5.233257293701172,3.115741729736328,656.8702392578125,656.6659545898438,0.0003,0.0003,0.1
,,,,,418999,7347.0146,1000,,,,,,,,
,,,,,419000,,,-666.406982421875,-5.624844551086426,3.240652561187744,664.7412109375,664.6095581054688,0.0003,0.0003,0.1
,,,,,419999,7410.98,1000,,,,,,,,
7435.8486,49.53278,7499.7285,7324.6436,1000.0,420000,,,-658.96435546875,-5.005418300628662,3.858699321746826,657.1922607421875,657.1160278320312,0.0003,0.0003,0.1
,,,,,420999,7174.5415,1000,,,,,,,,
,,,,,421000,,,-661.1514282226562,-5.535210132598877,5.660574913024902,659.1782836914062,659.5984497070312,0.0003,0.0003,0.1
,,,,,421999,7411.706,1000,,,,,,,,
,,,,,422000,,,-665.44482421875,-5.314988136291504,3.7431254386901855,664.16064453125,664.328857421875,0.0003,0.0003,0.1
,,,,,422999,7398.4565,1000,,,,,,,,
,,,,,423000,,,-656.4457397460938,-5.779368877410889,3.7332708835601807,655.167236328125,655.106201171875,0.0003,0.0003,0.1
,,,,,423999,7379.892,1000,,,,,,,,
,,,,,424000,,,-652.875732421875,-6.1367011070251465,3.3557348251342773,650.9495849609375,650.8199462890625,0.0003,0.0003,0.1
,,,,,424999,7452.15,1000,,,,,,,,
7531.128,57.00094,7617.673,7435.258,1000.0,425000,,,-668.0363159179688,-5.96230936050415,3.734116554260254,666.6948852539062,666.587890625,0.0003,0.0003,0.1
,,,,,425999,7435.427,1000,,,,,,,,
,,,,,426000,,,-667.7486572265625,-5.541769504547119,4.157591342926025,666.355224609375,666.39306640625,0.0003,0.0003,0.1
,,,,,426999,7418.7,1000,,,,,,,,
,,,,,427000,,,-664.9197998046875,-5.609602451324463,3.7982735633850098,663.0790405273438,662.9453735351562,0.0003,0.0003,0.1
,,,,,427999,7564.177,1000,,,,,,,,
,,,,,428000,,,-676.0548095703125,-5.8282060623168945,3.4643917083740234,674.6228637695312,674.6638793945312,0.0003,0.0003,0.1
,,,,,428999,7390.8584,1000,,,,,,,,
,,,,,429000,,,-668.104736328125,-5.881002902984619,3.753065824508667,666.5797729492188,666.600341796875,0.0003,0.0003,0.1
,,,,,429999,7367.0215,1000,,,,,,,,
7056.4326,1407.2991,7613.1543,2838.8882,1000.0,430000,,,-658.8399047851562,-5.833179473876953,3.4656081199645996,656.9332275390625,657.0050659179688,0.0003,0.0003,0.1
,,,,,430999,7419.082,1000,,,,,,,,
,,,,,431000,,,-670.0311279296875,-5.378898620605469,3.8245530128479004,668.5814819335938,668.3016967773438,0.0003,0.0003,0.1
,,,,,431999,7482.751,1000,,,,,,,,
,,,,,432000,,,-658.316650390625,-5.73764181137085,3.6666548252105713,656.3938598632812,656.532470703125,0.0003,0.0003,0.1
,,,,,432999,5834.7197,1000,,,,,,,,
,,,,,433000,,,-666.6001586914062,-5.535815715789795,4.555346965789795,664.6382446289062,664.8302001953125,0.0003,0.0003,0.1
,,,,,433999,7401.2783,1000,,,,,,,,
,,,,,434000,,,-669.5950317382812,-5.8143720626831055,2.8893826007843018,667.92626953125,667.3502197265625,0.0003,0.0003,0.1
,,,,,434999,7462.4146,1000,,,,,,,,
7522.2627,91.56141,7621.393,7338.14,1000.0,435000,,,-673.281005859375,-5.898838043212891,2.9851856231689453,671.4698486328125,671.6441650390625,0.0003,0.0003,0.1
,,,,,435999,7540.3174,1000,,,,,,,,
,,,,,436000,,,-674.7820434570312,-5.887661933898926,3.821415901184082,673.318359375,673.0436401367188,0.0003,0.0003,0.1
,,,,,436999,7394.0474,1000,,,,,,,,
,,,,,437000,,,-664.7587280273438,-5.476291179656982,4.604042053222656,663.1547241210938,663.326904296875,0.0003,0.0003,0.1
,,,,,437999,5980.432,1000,,,,,,,,
,,,,,438000,,,-669.726806640625,-5.198400974273682,3.869378089904785,667.9537353515625,667.9716796875,0.0003,0.0003,0.1
,,,,,438999,-342.17496,1000,,,,,,,,
,,,,,439000,,,-683.3424682617188,-5.217895984649658,3.7637271881103516,681.7393188476562,682.1588745117188,0.0003,0.0003,0.1
,,,,,439999,7461.6226,1000,,,,,,,,
7386.965,82.30888,7475.1626,7241.0654,1000.0,440000,,,-676.6194458007812,-5.630302429199219,4.001694202423096,675.2348022460938,675.3990478515625,0.0003,0.0003,0.1
,,,,,440999,7553.307,1000,,,,,,,,
,,,,,441000,,,-667.3218383789062,-6.0587992668151855,3.104811191558838,665.6267700195312,665.7965698242188,0.0003,0.0003,0.1
,,,,,441999,7421.139,1000,,,,,,,,
,,,,,442000,,,-672.1443481445312,-5.601194858551025,3.6470112800598145,670.2138671875,670.2395629882812,0.0003,0.0003,0.1
,,,,,442999,6076.1313,1000,,,,,,,,
,,,,,443000,,,-672.6927490234375,-5.960183143615723,3.6795895099639893,671.08984375,671.1121215820312,0.0003,0.0003,0.1
,,,,,443999,7590.2607,1000,,,,,,,,
,,,,,444000,,,-675.0061645507812,-5.617882251739502,3.2434678077697754,673.7101440429688,673.577392578125,0.0003,0.0003,0.1
,,,,,444999,6969.141,1000,,,,,,,,
7546.539,36.354485,7596.8003,7473.9746,1000.0,445000,,,-670.6068115234375,-5.751955509185791,4.375054359436035,668.9052124023438,668.5840454101562,0.0003,0.0003,0.1
,,,,,445999,7400.1025,1000,,,,,,,,
,,,,,446000,,,-671.9902954101562,-5.7853546142578125,4.054299831390381,670.3787231445312,670.4423828125,0.0003,0.0003,0.1
,,,,,446999,7255.8394,1000,,,,,,,,
,,,,,447000,,,-673.5556640625,-5.597570896148682,3.8583860397338867,671.9447021484375,672.1021118164062,0.0003,0.0003,0.1
,,,,,447999,7533.8755,1000,,,,,,,,
,,,,,448000,,,-677.0272216796875,-5.995044708251953,4.745235443115234,675.2299194335938,675.71044921875,0.0003,0.0003,0.1
,,,,,448999,7556.7905,1000,,,,,,,,
,,,,,449000,,,-675.8228149414062,-5.9766011238098145,3.6900596618652344,674.3299560546875,674.4727783203125,0.0003,0.0003,0.1
,,,,,449999,7323.127,1000,,,,,,,,
6717.8696,1115.4194,7427.956,3622.3562,1000.0,450000,,,-675.4218139648438,-5.753788948059082,8.098254203796387,673.6624755859375,673.5298461914062,0.0003,0.0003,0.1
,,,,,450999,7609.027,1000,,,,,,,,
,,,,,451000,,,-680.1343383789062,-5.7927069664001465,3.1689136028289795,678.1558227539062,678.19677734375,0.0003,0.0003,0.1
,,,,,451999,7578.046,1000,,,,,,,,
,,,,,452000,,,-683.9064331054688,-6.048513889312744,3.6477437019348145,682.1749267578125,682.212890625,0.0003,0.0003,0.1
,,,,,452999,7603.118,1000,,,,,,,,
,,,,,453000,,,-678.2326049804688,-5.566033363342285,4.40969181060791,676.6064453125,676.5669555664062,0.0003,0.0003,0.1
,,,,,453999,7539.7095,1000,,,,,,,,
,,,,,454000,,,-676.0073852539062,-5.980081081390381,3.7503209114074707,674.8097534179688,674.642578125,0.0003,0.0003,0.1
,,,,,454999,7558.9873,1000,,,,,,,,
7527.06,98.78906,7645.9253,7340.682,1000.0,455000,,,-677.6224365234375,-5.502792835235596,3.9927046298980713,675.4158935546875,675.8646850585938,0.0003,0.0003,0.1
,,,,,455999,7518.921,1000,,,,,,,,
,,,,,456000,,,-678.5675659179688,-5.882202625274658,4.1850056648254395,676.8314819335938,676.7601928710938,0.0003,0.0003,0.1
,,,,,456999,7622.059,1000,,,,,,,,
,,,,,457000,,,-686.2390747070312,-5.564533710479736,5.676950454711914,685.013427734375,684.6206665039062,0.0003,0.0003,0.1
,,,,,457999,7528.769,1000,,,,,,,,
,,,,,458000,,,-681.2508544921875,-6.39588737487793,3.478422164916992,679.435791015625,680.0623168945312,0.0003,0.0003,0.1
,,,,,458999,7540.3345,1000,,,,,,,,
,,,,,459000,,,-683.889404296875,-5.600238800048828,5.863829612731934,681.821044921875,682.2847290039062,0.0003,0.0003,0.1
,,,,,459999,7588.663,1000,,,,,,,,
7230.7803,719.46124,7688.798,5118.1157,1000.0,460000,,,-688.76416015625,-5.483121395111084,4.0662617683410645,686.9714965820312,687.1302490234375,0.0003,0.0003,0.1
,,,,,460999,7600.7866,1000,,,,,,,,
,,,,,461000,,,-689.44287109375,-5.978551387786865,3.248436212539673,687.910400390625,688.1005859375,0.0003,0.0003,0.1
,,,,,461999,7616.9243,1000,,,,,,,,
,,,,,462000,,,-686.0731201171875,-5.795987129211426,2.928321361541748,684.3259887695312,684.3921508789062,0.0003,0.0003,0.1
,,,,,462999,7516.0156,1000,,,,,,,,
,,,,,463000,,,-680.1787719726562,-5.571341514587402,4.401206970214844,678.117919921875,678.0267333984375,0.0003,0.0003,0.1
,,,,,463999,7478.239,1000,,,,,,,,
,,,,,464000,,,-695.6719360351562,-5.340390205383301,2.7936367988586426,694.1416015625,693.9871215820312,0.0003,0.0003,0.1
,,,,,464999,7688.384,1000,,,,,,,,
7785.2,88.26234,7936.3174,7608.6694,1000.0,465000,,,-690.3848266601562,-5.074883460998535,3.608355760574341,688.843017578125,688.6016845703125,0.0003,0.0003,0.1
,,,,,465999,7738.6953,1000,,,,,,,,
,,,,,466000,,,-690.7185668945312,-5.69293212890625,4.1607666015625,689.37841796875,689.1234130859375,0.0003,0.0003,0.1
,,,,,466999,7649.9014,1000,,,,,,,,
,,,,,467000,,,-695.5562744140625,-5.7532196044921875,3.495425224304199,693.61376953125,693.730224609375,0.0003,0.0003,0.1
,,,,,467999,7568.448,1000,,,,,,,,
,,,,,468000,,,-687.9896850585938,-5.753085136413574,3.9331488609313965,686.4524536132812,686.216552734375,0.0003,0.0003,0.1
,,,,,468999,7687.7505,1000,,,,,,,,
,,,,,469000,,,-684.5536499023438,-5.628238201141357,3.8579561710357666,682.9571533203125,682.7777709960938,0.0003,0.0003,0.1
,,,,,469999,7743.6377,1000,,,,,,,,
7722.421,61.6427,7847.0864,7593.0327,1000.0,470000,,,-696.5528564453125,-5.201259136199951,3.559231996536255,695.2369995117188,695.0106811523438,0.0003,0.0003,0.1
,,,,,470999,7731.04,1000,,,,,,,,
,,,,,471000,,,-695.4390869140625,-5.994790554046631,2.9453063011169434,693.7490844726562,693.484375,0.0003,0.0003,0.1
,,,,,471999,5467.6436,1000,,,,,,,,
,,,,,472000,,,-694.4888305664062,-6.149219989776611,4.5987067222595215,692.7872924804688,692.8773193359375,0.0003,0.0003,0.1
,,,,,472999,7482.533,1000,,,,,,,,
,,,,,473000,,,-697.1983032226562,-6.402259826660156,3.9131176471710205,695.4571533203125,695.4420776367188,0.0003,0.0003,0.1
,,,,,473999,7793.9185,1000,,,,,,,,
,,,,,474000,,,-697.7477416992188,-5.649885177612305,4.793696880340576,696.2369384765625,696.3375854492188,0.0003,0.0003,0.1
,,,,,474999,7747.6777,1000,,,,,,,,
7792.297,36.77962,7849.477,7721.169,1000.0,475000,,,-690.2908935546875,-5.854051113128662,6.109933376312256,688.41845703125,688.2630004882812,0.0003,0.0003,0.1
,,,,,475999,7763.316,1000,,,,,,,,
,,,,,476000,,,-694.1002197265625,-5.54248046875,4.214686870574951,692.8251953125,692.4867553710938,0.0003,0.0003,0.1
,,,,,476999,7766.429,1000,,,,,,,,
,,,,,477000,,,-697.134033203125,-5.923446178436279,3.3562960624694824,695.790283203125,695.9364624023438,0.0003,0.0003,0.1
,,,,,477999,7822.0493,1000,,,,,,,,
,,,,,478000,,,-690.423828125,-5.683653354644775,4.022780418395996,688.802001953125,688.4215698242188,0.0003,0.0003,0.1
,,,,,478999,7880.075,1000,,,,,,,,
,,,,,479000,,,-691.891845703125,-5.7343668937683105,5.7159423828125,690.3179321289062,690.0830078125,0.0003,0.0003,0.1
,,,,,479999,7626.7407,1000,,,,,,,,
7389.182,386.844,7688.5537,6263.1914,1000.0,480000,,,-699.9417724609375,-5.68458366394043,3.924269676208496,698.2511596679688,698.4715576171875,0.0003,0.0003,0.1
,,,,,480999,7769.1987,1000,,,,,,,,
,,,,,481000,,,-699.5578002929688,-5.100611209869385,4.090398788452148,697.81640625,697.9008178710938,0.0003,0.0003,0.1
,,,,,481999,7873.8545,1000,,,,,,,,
,,,,,482000,,,-695.2322998046875,-5.466350555419922,3.843076705932617,693.493896484375,693.3666381835938,0.0003,0.0003,0.1
,,,,,482999,7745.046,1000,,,,,,,,
,,,,,483000,,,-697.59912109375,-5.620525360107422,3.964041233062744,696.4326171875,696.3230590820312,0.0003,0.0003,0.1
,,,,,483999,7739.519,1000,,,,,,,,
,,,,,484000,,,-704.1473388671875,-5.891914367675781,3.1755452156066895,702.5759887695312,702.8770141601562,0.0003,0.0003,0.1
,,,,,484999,7841.2124,1000,,,,,,,,
3462.5046,2004.1213,6387.508,154.40553,1000.0,485000,,,-699.044189453125,-5.467628479003906,6.6732177734375,697.9116821289062,697.7339477539062,0.0003,0.0003,0.1
,,,,,485999,7810.579,1000,,,,,,,,
,,,,,486000,,,-708.69677734375,-5.9615654945373535,3.9500696659088135,707.5128173828125,707.7374877929688,0.0003,0.0003,0.1
,,,,,486999,7864.7354,1000,,,,,,,,
,,,,,487000,,,-699.8218383789062,-6.218985080718994,4.594985008239746,698.0762939453125,698.3983764648438,0.0003,0.0003,0.1
,,,,,487999,7910.409,1000,,,,,,,,
,,,,,488000,,,-703.7396240234375,-5.56846809387207,4.250463008880615,702.09619140625,702.225341796875,0.0003,0.0003,0.1
,,,,,488999,7896.1133,1000,,,,,,,,
,,,,,489000,,,-702.1458129882812,-5.98322868347168,4.403378486633301,700.3630981445312,700.3289794921875,0.0003,0.0003,0.1
,,,,,489999,7755.6265,1000,,,,,,,,
7849.579,60.077118,7980.417,7758.8003,1000.0,490000,,,-702.509521484375,-5.940959453582764,3.9750723838806152,700.655517578125,700.6357421875,0.0003,0.0003,0.1
,,,,,490999,7941.7153,1000,,,,,,,,
,,,,,491000,,,-707.5999145507812,-5.181079387664795,8.208459854125977,706.2742309570312,706.0464477539062,0.0003,0.0003,0.1
,,,,,491999,7835.908,1000,,,,,,,,
,,,,,492000,,,-704.310546875,-5.614932537078857,3.701140880584717,702.5152587890625,702.6690673828125,0.0003,0.0003,0.1
,,,,,492999,7940.6514,1000,,,,,,,,
,,,,,493000,,,-702.9904174804688,-5.737880706787109,5.081727981567383,701.3700561523438,701.1876220703125,0.0003,0.0003,0.1
,,,,,493999,7722.312,1000,,,,,,,,
,,,,,494000,,,-704.9456787109375,-6.2392897605896,3.9305176734924316,702.6488037109375,702.921630859375,0.0003,0.0003,0.1
,,,,,494999,7895.0957,1000,,,,,,,,
7778.7803,137.47972,7889.1,7407.7007,1000.0,495000,,,-706.5491943359375,-5.56427526473999,3.1610493659973145,705.303466796875,705.2482299804688,0.0003,0.0003,0.1
,,,,,495999,7998.689,1000,,,,,,,,
,,,,,496000,,,-708.55908203125,-5.312737941741943,3.4772837162017822,706.538818359375,706.718994140625,0.0003,0.0003,0.1
,,,,,496999,8026.534,1000,,,,,,,,
,,,,,497000,,,-711.5223388671875,-5.835063457489014,3.979962110519409,709.4619140625,709.6829833984375,0.0003,0.0003,0.1
,,,,,497999,7864.937,1000,,,,,,,,
,,,,,498000,,,-708.010986328125,-5.828320503234863,3.0868585109710693,706.4613647460938,706.3839111328125,0.0003,0.0003,0.1
,,,,,498999,5240.774,1000,,,,,,,,
,,,,,499000,,,-714.3671264648438,-6.084355354309082,3.399430990219116,712.9719848632812,712.6637573242188,0.0003,0.0003,0.1
,,,,,499999,6502.0835,1000,,,,,,,,
7838.568,468.53677,8061.549,6438.564,1000.0,500000,,,-703.4517822265625,-5.8807783126831055,3.919642210006714,701.866455078125,701.8697509765625,0.0003,0.0003,0.1
,,,,,500999,7587.441,1000,,,,,,,,
,,,,,501000,,,-706.1868896484375,-6.221138954162598,3.947033643722534,704.8724365234375,704.4207763671875,0.0003,0.0003,0.1
,,,,,501999,7869.6597,1000,,,,,,,,
,,,,,502000,,,-709.7232055664062,-5.306117534637451,3.4841911792755127,707.7796020507812,708.0350952148438,0.0003,0.0003,0.1
,,,,,502999,6107.159,1000,,,,,,,,
,,,,,503000,,,-710.79052734375,-5.75289249420166,4.020322322845459,708.791015625,708.6697998046875,0.0003,0.0003,0.1
,,,,,503999,7988.991,1000,,,,,,,,
,,,,,504000,,,-711.6600341796875,-6.065448760986328,4.415553092956543,710.5401611328125,710.4326782226562,0.0003,0.0003,0.1
,,,,,504999,7866.3813,1000,,,,,,,,
7823.104,96.394165,7981.4644,7660.1436,1000.0,505000,,,-714.2025146484375,-5.500541687011719,3.0291073322296143,712.3867797851562,712.2853393554688,0.0003,0.0003,0.1
,,,,,505999,7731.064,1000,,,,,,,,
,,,,,506000,,,-716.3628540039062,-5.795851230621338,4.466172218322754,715.0570678710938,715.2398071289062,0.0003,0.0003,0.1
,,,,,506999,7914.31,1000,,,,,,,,
,,,,,507000,,,-721.5068359375,-5.299156665802002,3.9345626831054688,719.9873657226562,719.7152099609375,0.0003,0.0003,0.1
,,,,,507999,7916.3916,1000,,,,,,,,
,,,,,508000,,,-713.586669921875,-5.3915252685546875,3.273308038711548,711.9722900390625,711.8034057617188,0.0003,0.0003,0.1
,,,,,508999,7775.6357,1000,,,,,,,,
,,,,,509000,,,-712.1868896484375,-5.555505275726318,5.317460536956787,711.0979614257812,711.2720336914062,0.0003,0.0003,0.1
,,,,,509999,7870.4316,1000,,,,,,,,
7905.676,54.740326,8003.8926,7837.382,1000.0,510000,,,-710.2359619140625,-5.963151931762695,4.826194763183594,708.4813232421875,707.8296508789062,0.0003,0.0003,0.1
,,,,,510999,7949.076,1000,,,,,,,,
,,,,,511000,,,-710.9848022460938,-5.618167877197266,3.9956912994384766,709.7149047851562,709.3060302734375,0.0003,0.0003,0.1
,,,,,511999,7883.47,1000,,,,,,,,
,,,,,512000,,,-709.2379150390625,-6.351273059844971,4.994805812835693,707.6194458007812,707.6815185546875,0.0003,0.0003,0.1
,,,,,512999,7987.8364,1000,,,,,,,,
,,,,,513000,,,-706.1861572265625,-6.094656944274902,4.044127464294434,704.6873779296875,704.5733032226562,0.0003,0.0003,0.1
,,,,,513999,7915.1675,1000,,,,,,,,
,,,,,514000,,,-719.6856689453125,-5.644705772399902,3.4662187099456787,717.5097045898438,717.8797607421875,0.0003,0.0003,0.1
,,,,,514999,7661.234,1000,,,,,,,,
7992.382,66.6341,8099.24,7871.911,1000.0,515000,,,-714.9044799804688,-6.413196563720703,5.595151901245117,713.302978515625,713.3565673828125,0.0003,0.0003,0.1
,,,,,515999,7954.8535,1000,,,,,,,,
,,,,,516000,,,-713.7516479492188,-5.5540995597839355,4.208032131195068,712.0457763671875,712.477294921875,0.0003,0.0003,0.1
,,,,,516999,6651.662,1000,,,,,,,,
,,,,,517000,,,-708.9222412109375,-6.216078758239746,6.586101531982422,707.7135620117188,707.44921875,0.0003,0.0003,0.1
,,,,,517999,8040.784,1000,,,,,,,,
,,,,,518000,,,-723.0975952148438,-5.65495491027832,4.245704650878906,721.6142578125,721.7630615234375,0.0003,0.0003,0.1
,,,,,518999,7608.486,1000,,,,,,,,
,,,,,519000,,,-722.606201171875,-5.744846343994141,4.27953577041626,720.8436889648438,720.7130126953125,0.0003,0.0003,0.1
,,,,,519999,8051.5938,1000,,,,,,,,
7781.6455,54.63908,7844.808,7650.4434,1000.0,520000,,,-721.1466064453125,-5.995620250701904,12.096024513244629,718.7032470703125,719.0140380859375,0.0003,0.0003,0.1
,,,,,520999,1073.2605,1000,,,,,,,,
,,,,,521000,,,-717.7175903320312,-5.943922519683838,3.8043689727783203,716.4049072265625,716.3053588867188,0.0003,0.0003,0.1
,,,,,521999,7874.0503,1000,,,,,,,,
,,,,,522000,,,-727.1442260742188,-5.617275238037109,3.4307799339294434,725.98681640625,725.934814453125,0.0003,0.0003,0.1
,,,,,522999,8069.575,1000,,,,,,,,
,,,,,523000,,,-721.2298583984375,-5.628103256225586,5.934310436248779,719.0604858398438,719.282958984375,0.0003,0.0003,0.1
,,,,,523999,7977.0317,1000,,,,,,,,
,,,,,524000,,,-720.4425048828125,-6.126002311706543,3.1483850479125977,718.5887451171875,718.6957397460938,0.0003,0.0003,0.1
,,,,,524999,7984.3574,1000,,,,,,,,
8104.45,82.215164,8187.9775,7885.5527,1000.0,525000,,,-723.6148071289062,-6.022075176239014,4.7244873046875,721.791259765625,721.8892822265625,0.0003,0.0003,0.1
,,,,,525999,8069.4575,1000,,,,,,,,
,,,,,526000,,,-723.8289794921875,-6.055639743804932,5.818920612335205,722.04248046875,721.9718017578125,0.0003,0.0003,0.1
,,,,,526999,8023.573,1000,,,,,,,,
,,,,,527000,,,-725.891845703125,-6.1326494216918945,4.83386754989624,724.5097045898438,724.4425048828125,0.0003,0.0003,0.1
,,,,,527999,7996.377,1000,,,,,,,,
,,,,,528000,,,-717.8270874023438,-6.006271839141846,5.825351715087891,716.2059326171875,716.1188354492188,0.0003,0.0003,0.1
,,,,,528999,8019.9897,1000,,,,,,,,
,,,,,529000,,,-718.4302978515625,-5.824490547180176,5.006867408752441,716.816162109375,716.553955078125,0.0003,0.0003,0.1
,,,,,529999,819.28204,1000,,,,,,,,
7653.0654,1104.2456,8257.692,4629.6465,1000.0,530000,,,-722.2297973632812,-6.235045909881592,7.264284610748291,720.7410888671875,721.032958984375,0.0003,0.0003,0.1
,,,,,530999,6130.32,1000,,,,,,,,
,,,,,531000,,,-722.5430297851562,-5.043581962585449,5.2804436683654785,721.0134887695312,721.0125732421875,0.0003,0.0003,0.1
,,,,,531999,7828.7153,1000,,,,,,,,
,,,,,532000,,,-712.0365600585938,-5.540655612945557,6.494400978088379,710.3428955078125,710.3515625,0.0003,0.0003,0.1
,,,,,532999,7727.6606,1000,,,,,,,,
,,,,,533000,,,-731.0853271484375,-5.335577964782715,4.646900653839111,729.4888916015625,730.0386962890625,0.0003,0.0003,0.1
,,,,,533999,7823.3174,1000,,,,,,,,
,,,,,534000,,,-725.520751953125,-5.851284503936768,5.723227500915527,723.8406372070312,723.687744140625,0.0003,0.0003,0.1
,,,,,534999,7977.081,1000,,,,,,,,
7682.6514,54.650364,7813.289,7626.9375,1000.0,535000,,,-722.7943115234375,-5.679353713989258,6.787002086639404,721.26806640625,721.2239379882812,0.0003,0.0003,0.1
,,,,,535999,8033.3545,1000,,,,,,,,
,,,,,536000,,,-731.335205078125,-6.270605087280273,3.8207995891571045,729.6615600585938,729.5579223632812,0.0003,0.0003,0.1
,,,,,536999,7959.727,1000,,,,,,,,
,,,,,537000,,,-724.7591552734375,-5.749113082885742,6.3825364112854,722.6953125,722.8704223632812,0.0003,0.0003,0.1
,,,,,537999,7911.508,1000,,,,,,,,
,,,,,538000,,,-719.7144165039062,-5.980068683624268,4.701249122619629,717.5445556640625,717.81298828125,0.0003,0.0003,0.1
,,,,,538999,7484.4614,1000,,,,,,,,
,,,,,539000,,,-734.6015014648438,-5.148684501647949,3.8407907485961914,733.1982421875,733.1464233398438,0.0003,0.0003,0.1
,,,,,539999,7963.567,1000,,,,,,,,
7945.931,152.6504,8146.419,7678.1543,1000.0,540000,,,-719.3964233398438,-6.1541948318481445,5.047890663146973,717.9063110351562,718.1113891601562,0.0003,0.0003,0.1
,,,,,540999,8038.704,1000,,,,,,,,
,,,,,541000,,,-720.4880981445312,-5.741119384765625,4.826164245605469,718.58837890625,718.4789428710938,0.0003,0.0003,0.1
,,,,,541999,7891.798,1000,,,,,,,,
,,,,,542000,,,-721.8483276367188,-6.308323383331299,6.039656162261963,720.4071655273438,720.2236328125,0.0003,0.0003,0.1
,,,,,542999,8068.5244,1000,,,,,,,,
,,,,,543000,,,-728.1266479492188,-5.582996368408203,4.4160261154174805,726.5877685546875,726.843505859375,0.0003,0.0003,0.1
,,,,,543999,8101.9785,1000,,,,,,,,
,,,,,544000,,,-733.9617919921875,-5.726937294006348,3.641295909881592,732.0491943359375,731.9835205078125,0.0003,0.0003,0.1
,,,,,544999,8002.232,1000,,,,,,,,
8037.197,231.47604,8192.425,7359.7544,1000.0,545000,,,-730.576171875,-5.74594783782959,4.838552951812744,728.8046264648438,728.7803955078125,0.0003,0.0003,0.1
,,,,,545999,8030.3647,1000,,,,,,,,
,,,,,546000,,,-719.4873046875,-6.0249857902526855,6.148687362670898,717.6550903320312,717.136474609375,0.0003,0.0003,0.1
,,,,,546999,8102.001,1000,,,,,,,,
,,,,,547000,,,-727.6993408203125,-6.14455509185791,3.9205899238586426,726.401611328125,726.5510864257812,0.0003,0.0003,0.1
,,,,,547999,8191.866,1000,,,,,,,,
,,,,,548000,,,-731.7444458007812,-6.1324262619018555,3.4048657417297363,729.5774536132812,729.6718139648438,0.0003,0.0003,0.1
,,,,,548999,3117.098,1000,,,,,,,,
,,,,,549000,,,-732.346923828125,-5.341458797454834,4.94766902923584,730.7871704101562,730.5165405273438,0.0003,0.0003,0.1
,,,,,549999,8149.2446,1000,,,,,,,,
8146.178,56.072834,8229.146,8020.6655,1000.0,550000,,,-728.661865234375,-5.861780166625977,7.562390327453613,727.2438354492188,727.0377807617188,0.0003,0.0003,0.1
,,,,,550999,8061.44,1000,,,,,,,,
,,,,,551000,,,-730.004638671875,-5.850593090057373,6.12092399597168,728.799560546875,728.2664794921875,0.0003,0.0003,0.1
,,,,,551999,7838.62,1000,,,,,,,,
,,,,,552000,,,-734.9810180664062,-5.727962017059326,5.838867664337158,733.555908203125,733.4083251953125,0.0003,0.0003,0.1
,,,,,552999,8140.456,1000,,,,,,,,
,,,,,553000,,,-730.3726806640625,-6.33634090423584,4.721159934997559,728.7745361328125,728.9764404296875,0.0003,0.0003,0.1
,,,,,553999,5276.905,1000,,,,,,,,
,,,,,554000,,,-730.2271118164062,-5.489252090454102,4.935774803161621,728.2636108398438,728.3873291015625,0.0003,0.0003,0.1
,,,,,554999,8170.81,1000,,,,,,,,
8209.955,65.636284,8317.291,8114.8086,1000.0,555000,,,-728.19580078125,-5.5068488121032715,4.407308578491211,726.2734985351562,726.7680053710938,0.0003,0.0003,0.1
,,,,,555999,8137.9624,1000,,,,,,,,
,,,,,556000,,,-734.1741333007812,-5.881043434143066,6.589570045471191,732.696533203125,732.2783203125,0.0003,0.0003,0.1
,,,,,556999,7771.083,1000,,,,,,,,
,,,,,557000,,,-736.848876953125,-6.333742141723633,3.5216119289398193,735.2583618164062,735.434814453125,0.0003,0.0003,0.1
,,,,,557999,8195.702,1000,,,,,,,,
,,,,,558000,,,-724.0178833007812,-6.007526397705078,4.690277099609375,722.5882568359375,722.3917846679688,0.0003,0.0003,0.1
,,,,,558999,8041.9253,1000,,,,,,,,
,,,,,559000,,,-735.679443359375,-6.398622989654541,5.250435829162598,733.1173706054688,733.8858642578125,0.0003,0.0003,0.1
,,,,,559999,8145.335,1000,,,,,,,,
8092.9307,533.24036,8377.224,6503.27,1000.0,560000,,,-728.1138305664062,-5.796754360198975,6.582232475280762,726.158447265625,726.3214721679688,0.0003,0.0003,0.1
,,,,,560999,8177.2603,1000,,,,,,,,
,,,,,561000,,,-738.6190795898438,-5.84986686706543,4.928250789642334,736.5081787109375,736.8515014648438,0.0003,0.0003,0.1
,,,,,561999,8117.7915,1000,,,,,,,,
,,,,,562000,,,-729.8643188476562,-6.561702728271484,4.390954494476318,727.71240234375,728.3778686523438,0.0003,0.0003,0.1
,,,,,562999,8119.502,1000,,,,,,,,
,,,,,563000,,,-741.5125122070312,-6.573163986206055,6.567798614501953,739.8668823242188,739.9093017578125,0.0003,0.0003,0.1
,,,,,563999,8186.6353,1000,,,,,,,,
,,,,,564000,,,-742.3067626953125,-6.132673263549805,7.172006607055664,740.9554443359375,741.0777587890625,0.0003,0.0003,0.1
,,,,,564999,8196.081,1000,,,,,,,,
8219.866,74.56379,8349.071,8064.0947,1000.0,565000,,,-739.2507934570312,-5.864938735961914,4.615696430206299,737.5094604492188,737.34521484375,0.0003,0.0003,0.1
,,,,,565999,8102.166,1000,,,,,,,,
,,,,,566000,,,-740.7027587890625,-6.125056266784668,4.527021408081055,738.7882690429688,739.2232055664062,0.0003,0.0003,0.1
,,,,,566999,8200.17,1000,,,,,,,,
,,,,,567000,,,-738.1928100585938,-6.151531219482422,3.661992073059082,736.4603881835938,736.5738525390625,0.0003,0.0003,0.1
,,,,,567999,8259.192,1000,,,,,,,,
,,,,,568000,,,-740.3137817382812,-6.314067363739014,6.7762956619262695,738.5216064453125,738.1346435546875,0.0003,0.0003,0.1
,,,,,568999,8282.52,1000,,,,,,,,
,,,,,569000,,,-743.8505859375,-6.073654651641846,6.116584777832031,742.3216552734375,742.7627563476562,0.0003,0.0003,0.1
,,,,,569999,8314.757,1000,,,,,,,,
8204.901,69.23939,8302.528,8020.9404,1000.0,570000,,,-740.913330078125,-5.8014397621154785,3.5154783725738525,739.2774047851562,739.4935913085938,0.0003,0.0003,0.1
,,,,,570999,6838.161,1000,,,,,,,,
,,,,,571000,,,-745.7590942382812,-5.47900390625,5.088574409484863,743.9815673828125,743.8690185546875,0.0003,0.0003,0.1
,,,,,571999,8069.2847,1000,,,,,,,,
,,,,,572000,,,-749.9392700195312,-6.28377628326416,6.094403266906738,748.3629150390625,748.5201416015625,0.0003,0.0003,0.1
,,,,,572999,7968.9717,1000,,,,,,,,
,,,,,573000,,,-739.0740356445312,-6.1676435470581055,4.888169288635254,737.22802734375,737.3011474609375,0.0003,0.0003,0.1
,,,,,573999,8198.877,1000,,,,,,,,
,,,,,574000,,,-731.1209716796875,-6.0948686599731445,6.502256393432617,729.17578125,729.2291870117188,0.0003,0.0003,0.1
,,,,,574999,8279.731,1000,,,,,,,,
8203.797,106.855644,8318.714,7936.9907,1000.0,575000,,,-734.8471069335938,-6.168710708618164,5.444407939910889,733.2367553710938,733.09521484375,0.0003,0.0003,0.1
,,,,,575999,8243.612,1000,,,,,,,,
,,,,,576000,,,-740.3314208984375,-6.017145156860352,5.183268070220947,739.1447143554688,738.9153442382812,0.0003,0.0003,0.1
,,,,,576999,8175.451,1000,,,,,,,,
,,,,,577000,,,-741.6293334960938,-6.2442145347595215,4.520304203033447,739.5865478515625,739.3094482421875,0.0003,0.0003,0.1
,,,,,577999,7773.005,1000,,,,,,,,
,,,,,578000,,,-745.7191772460938,-5.866544723510742,7.4205098152160645,744.251953125,743.810791015625,0.0003,0.0003,0.1
,,,,,578999,8210.19,1000,,,,,,,,
,,,,,579000,,,-754.287353515625,-6.05620002746582,6.015612602233887,752.6488037109375,752.7090454101562,0.0003,0.0003,0.1
,,,,,579999,8092.882,1000,,,,,,,,
7608.8125,986.6014,8232.808,4730.638,1000.0,580000,,,-742.29296875,-6.322357177734375,6.16071081161499,740.4334106445312,740.3612060546875,0.0003,0.0003,0.1
,,,,,580999,8302.091,1000,,,,,,,,
,,,,,581000,,,-749.8583984375,-6.021894931793213,7.771831512451172,749.4191284179688,748.672119140625,0.0003,0.0003,0.1
,,,,,581999,8262.893,1000,,,,,,,,
,,,,,582000,,,-752.511474609375,-6.151406288146973,4.292426109313965,750.9053955078125,750.8934936523438,0.0003,0.0003,0.1
,,,,,582999,8092.627,1000,,,,,,,,
,,,,,583000,,,-750.6939697265625,-5.995332717895508,4.429690361022949,749.2526245117188,749.1768798828125,0.0003,0.0003,0.1
,,,,,583999,8241.654,1000,,,,,,,,
,,,,,584000,,,-744.7605590820312,-6.19444465637207,3.6424455642700195,742.79248046875,742.5337524414062,0.0003,0.0003,0.1
,,,,,584999,8250.405,1000,,,,,,,,
8296.898,46.457005,8376.427,8231.505,1000.0,585000,,,-742.805908203125,-5.684698581695557,4.1912431716918945,741.2354736328125,741.0982055664062,0.0003,0.0003,0.1
,,,,,585999,7944.4556,1000,,,,,,,,
,,,,,586000,,,-745.5745849609375,-5.366243839263916,7.33662748336792,743.9088134765625,743.8961791992188,0.0003,0.0003,0.1
,,,,,586999,8062.585,1000,,,,,,,,
,,,,,587000,,,-745.9468383789062,-6.014604091644287,3.6352481842041016,744.363525390625,744.4869384765625,0.0003,0.0003,0.1
,,,,,587999,8161.921,1000,,,,,,,,
,,,,,588000,,,-746.8491821289062,-6.0155534744262695,5.615816116333008,745.4108276367188,745.3428344726562,0.0003,0.0003,0.1
,,,,,588999,8344.238,1000,,,,,,,,
,,,,,589000,,,-743.7536010742188,-6.190873622894287,5.138197898864746,742.1249389648438,742.141845703125,0.0003,0.0003,0.1
,,,,,589999,8288.219,1000,,,,,,,,
8301.186,76.390144,8406.3955,8143.2666,1000.0,590000,,,-750.7915649414062,-6.128418922424316,4.566758632659912,749.0382080078125,748.8574829101562,0.0003,0.0003,0.1
,,,,,590999,8204.028,1000,,,,,,,,
,,,,,591000,,,-749.7283935546875,-6.000970363616943,4.686877250671387,747.6298828125,747.9887084960938,0.0003,0.0003,0.1
,,,,,591999,8018.4863,1000,,,,,,,,
,,,,,592000,,,-754.6396484375,-6.306833267211914,6.065234184265137,753.18603515625,752.98486328125,0.0003,0.0003,0.1
,,,,,592999,8138.7715,1000,,,,,,,,
,,,,,593000,,,-744.56005859375,-6.219228744506836,3.0678820610046387,742.5631103515625,742.8487548828125,0.0003,0.0003,0.1
,,,,,593999,8142.151,1000,,,,,,,,
,,,,,594000,,,-756.32373046875,-5.766528129577637,5.029688358306885,754.4779052734375,754.3184814453125,0.0003,0.0003,0.1
,,,,,594999,8295.035,1000,,,,,,,,
8256.081,142.26288,8489.071,8063.3394,1000.0,595000,,,-750.6318969726562,-6.430118083953857,5.369320869445801,748.6201171875,748.837890625,0.0003,0.0003,0.1
,,,,,595999,8281.625,1000,,,,,,,,
,,,,,596000,,,-757.2779541015625,-5.691971778869629,5.425387382507324,755.8759765625,755.7271118164062,0.0003,0.0003,0.1
,,,,,596999,8288.722,1000,,,,,,,,
,,,,,597000,,,-752.3726806640625,-5.730278968811035,5.634345531463623,750.1679077148438,750.4707641601562,0.0003,0.0003,0.1
,,,,,597999,8187.237,1000,,,,,,,,
,,,,,598000,,,-744.9782104492188,-6.313395977020264,6.71437406539917,743.8457641601562,743.7241821289062,0.0003,0.0003,0.1
,,,,,598999,8393.164,1000,,,,,,,,
,,,,,599000,,,-758.9841918945312,-6.09763765335083,4.227584362030029,757.242431640625,757.4588012695312,0.0003,0.0003,0.1
,,,,,599999,8337.169,1000,,,,,,,,
8360.0205,82.718285,8479.411,8166.099,1000.0,600000,,,-743.13720703125,-6.69200325012207,9.79718017578125,741.048828125,741.3695068359375,0.0003,0.0003,0.1
,,,,,600999,8335.953,1000,,,,,,,,
,,,,,601000,,,-767.2566528320312,-5.9205708503723145,5.634634971618652,765.8710327148438,765.7824096679688,0.0003,0.0003,0.1
,,,,,601999,8391.917,1000,,,,,,,,
,,,,,602000,,,-753.1031494140625,-6.185389518737793,5.483588695526123,751.3312377929688,751.416748046875,0.0003,0.0003,0.1
,,,,,602999,8263.869,1000,,,,,,,,
,,,,,603000,,,-763.5805053710938,-5.962521553039551,5.252016544342041,762.6002197265625,762.2965087890625,0.0003,0.0003,0.1
,,,,,603999,8349.479,1000,,,,,,,,
,,,,,604000,,,-759.6416625976562,-6.024850368499756,5.924694538116455,757.5574951171875,757.979736328125,0.0003,0.0003,0.1
,,,,,604999,8300.938,1000,,,,,,,,
8463.168,54.43264,8567.787,8393.037,1000.0,605000,,,-756.986572265625,-6.287302494049072,4.4436469078063965,755.4952392578125,755.8662109375,0.0003,0.0003,0.1
,,,,,605999,8421.701,1000,,,,,,,,
,,,,,606000,,,-756.6165161132812,-5.836650371551514,3.878002405166626,755.2542724609375,755.2822875976562,0.0003,0.0003,0.1
,,,,,606999,8432.014,1000,,,,,,,,
,,,,,607000,,,-755.27880859375,-6.160552978515625,6.537990570068359,753.199462890625,753.3584594726562,0.0003,0.0003,0.1
,,,,,607999,8413.591,1000,,,,,,,,
,,,,,608000,,,-762.7242431640625,-6.428487300872803,5.688146114349365,760.85400390625,760.6891479492188,0.0003,0.0003,0.1
,,,,,608999,8462.646,1000,,,,,,,,
,,,,,609000,,,-768.3612670898438,-6.1702752113342285,4.7169294357299805,767.2094116210938,767.19482421875,0.0003,0.0003,0.1
,,,,,609999,8524.188,1000,,,,,,,,
8422.514,76.882034,8514.413,8212.273,1000.0,610000,,,-761.5980834960938,-6.1423516273498535,4.78092098236084,760.2192993164062,759.999267578125,0.0003,0.0003,0.1
,,,,,610999,4186.317,1000,,,,,,,,
,,,,,611000,,,-760.711181640625,-6.152446746826172,5.157422065734863,759.2221069335938,758.961181640625,0.0003,0.0003,0.1
,,,,,611999,8511.95,1000,,,,,,,,
,,,,,612000,,,-766.1770629882812,-6.100168704986572,5.725165843963623,764.523681640625,764.4921875,0.0003,0.0003,0.1
,,,,,612999,8244.765,1000,,,,,,,,
,,,,,613000,,,-762.78076171875,-5.625214576721191,3.8399007320404053,761.1882934570312,761.1964721679688,0.0003,0.0003,0.1
,,,,,613999,8306.427,1000,,,,,,,,
,,,,,614000,,,-756.561279296875,-5.473893642425537,4.255508899688721,755.2227172851562,755.2273559570312,0.0003,0.0003,0.1
,,,,,614999,8310.964,1000,,,,,,,,
8329.543,48.753105,8440.819,8254.687,1000.0,615000,,,-758.4241333007812,-6.151983737945557,4.9041242599487305,756.8978271484375,756.7076416015625,0.0003,0.0003,0.1
,,,,,615999,8409.665,1000,,,,,,,,
,,,,,616000,,,-758.8134765625,-6.342728614807129,5.174004554748535,757.04345703125,757.34912109375,0.0003,0.0003,0.1
,,,,,616999,8323.272,1000,,,,,,,,
,,,,,617000,,,-759.0096435546875,-6.5476789474487305,5.154966354370117,757.3515014648438,757.4380493164062,0.0003,0.0003,0.1
,,,,,617999,8361.69,1000,,,,,,,,
,,,,,618000,,,-763.1364135742188,-5.455964088439941,5.938014984130859,761.7463989257812,761.5501098632812,0.0003,0.0003,0.1
,,,,,618999,8211.706,1000,,,,,,,,
,,,,,619000,,,-760.9353637695312,-5.654788017272949,6.805877685546875,759.2330932617188,759.2645874023438,0.0003,0.0003,0.1
,,,,,619999,8000.1597,1000,,,,,,,,
8422.318,42.210117,8501.497,8369.319,1000.0,620000,,,-766.0029296875,-5.445527076721191,4.600334644317627,764.2434692382812,764.13330078125,0.0003,0.0003,0.1
,,,,,620999,8329.168,1000,,,,,,,,
,,,,,621000,,,-757.83251953125,-6.012109756469727,5.419330596923828,755.8170776367188,756.0819702148438,0.0003,0.0003,0.1
,,,,,621999,8278.104,1000,,,,,,,,
,,,,,622000,,,-759.3598022460938,-6.478889465332031,5.550518989562988,757.4630737304688,757.421875,0.0003,0.0003,0.1
,,,,,622999,8008.88,1000,,,,,,,,
,,,,,623000,,,-760.1033935546875,-5.9989542961120605,4.833418369293213,758.2711791992188,758.4290161132812,0.0003,0.0003,0.1
,,,,,623999,8230.521,1000,,,,,,,,
,,,,,624000,,,-753.7998046875,-5.769207000732422,5.6926140785217285,752.06689453125,752.3217163085938,0.0003,0.0003,0.1
,,,,,624999,8441.206,1000,,,,,,,,
8301.613,47.034748,8366.519,8213.239,1000.0,625000,,,-769.0719604492188,-5.943119525909424,3.5352773666381836,767.8256225585938,767.6439208984375,0.0003,0.0003,0.1
,,,,,625999,8369.604,1000,,,,,,,,
,,,,,626000,,,-760.3894653320312,-5.9546613693237305,6.141839981079102,758.7103271484375,758.717529296875,0.0003,0.0003,0.1
,,,,,626999,8356.504,1000,,,,,,,,
,,,,,627000,,,-764.7269287109375,-6.122490882873535,5.656282901763916,763.3919677734375,763.0482788085938,0.0003,0.0003,0.1
,,,,,627999,8406.694,1000,,,,,,,,
,,,,,628000,,,-768.4407958984375,-5.377195358276367,3.636589765548706,766.6885375976562,766.5010986328125,0.0003,0.0003,0.1
,,,,,628999,8352.186,1000,,,,,,,,
,,,,,629000,,,-767.78515625,-5.9906721115112305,4.493386745452881,766.1040649414062,766.2516479492188,0.0003,0.0003,0.1
,,,,,629999,8405.253,1000,,,,,,,,
8374.626,59.42555,8439.231,8245.824,1000.0,630000,,,-768.24560546875,-5.752131938934326,5.276331901550293,766.530029296875,766.8497314453125,0.0003,0.0003,0.1
,,,,,630999,8467.874,1000,,,,,,,,
,,,,,631000,,,-769.712890625,-5.665459156036377,4.078359603881836,768.3380737304688,768.1268310546875,0.0003,0.0003,0.1
,,,,,631999,8430.78,1000,,,,,,,,
,,,,,632000,,,-768.115234375,-5.630699157714844,3.474977970123291,766.2095947265625,766.3492431640625,0.0003,0.0003,0.1
,,,,,632999,7467.244,1000,,,,,,,,
,,,,,633000,,,-770.7443237304688,-5.996212005615234,4.020144939422607,769.1273803710938,769.126953125,0.0003,0.0003,0.1
,,,,,633999,8350.562,1000,,,,,,,,
,,,,,634000,,,-775.045654296875,-6.065543174743652,5.072725296020508,773.2352294921875,773.2750244140625,0.0003,0.0003,0.1
,,,,,634999,8274.373,1000,,,,,,,,
8425.018,69.17126,8520.144,8304.037,1000.0,635000,,,-774.1218872070312,-5.447821140289307,4.332577705383301,772.3862915039062,772.7882690429688,0.0003,0.0003,0.1
,,,,,635999,8145.673,1000,,,,,,,,
,,,,,636000,,,-766.2728881835938,-6.365556240081787,6.801987648010254,764.0811157226562,763.8331298828125,0.0003,0.0003,0.1
,,,,,636999,8395.396,1000,,,,,,,,
,,,,,637000,,,-760.8961181640625,-6.150460243225098,5.994800567626953,759.169189453125,759.1241455078125,0.0003,0.0003,0.1
,,,,,637999,8347.458,1000,,,,,,,,
,,,,,638000,,,-771.187744140625,-5.691150188446045,5.964747428894043,769.9395751953125,769.8923950195312,0.0003,0.0003,0.1
,,,,,638999,8498.784,1000,,,,,,,,
,,,,,639000,,,-773.762939453125,-5.997063159942627,3.893833875656128,772.4491577148438,772.2826538085938,0.0003,0.0003,0.1
,,,,,639999,8437.41,1000,,,,,,,,
8373.159,119.399895,8456.788,8056.4766,1000.0,640000,,,-768.1405639648438,-6.166415691375732,6.99260139465332,766.330810546875,766.0162353515625,0.0003,0.0003,0.1
,,,,,640999,8431.204,1000,,,,,,,,
,,,,,641000,,,-770.5899047851562,-5.872800827026367,3.87947678565979,769.2459716796875,769.0411987304688,0.0003,0.0003,0.1
,,,,,641999,8126.6743,1000,,,,,,,,
,,,,,642000,,,-766.8662109375,-6.298938751220703,4.170847415924072,764.689453125,764.9251098632812,0.0003,0.0003,0.1
,,,,,642999,8548.964,1000,,,,,,,,
,,,,,643000,,,-766.1626586914062,-6.017711639404297,4.512040138244629,764.0809326171875,764.5426025390625,0.0003,0.0003,0.1
,,,,,643999,8512.41,1000,,,,,,,,
,,,,,644000,,,-782.1962280273438,-6.02036190032959,4.95218563079834,780.766845703125,780.8709106445312,0.0003,0.0003,0.1
,,,,,644999,8444.49,1000,,,,,,,,
8428.678,25.626581,8464.323,8383.64,1000.0,645000,,,-767.990478515625,-5.935591220855713,9.076339721679688,765.826904296875,766.0368041992188,0.0003,0.0003,0.1
,,,,,645999,8525.979,1000,,,,,,,,
,,,,,646000,,,-766.7400512695312,-6.340671539306641,4.101816177368164,764.548828125,764.4803466796875,0.0003,0.0003,0.1
,,,,,646999,8519.808,1000,,,,,,,,
,,,,,647000,,,-771.4122924804688,-6.151604175567627,7.46559476852417,769.3539428710938,769.5686645507812,0.0003,0.0003,0.1
,,,,,647999,8509.058,1000,,,,,,,,
,,,,,648000,,,-780.1461791992188,-6.16103982925415,4.999192714691162,778.730224609375,778.2235717773438,0.0003,0.0003,0.1
,,,,,648999,8368.171,1000,,,,,,,,
,,,,,649000,,,-761.0049438476562,-6.151191711425781,4.78134822845459,758.5902709960938,758.849853515625,0.0003,0.0003,0.1
,,,,,649999,8516.69,1000,,,,,,,,
8426.576,50.922203,8525.536,8314.3955,1000.0,650000,,,-771.6121826171875,-5.80686616897583,4.364401340484619,769.8551025390625,769.97705078125,0.0003,0.0003,0.1
,,,,,650999,8529.941,1000,,,,,,,,
,,,,,651000,,,-775.9080810546875,-6.32373571395874,3.6488239765167236,774.5828857421875,774.7340087890625,0.0003,0.0003,0.1
,,,,,651999,8529.51,1000,,,,,,,,
,,,,,652000,,,-780.2224731445312,-5.839592456817627,3.461344003677368,778.351318359375,778.5347290039062,0.0003,0.0003,0.1
,,,,,652999,8374.47,1000,,,,,,,,
,,,,,653000,,,-774.88427734375,-6.172882080078125,4.239931106567383,773.2651977539062,773.73388671875,0.0003,0.0003,0.1
,,,,,653999,8630.318,1000,,,,,,,,
,,,,,654000,,,-781.442138671875,-5.743709564208984,3.959580898284912,779.9834594726562,780.0462036132812,0.0003,0.0003,0.1
,,,,,654999,8551.961,1000,,,,,,,,
8561.822,34.432285,8627.258,8512.067,1000.0,655000,,,-772.4306030273438,-6.547018527984619,5.4832444190979,771.1717529296875,771.175537109375,0.0003,0.0003,0.1
,,,,,655999,8515.488,1000,,,,,,,,
,,,,,656000,,,-767.9912719726562,-6.684718132019043,5.065489768981934,765.934326171875,766.2410278320312,0.0003,0.0003,0.1
,,,,,656999,8453.412,1000,,,,,,,,
,,,,,657000,,,-781.7479858398438,-5.857563495635986,5.836224555969238,779.5380249023438,780.1153564453125,0.0003,0.0003,0.1
,,,,,657999,8554.207,1000,,,,,,,,
,,,,,658000,,,-784.1986694335938,-6.159603118896484,4.244189739227295,783.2102661132812,783.0020751953125,0.0003,0.0003,0.1
,,,,,658999,8546.41,1000,,,,,,,,
,,,,,659000,,,-767.75,-6.6022725105285645,8.422561645507812,765.9390258789062,766.4486083984375,0.0003,0.0003,0.1
,,,,,659999,8538.357,1000,,,,,,,,
8608.018,33.874252,8660.506,8552.948,1000.0,660000,,,-783.7355346679688,-5.950132369995117,4.194836139678955,782.0792236328125,782.289306640625,0.0003,0.0003,0.1
,,,,,660999,8571.437,1000,,,,,,,,
,,,,,661000,,,-785.739013671875,-6.3684821128845215,4.127705097198486,784.1038208007812,784.1260986328125,0.0003,0.0003,0.1
,,,,,661999,8475.871,1000,,,,,,,,
,,,,,662000,,,-783.376220703125,-5.542210102081299,3.6154894828796387,781.94287109375,781.7322998046875,0.0003,0.0003,0.1
,,,,,662999,8433.717,1000,,,,,,,,
,,,,,663000,,,-772.9353637695312,-5.9413042068481445,4.7755351066589355,770.813720703125,771.0164794921875,0.0003,0.0003,0.1
,,,,,663999,8088.1113,1000,,,,,,,,
,,,,,664000,,,-787.1502075195312,-5.975388050079346,5.262567043304443,785.68212890625,785.6903076171875,0.0003,0.0003,0.1
,,,,,664999,2663.5986,1000,,,,,,,,
8589.463,81.854324,8692.897,8475.495,1000.0,665000,,,-781.0669555664062,-6.172813415527344,5.557744026184082,779.1201782226562,779.475830078125,0.0003,0.0003,0.1
,,,,,665999,8412.112,1000,,,,,,,,
,,,,,666000,,,-785.718017578125,-5.770102024078369,6.258439064025879,784.0352783203125,783.93017578125,0.0003,0.0003,0.1
,,,,,666999,8557.291,1000,,,,,,,,
,,,,,667000,,,-791.2157592773438,-5.473304271697998,5.720547199249268,789.7366943359375,789.4100341796875,0.0003,0.0003,0.1
,,,,,667999,8286.432,1000,,,,,,,,
,,,,,668000,,,-782.3861083984375,-6.094974040985107,7.556151390075684,780.6564331054688,780.9239501953125,0.0003,0.0003,0.1
,,,,,668999,8577.806,1000,,,,,,,,
,,,,,669000,,,-779.955078125,-6.40933895111084,5.891485214233398,777.8627319335938,777.9984130859375,0.0003,0.0003,0.1
,,,,,669999,8614.024,1000,,,,,,,,
8438.52,245.49919,8644.423,7743.005,1000.0,670000,,,-785.5446166992188,-6.2686004638671875,5.870963096618652,783.9451904296875,783.8463745117188,0.0003,0.0003,0.1
,,,,,670999,8632.181,1000,,,,,,,,
,,,,,671000,,,-778.6551513671875,-6.348923206329346,4.9836907386779785,776.906982421875,776.5263671875,0.0003,0.0003,0.1
,,,,,671999,8619.788,1000,,,,,,,,
,,,,,672000,,,-776.8950805664062,-6.204244136810303,6.457063674926758,775.4503173828125,775.372802734375,0.0003,0.0003,0.1
,,,,,672999,8622.567,1000,,,,,,,,
,,,,,673000,,,-782.1525268554688,-6.4747514724731445,3.9542787075042725,780.30712890625,779.8995361328125,0.0003,0.0003,0.1
,,,,,673999,8648.121,1000,,,,,,,,
,,,,,674000,,,-786.6049194335938,-5.511710166931152,4.818578243255615,784.916748046875,784.962158203125,0.0003,0.0003,0.1
,,,,,674999,8640.841,1000,,,,,,,,
8628.278,100.08925,8779.493,8422.069,1000.0,675000,,,-792.3060302734375,-6.012382984161377,5.103708744049072,790.8916015625,790.8641967773438,0.0003,0.0003,0.1
,,,,,675999,8542.047,1000,,,,,,,,
,,,,,676000,,,-787.1172485351562,-6.358145713806152,4.265717029571533,785.1602783203125,785.4410400390625,0.0003,0.0003,0.1
,,,,,676999,8338.74,1000,,,,,,,,
,,,,,677000,,,-778.99267578125,-6.563950061798096,4.7740583419799805,776.8251953125,776.8994750976562,0.0003,0.0003,0.1
,,,,,677999,8668.09,1000,,,,,,,,
,,,,,678000,,,-783.4725341796875,-5.9801130294799805,7.645614147186279,781.5701904296875,781.8341674804688,0.0003,0.0003,0.1
,,,,,678999,8624.094,1000,,,,,,,,
,,,,,679000,,,-785.9828491210938,-6.300396919250488,4.133540630340576,784.0120849609375,784.286865234375,0.0003,0.0003,0.1
,,,,,679999,8603.914,1000,,,,,,,,
8666.484,107.78474,8811.469,8391.362,1000.0,680000,,,-778.8986206054688,-5.946279525756836,5.362476348876953,776.9351806640625,777.4669799804688,0.0003,0.0003,0.1
,,,,,680999,8438.71,1000,,,,,,,,
,,,,,681000,,,-787.2296752929688,-6.208054065704346,3.748502731323242,785.6901245117188,785.839599609375,0.0003,0.0003,0.1
,,,,,681999,8544.253,1000,,,,,,,,
,,,,,682000,,,-779.108642578125,-6.053714752197266,4.401922225952148,776.9054565429688,777.0548706054688,0.0003,0.0003,0.1
,,,,,682999,8649.419,1000,,,,,,,,
,,,,,683000,,,-792.607666015625,-6.170808792114258,6.230305194854736,791.1212158203125,791.8422241210938,0.0003,0.0003,0.1
,,,,,683999,7896.8564,1000,,,,,,,,
,,,,,684000,,,-789.3681030273438,-6.145148277282715,3.7841765880584717,787.9932250976562,788.2218627929688,0.0003,0.0003,0.1
,,,,,684999,8531.941,1000,,,,,,,,
8594.315,91.78196,8715.037,8352.969,1000.0,685000,,,-783.2548217773438,-6.179685592651367,6.543508529663086,781.6663818359375,781.625,0.0003,0.0003,0.1
,,,,,685999,8409.068,1000,,,,,,,,
,,,,,686000,,,-780.5922241210938,-6.141847133636475,6.821807861328125,778.7322998046875,778.8059692382812,0.0003,0.0003,0.1
,,,,,686999,8635.322,1000,,,,,,,,
,,,,,687000,,,-782.8847045898438,-6.002931594848633,6.560539722442627,780.878173828125,781.2686157226562,0.0003,0.0003,0.1
,,,,,687999,8656.742,1000,,,,,,,,
,,,,,688000,,,-793.1962890625,-6.338062763214111,4.758069038391113,791.5679321289062,791.7365112304688,0.0003,0.0003,0.1
,,,,,688999,8703.392,1000,,,,,,,,
,,,,,689000,,,-791.8307495117188,-6.35874605178833,4.233148097991943,790.0585327148438,789.9600830078125,0.0003,0.0003,0.1
,,,,,689999,8516.596,1000,,,,,,,,
8464.037,283.93903,8680.787,7704.511,1000.0,690000,,,-791.5919799804688,-6.368031024932861,7.132927417755127,789.6411743164062,789.9827880859375,0.0003,0.0003,0.1
,,,,,690999,8506.425,1000,,,,,,,,
,,,,,691000,,,-789.7744140625,-5.500313758850098,4.577657222747803,788.2761840820312,788.2498168945312,0.0003,0.0003,0.1
,,,,,691999,8676.174,1000,,,,,,,,
,,,,,692000,,,-796.1748657226562,-5.737924575805664,5.282601356506348,794.9688110351562,794.7034912109375,0.0003,0.0003,0.1
,,,,,692999,8609.452,1000,,,,,,,,
,,,,,693000,,,-786.709716796875,-6.0603790283203125,4.540958404541016,784.7200927734375,785.0005493164062,0.0003,0.0003,0.1
,,,,,693999,8527.781,1000,,,,,,,,
,,,,,694000,,,-795.5750732421875,-6.700843811035156,5.602173805236816,794.064697265625,793.8831176757812,0.0003,0.0003,0.1
,,,,,694999,8707.927,1000,,,,,,,,
8435.273,567.1028,8689.699,6742.184,1000.0,695000,,,-786.8212280273438,-5.946650981903076,6.030076503753662,784.9503173828125,784.656005859375,0.0003,0.0003,0.1
,,,,,695999,8721.669,1000,,,,,,,,
,,,,,696000,,,-777.0208740234375,-6.278781890869141,7.105740070343018,775.2381591796875,775.2000732421875,0.0003,0.0003,0.1
,,,,,696999,8375.809,1000,,,,,,,,
,,,,,697000,,,-796.8942260742188,-6.173957824707031,3.538806915283203,794.8018798828125,795.3247680664062,0.0003,0.0003,0.1
,,,,,697999,8725.1,1000,,,,,,,,
,,,,,698000,,,-798.2662353515625,-5.473940372467041,5.332104682922363,796.7277221679688,797.3070068359375,0.0003,0.0003,0.1
,,,,,698999,8642.884,1000,,,,,,,,
,,,,,699000,,,-790.3817138671875,-6.4511027336120605,5.975935935974121,788.7842407226562,788.9352416992188,0.0003,0.0003,0.1
,,,,,699999,8729.935,1000,,,,,,,,
8563.484,334.32315,8784.317,7592.6685,1000.0,700000,,,-789.7625732421875,-6.096439361572266,5.913560390472412,787.8529052734375,787.7857666015625,0.0003,0.0003,0.1
,,,,,700999,8652.389,1000,,,,,,,,
,,,,,701000,,,-794.271728515625,-5.892007350921631,4.208219528198242,792.4163208007812,792.2628784179688,0.0003,0.0003,0.1
,,,,,701999,8632.662,1000,,,,,,,,
,,,,,702000,,,-792.2086181640625,-6.411065101623535,5.84884786605835,790.6431884765625,790.6669311523438,0.0003,0.0003,0.1
,,,,,702999,8542.1455,1000,,,,,,,,
,,,,,703000,,,-793.4641723632812,-6.140646457672119,5.429847717285156,791.526611328125,792.1627807617188,0.0003,0.0003,0.1
,,,,,703999,8656.432,1000,,,,,,,,
,,,,,704000,,,-796.751220703125,-6.32199764251709,5.219510555267334,795.0238647460938,795.2169189453125,0.0003,0.0003,0.1
,,,,,704999,8779.198,1000,,,,,,,,
8740.13,71.991585,8831.102,8601.272,1000.0,705000,,,-792.0589599609375,-6.239099979400635,5.882079601287842,790.10107421875,790.638671875,0.0003,0.0003,0.1
,,,,,705999,8691.116,1000,,,,,,,,
,,,,,706000,,,-794.5494995117188,-6.855123996734619,4.721713066101074,792.6904296875,792.49658203125,0.0003,0.0003,0.1
,,,,,706999,8764.637,1000,,,,,,,,
,,,,,707000,,,-793.7538452148438,-6.21273946762085,4.721688270568848,791.9385375976562,792.095703125,0.0003,0.0003,0.1
,,,,,707999,8634.391,1000,,,,,,,,
,,,,,708000,,,-781.533203125,-5.8744988441467285,5.018019199371338,779.6209716796875,779.749267578125,0.0003,0.0003,0.1
,,,,,708999,8655.583,1000,,,,,,,,
,,,,,709000,,,-794.3855590820312,-6.295022010803223,4.685060977935791,793.2537841796875,792.850830078125,0.0003,0.0003,0.1
,,,,,709999,8764.63,1000,,,,,,,,
7995.5244,1925.5858,8857.837,2233.1338,1000.0,710000,,,-802.3836059570312,-6.1175971031188965,4.405780792236328,800.399658203125,800.5342407226562,0.0003,0.0003,0.1
,,,,,710999,8740.853,1000,,,,,,,,
,,,,,711000,,,-796.8782348632812,-6.713171005249023,5.311679840087891,794.9114990234375,794.8987426757812,0.0003,0.0003,0.1
,,,,,711999,8816.064,1000,,,,,,,,
,,,,,712000,,,-792.5594482421875,-6.25455379486084,5.637979507446289,790.9093017578125,790.6632080078125,0.0003,0.0003,0.1
,,,,,712999,8746.399,1000,,,,,,,,
,,,,,713000,,,-796.9908447265625,-6.341952323913574,4.446516036987305,795.05810546875,795.4556884765625,0.0003,0.0003,0.1
,,,,,713999,8650.717,1000,,,,,,,,
,,,,,714000,,,-803.0669555664062,-6.362821102142334,4.245882987976074,801.0806274414062,801.6582641601562,0.0003,0.0003,0.1
,,,,,714999,8712.347,1000,,,,,,,,
8396.457,1227.4609,8836.334,4714.923,1000.0,715000,,,-800.0574951171875,-5.849486827850342,3.870969295501709,798.2476196289062,797.965087890625,0.0003,0.0003,0.1
,,,,,715999,8796.08,1000,,,,,,,,
,,,,,716000,,,-793.3499755859375,-6.485740661621094,8.219474792480469,791.2841796875,791.2796630859375,0.0003,0.0003,0.1
,,,,,716999,8775.026,1000,,,,,,,,
,,,,,717000,,,-805.9963989257812,-5.691574573516846,7.2081685066223145,804.6389770507812,804.5567016601562,0.0003,0.0003,0.1
,,,,,717999,8644.665,1000,,,,,,,,
,,,,,718000,,,-798.6777954101562,-6.30855655670166,6.577548503875732,796.488525390625,796.0096435546875,0.0003,0.0003,0.1
,,,,,718999,8573.791,1000,,,,,,,,
,,,,,719000,,,-803.301025390625,-6.173743724822998,4.30776834487915,801.5451049804688,801.8890991210938,0.0003,0.0003,0.1
,,,,,719999,8825.52,1000,,,,,,,,
8680.415,71.70501,8763.561,8548.769,1000.0,720000,,,-801.2650146484375,-5.619887828826904,5.3372273445129395,799.6657104492188,799.5159912109375,0.0003,0.0003,0.1
,,,,,720999,8487.659,1000,,,,,,,,
,,,,,721000,,,-803.6723022460938,-5.827319145202637,5.347176551818848,802.0748901367188,802.495849609375,0.0003,0.0003,0.1
,,,,,721999,8723.354,1000,,,,,,,,
,,,,,722000,,,-797.6621704101562,-5.661888599395752,6.006746768951416,796.21533203125,796.63330078125,0.0003,0.0003,0.1
,,,,,722999,8662.722,1000,,,,,,,,
,,,,,723000,,,-802.1246337890625,-6.754302024841309,5.06529426574707,800.229248046875,799.9152221679688,0.0003,0.0003,0.1
,,,,,723999,8800.201,1000,,,,,,,,
,,,,,724000,,,-801.0196533203125,-6.1743059158325195,5.776451110839844,799.5525512695312,799.8380737304688,0.0003,0.0003,0.1
,,,,,724999,8569.7705,1000,,,,,,,,
8813.491,58.856712,8917.04,8665.514,1000.0,725000,,,-798.8529663085938,-5.663850784301758,4.906988620758057,796.7996826171875,797.4308471679688,0.0003,0.0003,0.1
,,,,,725999,8862.484,1000,,,,,,,,
,,,,,726000,,,-800.50830078125,-5.992291450500488,3.8665354251861572,798.8862915039062,799.0125732421875,0.0003,0.0003,0.1
,,,,,726999,8848.962,1000,,,,,,,,
,,,,,727000,,,-812.5472412109375,-5.718288421630859,3.5692267417907715,811.0411376953125,811.246826171875,0.0003,0.0003,0.1
,,,,,727999,8553.306,1000,,,,,,,,
,,,,,728000,,,-802.8008422851562,-6.176699638366699,4.346841812133789,801.0773315429688,801.3001708984375,0.0003,0.0003,0.1
,,,,,728999,8852.703,1000,,,,,,,,
,,,,,729000,,,-799.1953125,-6.070191383361816,4.446979999542236,797.6588134765625,797.4520263671875,0.0003,0.0003,0.1
,,,,,729999,8769.014,1000,,,,,,,,
8660.925,165.13159,8809.8,8245.998,1000.0,730000,,,-802.9689331054688,-5.706732749938965,4.788712501525879,801.75244140625,801.8089599609375,0.0003,0.0003,0.1
,,,,,730999,8717.497,1000,,,,,,,,
,,,,,731000,,,-809.2914428710938,-6.140510559082031,4.463549613952637,807.5221557617188,807.6724853515625,0.0003,0.0003,0.1
,,,,,731999,8776.564,1000,,,,,,,,
,,,,,732000,,,-808.919189453125,-5.836203575134277,4.294367790222168,807.1671142578125,806.7073364257812,0.0003,0.0003,0.1
,,,,,732999,8783.332,1000,,,,,,,,
,,,,,733000,,,-815.7943115234375,-6.31813907623291,3.2003254890441895,814.6947631835938,814.32568359375,0.0003,0.0003,0.1
,,,,,733999,8651.074,1000,,,,,,,,
,,,,,734000,,,-812.5203857421875,-5.36603307723999,5.108130931854248,811.4415893554688,811.80078125,0.0003,0.0003,0.1
,,,,,734999,8831.157,1000,,,,,,,,
8780.226,68.93583,8861.308,8644.972,1000.0,735000,,,-808.695068359375,-5.948914527893066,3.751559019088745,806.8307495117188,806.705810546875,0.0003,0.0003,0.1
,,,,,735999,8772.593,1000,,,,,,,,
,,,,,736000,,,-807.49267578125,-6.039768218994141,6.404266357421875,805.629150390625,805.54833984375,0.0003,0.0003,0.1
,,,,,736999,8790.39,1000,,,,,,,,
,,,,,737000,,,-815.1123657226562,-5.701144218444824,4.878157615661621,813.166259765625,813.8525390625,0.0003,0.0003,0.1
,,,,,737999,8670.9375,1000,,,,,,,,
,,,,,738000,,,-809.2822875976562,-6.132115840911865,4.678181171417236,807.6611328125,807.7334594726562,0.0003,0.0003,0.1
,,,,,738999,8821.106,1000,,,,,,,,
,,,,,739000,,,-809.9943237304688,-5.563254356384277,4.453941822052002,808.9154052734375,808.7625732421875,0.0003,0.0003,0.1
,,,,,739999,8714.644,1000,,,,,,,,
8972.835,80.408226,9176.3,8866.955,1000.0,740000,,,-809.3079223632812,-6.433010101318359,3.7563369274139404,807.5045166015625,807.5516967773438,0.0003,0.0003,0.1
,,,,,740999,8690.92,1000,,,,,,,,
,,,,,741000,,,-799.7998657226562,-6.3430986404418945,6.597598075866699,798.1702270507812,797.9334716796875,0.0003,0.0003,0.1
,,,,,741999,8453.276,1000,,,,,,,,
,,,,,742000,,,-803.862060546875,-6.385747909545898,5.213613033294678,801.773193359375,801.91015625,0.0003,0.0003,0.1
,,,,,742999,8719.503,1000,,,,,,,,
,,,,,743000,,,-805.59130859375,-5.972567081451416,5.8647565841674805,804.2574462890625,804.2777709960938,0.0003,0.0003,0.1
,,,,,743999,8759.684,1000,,,,,,,,
,,,,,744000,,,-812.0783081054688,-6.095205307006836,4.9931159019470215,810.4454956054688,810.3020629882812,0.0003,0.0003,0.1
,,,,,744999,8678.346,1000,,,,,,,,
8842.692,89.41409,8972.437,8626.367,1000.0,745000,,,-815.2190551757812,-6.175230026245117,7.892746925354004,813.9375,813.5962524414062,0.0003,0.0003,0.1
,,,,,745999,8805.295,1000,,,,,,,,
,,,,,746000,,,-809.7779541015625,-5.919504165649414,4.01076078414917,807.7732543945312,807.5751342773438,0.0003,0.0003,0.1
,,,,,746999,8768.441,1000,,,,,,,,
,,,,,747000,,,-811.8861694335938,-5.962380886077881,5.114185810089111,809.9393310546875,810.1184692382812,0.0003,0.0003,0.1
,,,,,747999,8849.969,1000,,,,,,,,
,,,,,748000,,,-811.8676147460938,-6.100572109222412,5.226207256317139,809.8836059570312,810.1761474609375,0.0003,0.0003,0.1
,,,,,748999,8889.587,1000,,,,,,,,
,,,,,749000,,,-805.267333984375,-6.547725677490234,5.721755027770996,803.8109130859375,803.6004028320312,0.0003,0.0003,0.1
,,,,,749999,8826.923,1000,,,,,,,,
8917.872,39.06884,9001.751,8853.229,1000.0,750000,,,-814.9881591796875,-6.033780097961426,4.414155006408691,813.1390380859375,813.6077880859375,0.0003,0.0003,0.1
,,,,,750999,6576.2383,1000,,,,,,,,
,,,,,751000,,,-820.0443115234375,-5.766633987426758,5.29065465927124,818.552734375,818.370849609375,0.0003,0.0003,0.1
,,,,,751999,8776.153,1000,,,,,,,,
,,,,,752000,,,-803.8404541015625,-6.620807647705078,6.771999835968018,802.1455078125,801.974853515625,0.0003,0.0003,0.1
,,,,,752999,7451.2065,1000,,,,,,,,
,,,,,753000,,,-816.08203125,-5.870604515075684,4.368188858032227,814.6522827148438,815.1646728515625,0.0003,0.0003,0.1
,,,,,753999,8938.265,1000,,,,,,,,
,,,,,754000,,,-809.8174438476562,-6.174999237060547,6.638704299926758,808.35498046875,808.2930908203125,0.0003,0.0003,0.1
,,,,,754999,8742.715,1000,,,,,,,,
8556.178,771.60333,8881.112,6246.7393,1000.0,755000,,,-809.1817626953125,-6.507747173309326,5.742465019226074,807.62841796875,807.071533203125,0.0003,0.0003,0.1
,,,,,755999,8823.447,1000,,,,,,,,
,,,,,756000,,,-814.28564453125,-6.291671276092529,6.185143947601318,812.9840698242188,812.1795043945312,0.0003,0.0003,0.1
,,,,,756999,8859.709,1000,,,,,,,,
,,,,,757000,,,-812.4326782226562,-5.628257751464844,5.862402439117432,811.0425415039062,811.1416015625,0.0003,0.0003,0.1
,,,,,757999,8895.264,1000,,,,,,,,
,,,,,758000,,,-824.2227172851562,-5.286594867706299,4.338659286499023,822.8724365234375,823.2178955078125,0.0003,0.0003,0.1
,,,,,758999,8819.911,1000,,,,,,,,
,,,,,759000,,,-811.2322387695312,-5.906744003295898,6.864914417266846,809.7120361328125,809.7347412109375,0.0003,0.0003,0.1
,,,,,759999,8677.273,1000,,,,,,,,
8942.707,48.30901,9010.71,8862.858,1000.0,760000,,,-813.2811889648438,-6.2604241371154785,5.221256732940674,811.344482421875,811.381591796875,0.0003,0.0003,0.1
,,,,,760999,8812.723,1000,,,,,,,,
,,,,,761000,,,-807.6908569335938,-5.588822364807129,6.291103363037109,806.0963134765625,805.573486328125,0.0003,0.0003,0.1
,,,,,761999,8814.449,1000,,,,,,,,
,,,,,762000,,,-818.735595703125,-6.055936813354492,4.692743301391602,817.0192260742188,817.072998046875,0.0003,0.0003,0.1
,,,,,762999,8854.114,1000,,,,,,,,
,,,,,763000,,,-818.1285400390625,-6.135507583618164,10.99128246307373,816.6159057617188,816.330078125,0.0003,0.0003,0.1
,,,,,763999,8711.532,1000,,,,,,,,
,,,,,764000,,,-828.09765625,-5.460394859313965,4.458381175994873,826.880859375,826.66162109375,0.0003,0.0003,0.1
,,,,,764999,8820.172,1000,,,,,,,,
8889.403,86.765854,8986.375,8676.871,1000.0,765000,,,-803.7665405273438,-5.8338847160339355,7.507474899291992,801.7547607421875,801.7766723632812,0.0003,0.0003,0.1
,,,,,765999,8871.431,1000,,,,,,,,
,,,,,766000,,,-816.8802490234375,-6.0547356605529785,4.238579750061035,815.2421875,815.2369384765625,0.0003,0.0003,0.1
,,,,,766999,1218.467,1000,,,,,,,,
,,,,,767000,,,-811.5491943359375,-5.639411926269531,5.074728012084961,809.9248657226562,809.9494018554688,0.0003,0.0003,0.1
,,,,,767999,8890.888,1000,,,,,,,,
,,,,,768000,,,-810.974853515625,-5.834064483642578,10.97247314453125,810.0578002929688,809.7221069335938,0.0003,0.0003,0.1
,,,,,768999,8755.705,1000,,,,,,,,
,,,,,769000,,,-820.79736328125,-6.349837779998779,6.254158973693848,819.12353515625,819.2279052734375,0.0003,0.0003,0.1
,,,,,769999,8894.817,1000,,,,,,,,
8823.712,30.770636,8884.774,8761.289,1000.0,770000,,,-818.3656616210938,-5.699656963348389,5.390560626983643,816.4785766601562,816.55810546875,0.0003,0.0003,0.1
,,,,,770999,8870.605,1000,,,,,,,,
,,,,,771000,,,-813.0685424804688,-6.283874034881592,6.944457530975342,811.3487548828125,811.4132690429688,0.0003,0.0003,0.1
,,,,,771999,6763.694,1000,,,,,,,,
,,,,,772000,,,-821.031982421875,-6.290067672729492,6.862184524536133,819.8656005859375,819.9298095703125,0.0003,0.0003,0.1
,,,,,772999,8408.86,1000,,,,,,,,
,,,,,773000,,,-819.3355102539062,-6.104144096374512,11.836277961730957,817.6931762695312,817.40625,0.0003,0.0003,0.1
,,,,,773999,8826.103,1000,,,,,,,,
,,,,,774000,,,-818.3106079101562,-5.982532978057861,4.877456188201904,816.9681396484375,816.9625244140625,0.0003,0.0003,0.1
,,,,,774999,8856.328,1000,,,,,,,,
8543.898,912.054,9016.739,5888.12,1000.0,775000,,,-816.3704833984375,-6.3498992919921875,5.300942420959473,814.8831787109375,814.5037231445312,0.0003,0.0003,0.1
,,,,,775999,8828.745,1000,,,,,,,,
,,,,,776000,,,-831.6454467773438,-5.437960624694824,4.401244640350342,830.3203125,830.5197143554688,0.0003,0.0003,0.1
,,,,,776999,8728.337,1000,,,,,,,,
,,,,,777000,,,-818.3561401367188,-6.1400861740112305,4.656769752502441,817.1085205078125,816.7122802734375,0.0003,0.0003,0.1
,,,,,777999,8633.83,1000,,,,,,,,
,,,,,778000,,,-816.8389892578125,-6.399898529052734,10.322037696838379,815.223388671875,814.970703125,0.0003,0.0003,0.1
,,,,,778999,8781.128,1000,,,,,,,,
,,,,,779000,,,-819.9472045898438,-5.530936241149902,4.299483299255371,818.4813842773438,818.7412109375,0.0003,0.0003,0.1
,,,,,779999,8824.995,1000,,,,,,,,
8122.3735,1387.7681,8883.858,4361.585,1000.0,780000,,,-816.6021118164062,-6.0881853103637695,7.983750343322754,814.5839233398438,814.8384399414062,0.0003,0.0003,0.1
,,,,,780999,8632.499,1000,,,,,,,,
,,,,,781000,,,-817.19921875,-5.738531112670898,4.754383087158203,815.4441528320312,815.5774536132812,0.0003,0.0003,0.1
,,,,,781999,8683.629,1000,,,,,,,,
,,,,,782000,,,-819.7556762695312,-6.174088478088379,4.890813827514648,817.6805419921875,817.8809814453125,0.0003,0.0003,0.1
,,,,,782999,8670.024,1000,,,,,,,,
,,,,,783000,,,-813.0010375976562,-5.8345417976379395,4.206180095672607,811.600830078125,811.4375610351562,0.0003,0.0003,0.1
,,,,,783999,8810.328,1000,,,,,,,,
,,,,,784000,,,-808.7245483398438,-5.9761786460876465,6.802925109863281,806.9153442382812,806.952392578125,0.0003,0.0003,0.1
,,,,,784999,8852.941,1000,,,,,,,,
8907.565,38.962143,8943.535,8847.82,1000.0,785000,,,-816.7689819335938,-6.233476161956787,6.301699638366699,814.9629516601562,815.193359375,0.0003,0.0003,0.1
,,,,,785999,8754.206,1000,,,,,,,,
,,,,,786000,,,-813.853271484375,-5.674212455749512,5.524448871612549,812.2218017578125,812.900390625,0.0003,0.0003,0.1
,,,,,786999,8873.555,1000,,,,,,,,
,,,,,787000,,,-821.7550659179688,-6.206106662750244,4.6996612548828125,820.2466430664062,819.797607421875,0.0003,0.0003,0.1
,,,,,787999,8824.154,1000,,,,,,,,
,,,,,788000,,,-821.809326171875,-5.5538649559021,4.535527229309082,819.8442993164062,820.3599853515625,0.0003,0.0003,0.1
,,,,,788999,8879.062,1000,,,,,,,,
,,,,,789000,,,-815.3164672851562,-6.0215253829956055,5.908164978027344,813.8789672851562,813.6283569335938,0.0003,0.0003,0.1
,,,,,789999,8815.871,1000,,,,,,,,
8325.484,1379.5121,8906.734,4191.3135,1000.0,790000,,,-816.4490356445312,-6.47353982925415,5.220901966094971,814.5671997070312,814.8463745117188,0.0003,0.0003,0.1
,,,,,790999,8835.826,1000,,,,,,,,
,,,,,791000,,,-815.313720703125,-6.006302356719971,6.428342342376709,813.901123046875,813.742431640625,0.0003,0.0003,0.1
,,,,,791999,8888.163,1000,,,,,,,,
,,,,,792000,,,-824.9179077148438,-6.375583648681641,4.923806190490723,823.42822265625,822.90625,0.0003,0.0003,0.1
,,,,,792999,8928.821,1000,,,,,,,,
,,,,,793000,,,-822.1569213867188,-5.754150390625,3.941307306289673,820.7493896484375,820.4801025390625,0.0003,0.0003,0.1
,,,,,793999,8809.12,1000,,,,,,,,
,,,,,794000,,,-814.87060546875,-6.220692157745361,6.987898826599121,813.1190185546875,813.5742797851562,0.0003,0.0003,0.1
,,,,,794999,8858.503,1000,,,,,,,,
8448.149,687.3893,8923.506,6912.7793,1000.0,795000,,,-810.2692260742188,-6.337403297424316,6.342740535736084,808.3111572265625,807.7708129882812,0.0003,0.0003,0.1
,,,,,795999,8828.366,1000,,,,,,,,
,,,,,796000,,,-821.2761840820312,-5.763083457946777,5.858644485473633,819.8816528320312,819.7832641601562,0.0003,0.0003,0.1
,,,,,796999,8685.755,1000,,,,,,,,
,,,,,797000,,,-818.0652465820312,-5.798168659210205,17.28160858154297,816.222412109375,816.9620971679688,0.0003,0.0003,0.1
,,,,,797999,8783.214,1000,,,,,,,,
,,,,,798000,,,-805.7708740234375,-6.1603312492370605,7.546756744384766,803.9945678710938,804.5081176757812,0.0003,0.0003,0.1
,,,,,798999,8854.816,1000,,,,,,,,
,,,,,799000,,,-826.1777954101562,-6.08693265914917,4.942718029022217,824.367919921875,824.3193969726562,0.0003,0.0003,0.1
,,,,,799999,8810.921,1000,,,,,,,,
8398.242,1410.267,8938.722,4170.345,1000.0,800000,,,-827.5601196289062,-5.536524295806885,4.057549953460693,825.9163208007812,825.9037475585938,0.0003,0.0003,0.1
,,,,,800999,8832.043,1000,,,,,,,,
,,,,,801000,,,-817.7505493164062,-6.201732635498047,4.923182010650635,816.17919921875,816.0520629882812,0.0003,0.0003,0.1
,,,,,801999,8943.257,1000,,,,,,,,
,,,,,802000,,,-818.7489624023438,-5.654389381408691,5.571669101715088,817.1390991210938,816.79833984375,0.0003,0.0003,0.1
,,,,,802999,8832.002,1000,,,,,,,,
,,,,,803000,,,-821.0686645507812,-6.232256889343262,5.7020673751831055,819.4344482421875,819.4215087890625,0.0003,0.0003,0.1
,,,,,803999,8856.093,1000,,,,,,,,
,,,,,804000,,,-828.443603515625,-5.616703033447266,6.184183597564697,826.51171875,826.12451171875,0.0003,0.0003,0.1
,,,,,804999,8874.889,1000,,,,,,,,
8987.258,70.26638,9097.402,8834.398,1000.0,805000,,,-831.6513061523438,-5.894828796386719,5.811387062072754,829.8287963867188,829.7083129882812,0.0003,0.0003,0.1
,,,,,805999,8881.374,1000,,,,,,,,
,,,,,806000,,,-830.1911010742188,-6.270989418029785,5.011223316192627,828.8760375976562,828.4417114257812,0.0003,0.0003,0.1
,,,,,806999,8834.822,1000,,,,,,,,
,,,,,807000,,,-824.3707885742188,-5.987946033477783,4.726336479187012,822.7141723632812,822.7069091796875,0.0003,0.0003,0.1
,,,,,807999,8649.419,1000,,,,,,,,
,,,,,808000,,,-818.7267456054688,-6.1984968185424805,6.643350601196289,817.1656494140625,817.1256713867188,0.0003,0.0003,0.1
,,,,,808999,8969.987,1000,,,,,,,,
,,,,,809000,,,-828.0647583007812,-6.33711051940918,8.836282730102539,826.2662963867188,826.2818603515625,0.0003,0.0003,0.1
,,,,,809999,8963.043,1000,,,,,,,,
8903.517,63.818077,9023.689,8820.509,1000.0,810000,,,-827.8892822265625,-6.013006210327148,6.343472957611084,826.2017822265625,826.263427734375,0.0003,0.0003,0.1
,,,,,810999,9055.996,1000,,,,,,,,
,,,,,811000,,,-822.1310424804688,-6.369638919830322,13.196637153625488,820.70703125,820.811767578125,0.0003,0.0003,0.1
,,,,,811999,8881.827,1000,,,,,,,,
,,,,,812000,,,-822.4420776367188,-6.720170021057129,6.993666172027588,820.9404296875,820.9673461914062,0.0003,0.0003,0.1
,,,,,812999,9058.418,1000,,,,,,,,
,,,,,813000,,,-823.781982421875,-5.763061046600342,5.529839515686035,822.1286010742188,822.3554077148438,0.0003,0.0003,0.1
,,,,,813999,8949.029,1000,,,,,,,,
,,,,,814000,,,-827.8373413085938,-6.543341636657715,5.9157280921936035,826.09521484375,826.1497192382812,0.0003,0.0003,0.1
,,,,,814999,9068.928,1000,,,,,,,,
9007.0,50.214718,9078.3545,8918.727,1000.0,815000,,,-838.460205078125,-5.725330829620361,3.672962188720703,837.0747680664062,836.8421630859375,0.0003,0.0003,0.1
,,,,,815999,8906.029,1000,,,,,,,,
,,,,,816000,,,-821.546875,-6.410284042358398,7.8263959884643555,819.4850463867188,819.023681640625,0.0003,0.0003,0.1
,,,,,816999,9030.736,1000,,,,,,,,
,,,,,817000,,,-831.5510864257812,-6.352035999298096,5.805872917175293,829.8291015625,829.8470458984375,0.0003,0.0003,0.1
,,,,,817999,9013.666,1000,,,,,,,,
,,,,,818000,,,-834.02392578125,-6.033803939819336,4.554540634155273,832.8040771484375,832.4977416992188,0.0003,0.0003,0.1
,,,,,818999,9010.608,1000,,,,,,,,
,,,,,819000,,,-830.4241943359375,-6.174949645996094,7.020081520080566,828.9989013671875,828.699462890625,0.0003,0.0003,0.1
,,,,,819999,8878.764,1000,,,,,,,,
8907.2705,75.36874,9037.598,8740.59,1000.0,820000,,,-828.2559814453125,-6.242728233337402,7.445451736450195,827.5108032226562,827.3049926757812,0.0003,0.0003,0.1
,,,,,820999,9000.35,1000,,,,,,,,
,,,,,821000,,,-824.861083984375,-6.116146564483643,3.86860728263855,823.0059814453125,823.3140869140625,0.0003,0.0003,0.1
,,,,,821999,9030.243,1000,,,,,,,,
,,,,,822000,,,-824.0385131835938,-6.131887912750244,4.763002872467041,822.3475952148438,822.3363037109375,0.0003,0.0003,0.1
,,,,,822999,9080.966,1000,,,,,,,,
,,,,,823000,,,-823.3741455078125,-6.120026588439941,5.833560943603516,821.235107421875,821.89208984375,0.0003,0.0003,0.1
,,,,,823999,9004.602,1000,,,,,,,,
,,,,,824000,,,-830.0862426757812,-5.866447448730469,7.434029579162598,828.7449951171875,828.6123657226562,0.0003,0.0003,0.1
,,,,,824999,8378.5625,1000,,,,,,,,
8873.861,428.99884,9065.544,7592.5903,1000.0,825000,,,-837.1177368164062,-5.692301273345947,4.244341850280762,835.4810180664062,835.3741455078125,0.0003,0.0003,0.1
,,,,,825999,7883.149,1000,,,,,,,,
,,,,,826000,,,-834.2877807617188,-5.439250946044922,9.651638984680176,832.7498779296875,832.4274291992188,0.0003,0.0003,0.1
,,,,,826999,9000.005,1000,,,,,,,,
,,,,,827000,,,-833.015869140625,-5.702545642852783,6.360823154449463,831.5589599609375,831.589111328125,0.0003,0.0003,0.1
,,,,,827999,9029.633,1000,,,,,,,,
,,,,,828000,,,-836.0674438476562,-6.143794059753418,8.271140098571777,834.3846435546875,834.8711547851562,0.0003,0.0003,0.1
,,,,,828999,9017.885,1000,,,,,,,,
,,,,,829000,,,-830.1923217773438,-5.5029449462890625,6.840814113616943,828.9410400390625,828.25439453125,0.0003,0.0003,0.1
,,,,,829999,9039.276,1000,,,,,,,,
8221.682,2247.158,9030.408,1481.1798,1000.0,830000,,,-832.5081787109375,-5.956237316131592,7.60164213180542,831.2413940429688,830.9493408203125,0.0003,0.0003,0.1
,,,,,830999,9074.054,1000,,,,,,,,
,,,,,831000,,,-836.0701293945312,-5.896334648132324,3.9243438243865967,834.2659912109375,834.2478637695312,0.0003,0.0003,0.1
,,,,,831999,8165.876,1000,,,,,,,,
,,,,,832000,,,-837.2728881835938,-6.1760053634643555,4.082492351531982,835.8077392578125,835.6305541992188,0.0003,0.0003,0.1
,,,,,832999,8963.495,1000,,,,,,,,
,,,,,833000,,,-831.8519287109375,-6.11737585067749,5.229998588562012,829.9299926757812,830.4150390625,0.0003,0.0003,0.1
,,,,,833999,9020.164,1000,,,,,,,,
,,,,,834000,,,-834.5121459960938,-5.805774211883545,4.917518138885498,832.573974609375,832.603759765625,0.0003,0.0003,0.1
,,,,,834999,9085.388,1000,,,,,,,,
8961.318,51.01207,9070.507,8885.392,1000.0,835000,,,-840.8239135742188,-5.719464302062988,4.995124340057373,839.0399169921875,839.2552490234375,0.0003,0.0003,0.1
,,,,,835999,9052.047,1000,,,,,,,,
,,,,,836000,,,-836.8025512695312,-5.761192798614502,5.805997371673584,835.4570922851562,835.1553955078125,0.0003,0.0003,0.1
,,,,,836999,8552.337,1000,,,,,,,,
,,,,,837000,,,-832.6021118164062,-6.148860931396484,6.5030927658081055,831.1694946289062,831.1192626953125,0.0003,0.0003,0.1
,,,,,837999,8990.355,1000,,,,,,,,
,,,,,838000,,,-846.169921875,-6.0693511962890625,3.915663003921509,844.8187255859375,844.6887817382812,0.0003,0.0003,0.1
,,,,,838999,9054.087,1000,,,,,,,,
,,,,,839000,,,-838.1852416992188,-5.703219890594482,7.301332950592041,836.8193359375,837.1643676757812,0.0003,0.0003,0.1
,,,,,839999,8849.458,1000,,,,,,,,
9024.232,61.58018,9089.736,8880.055,1000.0,840000,,,-840.1871337890625,-6.365715980529785,5.246525764465332,838.876953125,839.0382690429688,0.0003,0.0003,0.1
,,,,,840999,8977.155,1000,,,,,,,,
,,,,,841000,,,-832.870849609375,-6.6269330978393555,8.301854133605957,831.2901611328125,831.522705078125,0.0003,0.0003,0.1
,,,,,841999,9015.9795,1000,,,,,,,,
,,,,,842000,,,-826.954345703125,-6.629137992858887,14.123793601989746,825.3358764648438,825.4893798828125,0.0003,0.0003,0.1
,,,,,842999,8990.231,1000,,,,,,,,
,,,,,843000,,,-833.2221069335938,-6.210597991943359,6.928273677825928,831.8054809570312,831.4913330078125,0.0003,0.0003,0.1
,,,,,843999,8982.635,1000,,,,,,,,
,,,,,844000,,,-849.0391845703125,-5.770063400268555,3.69329571723938,847.656494140625,848.0371704101562,0.0003,0.0003,0.1
,,,,,844999,9016.114,1000,,,,,,,,
9142.766,46.81754,9197.713,9058.165,1000.0,845000,,,-832.6450805664062,-6.436275959014893,4.482517242431641,831.0997314453125,831.5224609375,0.0003,0.0003,0.1
,,,,,845999,8981.281,1000,,,,,,,,
,,,,,846000,,,-838.2252807617188,-5.592843055725098,5.622987747192383,836.4556274414062,836.9261474609375,0.0003,0.0003,0.1
,,,,,846999,9089.982,1000,,,,,,,,
,,,,,847000,,,-843.6216430664062,-5.933699607849121,3.3198628425598145,842.19189453125,842.56396484375,0.0003,0.0003,0.1
,,,,,847999,7395.1587,1000,,,,,,,,
,,,,,848000,,,-842.9337768554688,-5.755257606506348,11.004671096801758,841.7171630859375,842.235107421875,0.0003,0.0003,0.1
,,,,,848999,8894.408,1000,,,,,,,,
,,,,,849000,,,-840.53076171875,-5.795536994934082,9.918704986572266,839.1719360351562,839.2257080078125,0.0003,0.0003,0.1
,,,,,849999,8993.623,1000,,,,,,,,
8931.055,34.96115,8998.344,8871.563,1000.0,850000,,,-838.6946411132812,-5.843291759490967,5.9991865158081055,837.2259521484375,836.931640625,0.0003,0.0003,0.1
,,,,,850999,9069.141,1000,,,,,,,,
,,,,,851000,,,-845.0155639648438,-6.030826568603516,5.694320201873779,843.6287841796875,843.495849609375,0.0003,0.0003,0.1
,,,,,851999,8927.051,1000,,,,,,,,
,,,,,852000,,,-834.7511596679688,-6.035562992095947,6.595760345458984,832.9354248046875,833.0746459960938,0.0003,0.0003,0.1
,,,,,852999,9064.291,1000,,,,,,,,
,,,,,853000,,,-834.6896362304688,-5.9540886878967285,6.315584182739258,833.1326904296875,833.4256591796875,0.0003,0.0003,0.1
,,,,,853999,9119.582,1000,,,,,,,,
,,,,,854000,,,-837.42724609375,-5.832307815551758,4.685815334320068,835.777587890625,835.83544921875,0.0003,0.0003,0.1
,,,,,854999,9125.369,1000,,,,,,,,
9104.806,57.192055,9172.537,8976.752,1000.0,855000,,,-840.7645874023438,-5.790436744689941,6.444753646850586,839.0228881835938,839.32470703125,0.0003,0.0003,0.1
,,,,,855999,8971.348,1000,,,,,,,,
,,,,,856000,,,-838.8036499023438,-5.88677453994751,6.27169132232666,837.9287109375,837.12353515625,0.0003,0.0003,0.1
,,,,,856999,8891.853,1000,,,,,,,,
,,,,,857000,,,-837.085693359375,-6.067306995391846,5.5279622077941895,835.9816284179688,835.6654663085938,0.0003,0.0003,0.1
,,,,,857999,9040.316,1000,,,,,,,,
,,,,,858000,,,-839.7975463867188,-5.607242584228516,9.715258598327637,838.3433837890625,838.8878784179688,0.0003,0.0003,0.1
,,,,,858999,9051.8545,1000,,,,,,,,
,,,,,859000,,,-835.7744750976562,-5.964664936065674,4.419722557067871,834.0050659179688,833.6049194335938,0.0003,0.0003,0.1
,,,,,859999,9091.632,1000,,,,,,,,
8947.072,240.15787,9108.337,8269.329,1000.0,860000,,,-839.3291015625,-6.036932945251465,4.45241641998291,837.9275512695312,837.9574584960938,0.0003,0.0003,0.1
,,,,,860999,8911.75,1000,,,,,,,,
,,,,,861000,,,-838.1681518554688,-5.694561004638672,5.169110298156738,836.303955078125,836.9666748046875,0.0003,0.0003,0.1
,,,,,861999,9116.469,1000,,,,,,,,
,,,,,862000,,,-848.6092529296875,-5.979548931121826,6.304634094238281,847.32666015625,847.016357421875,0.0003,0.0003,0.1
,,,,,862999,9175.38,1000,,,,,,,,
,,,,,863000,,,-839.4224243164062,-6.459290027618408,7.483297348022461,838.255615234375,837.7496337890625,0.0003,0.0003,0.1
,,,,,863999,8960.076,1000,,,,,,,,
,,,,,864000,,,-841.1441650390625,-5.519705772399902,4.4231696128845215,839.497314453125,840.1476440429688,0.0003,0.0003,0.1
,,,,,864999,9232.1045,1000,,,,,,,,
9093.544,61.6751,9175.406,9002.706,1000.0,865000,,,-850.2977294921875,-6.2334113121032715,4.6334991455078125,848.8983154296875,848.980224609375,0.0003,0.0003,0.1
,,,,,865999,5965.277,1000,,,,,,,,
,,,,,866000,,,-844.1380615234375,-5.761431694030762,7.014625549316406,842.218505859375,842.538818359375,0.0003,0.0003,0.1
,,,,,866999,9023.384,1000,,,,,,,,
,,,,,867000,,,-840.7241821289062,-5.819535732269287,6.198423862457275,839.1328125,838.9685668945312,0.0003,0.0003,0.1
,,,,,867999,8979.619,1000,,,,,,,,
,,,,,868000,,,-841.2863159179688,-6.028448581695557,4.704586029052734,839.904541015625,839.80517578125,0.0003,0.0003,0.1
,,,,,868999,8802.268,1000,,,,,,,,
,,,,,869000,,,-833.9334716796875,-6.188194751739502,6.202292442321777,831.7420654296875,831.9606323242188,0.0003,0.0003,0.1
,,,,,869999,465.9912,1000,,,,,,,,
9056.725,50.572533,9127.595,8957.104,1000.0,870000,,,-840.6861572265625,-5.830358505249023,5.345088005065918,839.1544189453125,839.001708984375,0.0003,0.0003,0.1
,,,,,870999,8908.55,1000,,,,,,,,
,,,,,871000,,,-832.6859130859375,-6.418222904205322,7.365199089050293,831.0687255859375,831.3187255859375,0.0003,0.0003,0.1
,,,,,871999,8996.96,1000,,,,,,,,
,,,,,872000,,,-833.3182373046875,-6.130117416381836,11.700665473937988,831.8824462890625,832.0447998046875,0.0003,0.0003,0.1
,,,,,872999,8890.547,1000,,,,,,,,
,,,,,873000,,,-836.6952514648438,-6.198277950286865,4.291835784912109,834.6060791015625,834.8071899414062,0.0003,0.0003,0.1
,,,,,873999,9083.872,1000,,,,,,,,
,,,,,874000,,,-843.3062133789062,-6.036720275878906,4.613259315490723,841.950927734375,841.321533203125,0.0003,0.0003,0.1
,,,,,874999,8982.441,1000,,,,,,,,
8461.482,1370.9802,9078.128,4357.2754,1000.0,875000,,,-842.2386474609375,-5.5073394775390625,9.845035552978516,840.8929443359375,841.091796875,0.0003,0.0003,0.1
,,,,,875999,8964.418,1000,,,,,,,,
,,,,,876000,,,-850.4410400390625,-5.461354732513428,6.283852577209473,848.819580078125,849.1896362304688,0.0003,0.0003,0.1
,,,,,876999,8986.535,1000,,,,,,,,
,,,,,877000,,,-836.2716674804688,-6.000817775726318,4.565316200256348,835.0136108398438,834.7694091796875,0.0003,0.0003,0.1
,,,,,877999,9048.131,1000,,,,,,,,
,,,,,878000,,,-840.7651977539062,-5.77714729309082,7.284961223602295,839.2929077148438,839.31103515625,0.0003,0.0003,0.1
,,,,,878999,9044.218,1000,,,,,,,,
,,,,,879000,,,-840.2440795898438,-5.144440174102783,5.766419410705566,839.2501220703125,839.2965087890625,0.0003,0.0003,0.1
,,,,,879999,8908.827,1000,,,,,,,,
8987.756,337.3189,9214.594,8010.824,1000.0,880000,,,-844.5376586914062,-5.834743499755859,3.717745542526245,843.41015625,842.9884033203125,0.0003,0.0003,0.1
,,,,,880999,9032.951,1000,,,,,,,,
,,,,,881000,,,-835.3154296875,-6.548765182495117,6.258753776550293,833.634765625,833.3648071289062,0.0003,0.0003,0.1
,,,,,881999,8943.637,1000,,,,,,,,
,,,,,882000,,,-846.490478515625,-5.530845642089844,5.97866153717041,845.1348876953125,844.6930541992188,0.0003,0.0003,0.1
,,,,,882999,9117.02,1000,,,,,,,,
,,,,,883000,,,-837.5093994140625,-6.289265155792236,10.520842552185059,835.3275146484375,835.525634765625,0.0003,0.0003,0.1
,,,,,883999,9067.969,1000,,,,,,,,
,,,,,884000,,,-845.0089721679688,-5.9965996742248535,4.643121242523193,843.5116577148438,843.7181396484375,0.0003,0.0003,0.1
,,,,,884999,9027.078,1000,,,,,,,,
8723.104,841.6579,9193.478,6588.625,1000.0,885000,,,-849.22509765625,-6.06156587600708,5.808372497558594,847.3438720703125,847.6259155273438,0.0003,0.0003,0.1
,,,,,885999,8929.298,1000,,,,,,,,
,,,,,886000,,,-839.8527221679688,-5.9842071533203125,5.646735191345215,838.2462768554688,838.043212890625,0.0003,0.0003,0.1
,,,,,886999,9009.955,1000,,,,,,,,
,,,,,887000,,,-841.7937622070312,-6.027631759643555,6.281550407409668,840.2301025390625,839.8095092773438,0.0003,0.0003,0.1
,,,,,887999,9015.836,1000,,,,,,,,
,,,,,888000,,,-832.97265625,-5.781490325927734,14.482719421386719,831.384765625,831.30810546875,0.0003,0.0003,0.1
,,,,,888999,9089.056,1000,,,,,,,,
,,,,,889000,,,-841.5912475585938,-6.167862892150879,5.742919921875,839.8906860351562,840.2598876953125,0.0003,0.0003,0.1
,,,,,889999,9128.742,1000,,,,,,,,
9056.963,71.29032,9138.5205,8876.251,1000.0,890000,,,-841.4589233398438,-6.467065811157227,7.836091995239258,839.37646484375,839.64111328125,0.0003,0.0003,0.1
,,,,,890999,9138.122,1000,,,,,,,,
,,,,,891000,,,-841.77294921875,-6.135900020599365,6.7470293045043945,839.9804077148438,839.9345092773438,0.0003,0.0003,0.1
,,,,,891999,9058.134,1000,,,,,,,,
,,,,,892000,,,-849.412109375,-6.466145992279053,5.760872840881348,847.77099609375,847.9996337890625,0.0003,0.0003,0.1
,,,,,892999,9148.301,1000,,,,,,,,
,,,,,893000,,,-826.7459716796875,-6.527542591094971,5.955114364624023,824.9664306640625,824.7188720703125,0.0003,0.0003,0.1
,,,,,893999,9125.546,1000,,,,,,,,
,,,,,894000,,,-849.1286010742188,-6.227145195007324,6.397228717803955,847.6415405273438,847.699951171875,0.0003,0.0003,0.1
,,,,,894999,9186.228,1000,,,,,,,,
8510.5625,1857.6731,9302.028,2990.9297,1000.0,895000,,,-829.2223510742188,-6.5397868156433105,9.826478958129883,827.4755859375,827.2892456054688,0.0003,0.0003,0.1
,,,,,895999,9109.331,1000,,,,,,,,
,,,,,896000,,,-841.8816528320312,-6.324914932250977,5.493898868560791,840.1837158203125,840.0889282226562,0.0003,0.0003,0.1
,,,,,896999,8984.344,1000,,,,,,,,
,,,,,897000,,,-849.5950317382812,-6.07357931137085,7.250502109527588,848.1925659179688,847.9248046875,0.0003,0.0003,0.1
,,,,,897999,9158.895,1000,,,,,,,,
,,,,,898000,,,-839.0939331054688,-5.856227874755859,4.466653823852539,837.150390625,837.3135986328125,0.0003,0.0003,0.1
,,,,,898999,1895.2762,1000,,,,,,,,
,,,,,899000,,,-836.147216796875,-5.879881381988525,6.135878562927246,834.8748779296875,834.994140625,0.0003,0.0003,0.1
,,,,,899999,9095.965,1000,,,,,,,,
9100.866,34.713093,9176.92,9057.541,1000.0,900000,,,-846.575439453125,-6.1020283699035645,5.921014785766602,845.4026489257812,845.1367797851562,0.0003,0.0003,0.1
,,,,,900999,9080.063,1000,,,,,,,,
,,,,,901000,,,-843.884765625,-5.788714408874512,9.95569896697998,842.0173950195312,842.2254638671875,0.0003,0.0003,0.1
,,,,,901999,9080.538,1000,,,,,,,,
,,,,,902000,,,-843.5072021484375,-5.495491981506348,7.979513645172119,841.6607666015625,841.6835327148438,0.0003,0.0003,0.1
,,,,,902999,9127.46,1000,,,,,,,,
,,,,,903000,,,-845.3824462890625,-6.165285587310791,5.479593276977539,843.8574829101562,844.0057983398438,0.0003,0.0003,0.1
,,,,,903999,6077.7725,1000,,,,,,,,
,,,,,904000,,,-845.1967163085938,-5.730851173400879,8.272690773010254,843.8340454101562,843.7027587890625,0.0003,0.0003,0.1
,,,,,904999,9001.864,1000,,,,,,,,
9070.069,148.08023,9187.236,8664.114,1000.0,905000,,,-843.3841552734375,-6.148894309997559,4.846897125244141,841.6804809570312,841.5521850585938,0.0003,0.0003,0.1
,,,,,905999,8987.306,1000,,,,,,,,
,,,,,906000,,,-848.7742919921875,-5.893645763397217,9.013262748718262,847.2765502929688,847.2547607421875,0.0003,0.0003,0.1
,,,,,906999,9117.98,1000,,,,,,,,
,,,,,907000,,,-851.4987182617188,-6.215670108795166,8.72658920288086,849.7237548828125,849.7811279296875,0.0003,0.0003,0.1
,,,,,907999,9030.408,1000,,,,,,,,
,,,,,908000,,,-847.7376708984375,-5.507632732391357,8.508407592773438,846.3842163085938,846.2386474609375,0.0003,0.0003,0.1
,,,,,908999,6660.3413,1000,,,,,,,,
,,,,,909000,,,-843.6655883789062,-5.787792682647705,7.056161880493164,842.166259765625,842.1796875,0.0003,0.0003,0.1
,,,,,909999,9059.868,1000,,,,,,,,
9095.99,49.000412,9171.935,9019.344,1000.0,910000,,,-839.8023071289062,-6.280245780944824,16.565338134765625,838.6636962890625,838.11181640625,0.0003,0.0003,0.1
,,,,,910999,-180.97618,1000,,,,,,,,
,,,,,911000,,,-838.9208374023438,-6.769831657409668,11.931469917297363,837.3280029296875,837.1599731445312,0.0003,0.0003,0.1
,,,,,911999,8946.271,1000,,,,,,,,
,,,,,912000,,,-849.068115234375,-5.629710674285889,10.86188793182373,847.22998046875,847.6417236328125,0.0003,0.0003,0.1
,,,,,912999,9075.37,1000,,,,,,,,
,,,,,913000,,,-839.637939453125,-6.05720329284668,9.32073974609375,838.2142944335938,837.8760986328125,0.0003,0.0003,0.1
,,,,,913999,9083.576,1000,,,,,,,,
,,,,,914000,,,-844.056640625,-6.6016950607299805,11.459957122802734,842.510498046875,842.5985717773438,0.0003,0.0003,0.1
,,,,,914999,9097.472,1000,,,,,,,,
8982.076,46.503494,9051.969,8879.222,1000.0,915000,,,-843.5745239257812,-5.91642951965332,12.078558921813965,842.0125122070312,842.1891479492188,0.0003,0.0003,0.1
,,,,,915999,9069.884,1000,,,,,,,,
,,,,,916000,,,-846.7794189453125,-6.31709098815918,9.523004531860352,844.960205078125,844.4918823242188,0.0003,0.0003,0.1
,,,,,916999,9084.755,1000,,,,,,,,
,,,,,917000,,,-846.4421997070312,-6.037437915802002,5.498924255371094,845.0079956054688,844.8515625,0.0003,0.0003,0.1
,,,,,917999,8972.016,1000,,,,,,,,
,,,,,918000,,,-849.9944458007812,-6.13657283782959,8.96456241607666,848.44384765625,848.2870483398438,0.0003,0.0003,0.1
,,,,,918999,9050.638,1000,,,,,,,,
,,,,,919000,,,-851.0733032226562,-5.535032272338867,6.537552356719971,848.98779296875,849.5286865234375,0.0003,0.0003,0.1
,,,,,919999,9013.362,1000,,,,,,,,
8954.014,139.66118,9043.6455,8549.024,1000.0,920000,,,-858.2434692382812,-5.7020392417907715,16.602291107177734,857.0132446289062,857.3121337890625,0.0003,0.0003,0.1
,,,,,920999,8989.4,1000,,,,,,,,
,,,,,921000,,,-843.594482421875,-6.092864513397217,6.28120756149292,842.1882934570312,842.0680541992188,0.0003,0.0003,0.1
,,,,,921999,9039.953,1000,,,,,,,,
,,,,,922000,,,-835.2566528320312,-5.830045223236084,8.933606147766113,833.6039428710938,833.7174072265625,0.0003,0.0003,0.1
,,,,,922999,9116.838,1000,,,,,,,,
,,,,,923000,,,-847.221435546875,-5.80612325668335,10.476400375366211,845.80810546875,845.9100341796875,0.0003,0.0003,0.1
,,,,,923999,9047.453,1000,,,,,,,,
,,,,,924000,,,-846.8941040039062,-6.569560527801514,7.290538311004639,845.4070434570312,845.2116088867188,0.0003,0.0003,0.1
,,,,,924999,8986.425,1000,,,,,,,,
9131.648,32.338596,9186.024,9073.196,1000.0,925000,,,-839.7139282226562,-5.787615776062012,12.310037612915039,838.5201416015625,837.726806640625,0.0003,0.0003,0.1
,,,,,925999,8944.178,1000,,,,,,,,
,,,,,926000,,,-847.3927001953125,-6.002054691314697,6.113286972045898,845.7431640625,845.688232421875,0.0003,0.0003,0.1
,,,,,926999,9095.495,1000,,,,,,,,
,,,,,927000,,,-848.751953125,-5.833824634552002,7.929317951202393,846.9548950195312,847.6004638671875,0.0003,0.0003,0.1
,,,,,927999,9063.275,1000,,,,,,,,
,,,,,928000,,,-853.8461303710938,-5.9012322425842285,6.912719249725342,852.5247192382812,852.83447265625,0.0003,0.0003,0.1
,,,,,928999,9072.863,1000,,,,,,,,
,,,,,929000,,,-841.5706176757812,-6.689403533935547,8.547815322875977,839.7149658203125,839.469482421875,0.0003,0.0003,0.1
,,,,,929999,9157.317,1000,,,,,,,,
9072.896,51.304424,9165.987,8997.886,1000.0,930000,,,-845.4414672851562,-5.922637939453125,8.602395057678223,843.7305908203125,844.2474365234375,0.0003,0.0003,0.1
,,,,,930999,8983.114,1000,,,,,,,,
,,,,,931000,,,-850.9097290039062,-5.5232672691345215,4.4865336418151855,849.8328247070312,849.6380615234375,0.0003,0.0003,0.1
,,,,,931999,9118.84,1000,,,,,,,,
,,,,,932000,,,-852.5574951171875,-5.608469486236572,4.496298789978027,851.1939697265625,851.0463256835938,0.0003,0.0003,0.1
,,,,,932999,9092.14,1000,,,,,,,,
,,,,,933000,,,-845.9154052734375,-5.661678314208984,5.157641410827637,844.7094116210938,844.6787719726562,0.0003,0.0003,0.1
,,,,,933999,9153.343,1000,,,,,,,,
,,,,,934000,,,-850.9788208007812,-5.673026084899902,5.106592178344727,849.82373046875,849.5433959960938,0.0003,0.0003,0.1
,,,,,934999,7016.2607,1000,,,,,,,,
9021.958,83.6884,9123.819,8874.449,1000.0,935000,,,-844.8551635742188,-6.101679801940918,7.014057159423828,843.02685546875,843.4996337890625,0.0003,0.0003,0.1
,,,,,935999,9127.682,1000,,,,,,,,
,,,,,936000,,,-853.9813842773438,-5.956489086151123,5.498575210571289,852.8030395507812,852.9219360351562,0.0003,0.0003,0.1
,,,,,936999,9074.837,1000,,,,,,,,
,,,,,937000,,,-848.7059326171875,-6.742398738861084,9.766216278076172,847.0458984375,847.0602416992188,0.0003,0.0003,0.1
,,,,,937999,9149.868,1000,,,,,,,,
,,,,,938000,,,-846.4033203125,-6.1214447021484375,6.519885540008545,844.7980346679688,844.9269409179688,0.0003,0.0003,0.1
,,,,,938999,9214.66,1000,,,,,,,,
,,,,,939000,,,-856.247314453125,-5.9844818115234375,6.875401496887207,854.4224853515625,854.537841796875,0.0003,0.0003,0.1
,,,,,939999,9112.537,1000,,,,,,,,
8925.585,849.9285,9289.113,6379.608,1000.0,940000,,,-843.9517211914062,-6.393204689025879,6.6499433517456055,842.4234619140625,841.962890625,0.0003,0.0003,0.1
,,,,,940999,9022.859,1000,,,,,,,,
,,,,,941000,,,-851.456298828125,-6.232666015625,14.562644958496094,849.21875,849.8487548828125,0.0003,0.0003,0.1
,,,,,941999,9191.059,1000,,,,,,,,
,,,,,942000,,,-860.7474975585938,-5.890664100646973,5.009964466094971,859.0556030273438,859.169677734375,0.0003,0.0003,0.1
,,,,,942999,9134.689,1000,,,,,,,,
,,,,,943000,,,-839.8101806640625,-6.3735857009887695,8.729412078857422,838.25244140625,838.5780029296875,0.0003,0.0003,0.1
,,,,,943999,9136.26,1000,,,,,,,,
,,,,,944000,,,-841.8148193359375,-5.953577041625977,12.735418319702148,839.8107299804688,839.8394775390625,0.0003,0.0003,0.1
,,,,,944999,9135.829,1000,,,,,,,,
9247.021,58.89919,9350.106,9125.577,1000.0,945000,,,-851.476806640625,-5.623379707336426,8.829051971435547,850.0474243164062,850.2805786132812,0.0003,0.0003,0.1
,,,,,945999,9200.014,1000,,,,,,,,
,,,,,946000,,,-856.3895263671875,-5.477205276489258,5.989931106567383,855.4584350585938,855.5427856445312,0.0003,0.0003,0.1
,,,,,946999,9200.765,1000,,,,,,,,
,,,,,947000,,,-856.9204711914062,-5.629230499267578,7.82302188873291,855.7920532226562,855.5071411132812,0.0003,0.0003,0.1
,,,,,947999,9151.374,1000,,,,,,,,
,,,,,948000,,,-856.6484985351562,-5.72823429107666,5.938952922821045,855.275146484375,855.1710205078125,0.0003,0.0003,0.1
,,,,,948999,9094.553,1000,,,,,,,,
,,,,,949000,,,-851.2203979492188,-5.84877872467041,4.046759128570557,849.595703125,849.7479248046875,0.0003,0.0003,0.1
,,,,,949999,9144.143,1000,,,,,,,,
9243.07,52.834354,9344.992,9180.606,1000.0,950000,,,-844.4578857421875,-6.35256814956665,9.56962776184082,842.96044921875,842.6455078125,0.0003,0.0003,0.1
,,,,,950999,9175.144,1000,,,,,,,,
,,,,,951000,,,-858.2061767578125,-6.020125865936279,8.46915340423584,856.87890625,856.97021484375,0.0003,0.0003,0.1
,,,,,951999,9156.915,1000,,,,,,,,
,,,,,952000,,,-849.6041259765625,-6.098857879638672,7.793152809143066,847.9614868164062,847.7250366210938,0.0003,0.0003,0.1
,,,,,952999,9090.975,1000,,,,,,,,
,,,,,953000,,,-847.4570922851562,-5.876986980438232,7.673271179199219,845.67138671875,846.0114135742188,0.0003,0.0003,0.1
,,,,,953999,9054.183,1000,,,,,,,,
,,,,,954000,,,-857.308837890625,-6.258951187133789,10.882160186767578,855.8199462890625,855.8993530273438,0.0003,0.0003,0.1
,,,,,954999,9227.455,1000,,,,,,,,
9157.793,47.32135,9229.572,9057.884,1000.0,955000,,,-849.671875,-5.17544412612915,5.830400466918945,848.6327514648438,848.6634521484375,0.0003,0.0003,0.1
,,,,,955999,9230.602,1000,,,,,,,,
,,,,,956000,,,-857.7760620117188,-5.560634136199951,7.66489315032959,856.3324584960938,856.5272827148438,0.0003,0.0003,0.1
,,,,,956999,9258.386,1000,,,,,,,,
,,,,,957000,,,-843.201904296875,-5.997346878051758,5.747588634490967,841.3480834960938,841.2216796875,0.0003,0.0003,0.1
,,,,,957999,9187.362,1000,,,,,,,,
,,,,,958000,,,-856.3552856445312,-6.19038724899292,5.594524383544922,855.2660522460938,855.3680419921875,0.0003,0.0003,0.1
,,,,,958999,9157.237,1000,,,,,,,,
,,,,,959000,,,-858.1981811523438,-5.892695426940918,5.229689121246338,857.082275390625,856.9911499023438,0.0003,0.0003,0.1
,,,,,959999,9143.126,1000,,,,,,,,
9212.886,65.65275,9301.995,9062.832,1000.0,960000,,,-854.545166015625,-6.17048454284668,8.048583030700684,852.8626708984375,853.015625,0.0003,0.0003,0.1
,,,,,960999,9207.882,1000,,,,,,,,
,,,,,961000,,,-849.2662963867188,-5.561978816986084,5.631887912750244,847.2481689453125,847.637451171875,0.0003,0.0003,0.1
,,,,,961999,9176.169,1000,,,,,,,,
,,,,,962000,,,-846.865478515625,-6.700876235961914,7.355520248413086,845.17333984375,845.5548095703125,0.0003,0.0003,0.1
,,,,,962999,9164.557,1000,,,,,,,,
,,,,,963000,,,-863.623046875,-5.813767433166504,4.863966941833496,861.2483520507812,861.2203979492188,0.0003,0.0003,0.1
,,,,,963999,9204.097,1000,,,,,,,,
,,,,,964000,,,-853.61279296875,-6.112341403961182,5.884101390838623,852.0475463867188,852.4959716796875,0.0003,0.0003,0.1
,,,,,964999,9098.681,1000,,,,,,,,
9103.36,489.30542,9399.615,7645.7183,1000.0,965000,,,-849.0137329101562,-5.865774154663086,8.476391792297363,847.3221435546875,847.472900390625,0.0003,0.0003,0.1
,,,,,965999,9191.395,1000,,,,,,,,
,,,,,966000,,,-857.673583984375,-6.146358013153076,10.10702133178711,856.5794677734375,856.5635986328125,0.0003,0.0003,0.1
,,,,,966999,9176.926,1000,,,,,,,,
,,,,,967000,,,-850.4464721679688,-6.049642562866211,6.195481300354004,848.8251342773438,849.2977294921875,0.0003,0.0003,0.1
,,,,,967999,9296.182,1000,,,,,,,,
,,,,,968000,,,-855.4534301757812,-6.323788166046143,8.898303031921387,854.3840942382812,853.705078125,0.0003,0.0003,0.1
,,,,,968999,9261.896,1000,,,,,,,,
,,,,,969000,,,-847.6456909179688,-6.0906901359558105,10.294905662536621,846.2286376953125,846.7000732421875,0.0003,0.0003,0.1
,,,,,969999,9278.861,1000,,,,,,,,
9209.358,27.741825,9252.312,9147.806,1000.0,970000,,,-854.8582763671875,-6.001995086669922,6.799756050109863,853.3381958007812,853.2979125976562,0.0003,0.0003,0.1
,,,,,970999,9226.63,1000,,,,,,,,
,,,,,971000,,,-862.7766723632812,-6.547511100769043,8.72558307647705,861.7857666015625,862.0989990234375,0.0003,0.0003,0.1
,,,,,971999,9202.069,1000,,,,,,,,
,,,,,972000,,,-848.521240234375,-6.183579444885254,6.903718948364258,846.8368530273438,846.6126708984375,0.0003,0.0003,0.1
,,,,,972999,9245.039,1000,,,,,,,,
,,,,,973000,,,-852.1565551757812,-6.193964004516602,9.449085235595703,850.0682373046875,850.115478515625,0.0003,0.0003,0.1
,,,,,973999,9247.995,1000,,,,,,,,
,,,,,974000,,,-849.6731567382812,-5.78820276260376,6.92792272567749,847.8135986328125,848.0236206054688,0.0003,0.0003,0.1
,,,,,974999,9263.706,1000,,,,,,,,
9170.748,44.308273,9239.088,9095.434,1000.0,975000,,,-858.7080078125,-5.786831378936768,6.022129058837891,857.5340576171875,857.5263061523438,0.0003,0.0003,0.1
,,,,,975999,9284.178,1000,,,,,,,,
,,,,,976000,,,-860.228271484375,-6.181962966918945,9.060861587524414,858.7285766601562,859.0916137695312,0.0003,0.0003,0.1
,,,,,976999,9170.029,1000,,,,,,,,
,,,,,977000,,,-849.4125366210938,-5.884918212890625,7.955974102020264,847.9548950195312,847.712158203125,0.0003,0.0003,0.1
,,,,,977999,9265.838,1000,,,,,,,,
,,,,,978000,,,-861.6751708984375,-5.8618388175964355,4.1220269203186035,860.3554077148438,860.81298828125,0.0003,0.0003,0.1
,,,,,978999,9239.286,1000,,,,,,,,
,,,,,979000,,,-855.021484375,-6.385660648345947,5.512465476989746,853.5576782226562,853.165283203125,0.0003,0.0003,0.1
,,,,,979999,9155.406,1000,,,,,,,,
9304.918,43.474995,9362.068,9221.304,1000.0,980000,,,-861.1034545898438,-5.836621284484863,10.852471351623535,859.7347412109375,859.7029418945312,0.0003,0.0003,0.1
,,,,,980999,9289.63,1000,,,,,,,,
,,,,,981000,,,-857.8958129882812,-5.8833112716674805,5.144057273864746,856.425537109375,856.5136108398438,0.0003,0.0003,0.1
,,,,,981999,9224.53,1000,,,,,,,,
,,,,,982000,,,-848.02001953125,-6.429510593414307,6.8187408447265625,846.45068359375,845.9746704101562,0.0003,0.0003,0.1
,,,,,982999,8811.961,1000,,,,,,,,
,,,,,983000,,,-858.57080078125,-5.9947662353515625,6.718640327453613,856.9861450195312,857.3787231445312,0.0003,0.0003,0.1
,,,,,983999,9109.693,1000,,,,,,,,
,,,,,984000,,,-859.9484252929688,-6.041913986206055,4.8801727294921875,858.4884643554688,858.181396484375,0.0003,0.0003,0.1
,,,,,984999,9294.602,1000,,,,,,,,
9174.758,42.69277,9241.536,9094.667,1000.0,985000,,,-858.489013671875,-6.015833377838135,7.695462703704834,856.7313842773438,856.128662109375,0.0003,0.0003,0.1
,,,,,985999,9154.715,1000,,,,,,,,
,,,,,986000,,,-857.2113647460938,-5.933413982391357,10.259854316711426,855.8988037109375,855.6458740234375,0.0003,0.0003,0.1
,,,,,986999,8961.851,1000,,,,,,,,
,,,,,987000,,,-862.534423828125,-6.118931770324707,5.722888946533203,861.467529296875,860.9453125,0.0003,0.0003,0.1
,,,,,987999,9272.346,1000,,,,,,,,
,,,,,988000,,,-855.238525390625,-5.990086078643799,6.364243030548096,853.8515014648438,853.9526977539062,0.0003,0.0003,0.1
,,,,,988999,9362.567,1000,,,,,,,,
,,,,,989000,,,-856.3505859375,-6.274745941162109,6.3028388023376465,854.479736328125,854.412109375,0.0003,0.0003,0.1
,,,,,989999,9295.948,1000,,,,,,,,
8594.933,2045.911,9350.491,2458.617,1000.0,990000,,,-862.9490356445312,-6.178293704986572,5.431830406188965,861.5479736328125,861.5640869140625,0.0003,0.0003,0.1
,,,,,990999,9218.084,1000,,,,,,,,
,,,,,991000,,,-862.8074951171875,-5.311318397521973,5.333341121673584,861.526123046875,861.888427734375,0.0003,0.0003,0.1
,,,,,991999,9273.25,1000,,,,,,,,
,,,,,992000,,,-856.2186889648438,-6.239072799682617,9.815930366516113,854.4459838867188,854.6973876953125,0.0003,0.0003,0.1
,,,,,992999,9142.302,1000,,,,,,,,
,,,,,993000,,,-853.954833984375,-5.549101829528809,3.8239517211914062,852.4501342773438,852.4706420898438,0.0003,0.0003,0.1
,,,,,993999,9221.754,1000,,,,,,,,
,,,,,994000,,,-857.0077514648438,-5.817156791687012,11.717752456665039,855.5396728515625,855.3018798828125,0.0003,0.0003,0.1
,,,,,994999,9110.735,1000,,,,,,,,
9180.072,43.88645,9237.012,9109.472,1000.0,995000,,,-865.9028930664062,-5.695174217224121,10.230422973632812,864.2251586914062,864.440185546875,0.0003,0.0003,0.1
,,,,,995999,9160.368,1000,,,,,,,,
,,,,,996000,,,-861.45361328125,-5.779472827911377,6.9017863273620605,859.9060668945312,860.4932250976562,0.0003,0.0003,0.1
,,,,,996999,9289.649,1000,,,,,,,,
,,,,,997000,,,-865.068359375,-5.756385326385498,4.5982208251953125,863.4331665039062,863.3904418945312,0.0003,0.0003,0.1
,,,,,997999,9192.415,1000,,,,,,,,
,,,,,998000,,,-868.4647827148438,-6.172608375549316,5.672933578491211,867.28271484375,867.189208984375,0.0003,0.0003,0.1
,,,,,998999,9287.505,1000,,,,,,,,
,,,,,999000,,,-864.3068237304688,-5.326509952545166,5.6116204261779785,862.8688354492188,862.7342529296875,0.0003,0.0003,0.1
,,,,,999999,9275.659,1000,,,,,,,,
