Eval_AverageReturn,Eval_StdReturn,Eval_MaxReturn,Eval_MinReturn,Eval_AverageEpLen,step,Train_EpisodeReturn,Train_EpisodeLen,actor_loss,entropy,critic_loss,q_values,target_values,actor_lr,critic_lr,temperature
20.044659,17.537523,68.81744,8.695304,19.6,0,,,,,,,,,,
,,,,,10,9.08765,11,,,,,,,,
,,,,,22,9.73792,12,,,,,,,,
,,,,,51,20.163656,29,,,,,,,,
,,,,,68,8.732051,17,,,,,,,,
,,,,,78,8.122281,10,,,,,,,,
,,,,,127,58.63286,49,,,,,,,,
,,,,,142,8.238219,15,,,,,,,,
,,,,,153,6.186156,11,,,,,,,,
,,,,,167,9.923767,14,,,,,,,,
,,,,,184,16.191225,17,,,,,,,,
,,,,,196,11.439908,12,,,,,,,,
,,,,,234,11.627006,38,,,,,,,,
,,,,,249,12.481463,15,,,,,,,,
,,,,,315,79.323494,66,,,,,,,,
,,,,,345,26.155588,30,,,,,,,,
,,,,,372,26.459633,27,,,,,,,,
,,,,,401,22.001198,29,,,,,,,,
,,,,,427,21.291742,26,,,,,,,,
,,,,,445,12.883766,18,,,,,,,,
,,,,,459,12.909078,14,,,,,,,,
,,,,,472,11.6763315,13,,,,,,,,
,,,,,512,59.485725,40,,,,,,,,
,,,,,531,13.390473,19,,,,,,,,
,,,,,546,10.495982,15,,,,,,,,
,,,,,568,9.737132,22,,,,,,,,
,,,,,583,8.300073,15,,,,,,,,
,,,,,610,24.016306,27,,,,,,,,
,,,,,625,9.243371,15,,,,,,,,
,,,,,643,13.083585,18,,,,,,,,
,,,,,656,9.941277,13,,,,,,,,
,,,,,677,20.133493,21,,,,,,,,
,,,,,696,17.857496,19,,,,,,,,
,,,,,710,12.514572,14,,,,,,,,
,,,,,721,8.554607,11,,,,,,,,
,,,,,747,10.181942,26,,,,,,,,
,,,,,757,8.074035,10,,,,,,,,
,,,,,791,28.951532,34,,,,,,,,
,,,,,804,8.822694,13,,,,,,,,
,,,,,867,75.09669,63,,,,,,,,
,,,,,887,20.261965,20,,,,,,,,
,,,,,901,5.6433277,14,,,,,,,,
,,,,,920,18.354431,19,,,,,,,,
,,,,,941,13.732928,21,,,,,,,,
,,,,,952,6.6462135,11,,,,,,,,
,,,,,971,13.921425,19,,,,,,,,
,,,,,990,17.410519,19,,,,,,,,
,,,,,1001,8.90586,11,,,,,,,,
,,,,,1044,27.045395,43,,,,,,,,
,,,,,1059,7.814386,15,,,,,,,,
,,,,,1081,17.416779,22,,,,,,,,
,,,,,1131,42.57559,50,,,,,,,,
,,,,,1143,8.386532,12,,,,,,,,
,,,,,1169,28.925518,26,,,,,,,,
,,,,,1188,9.54532,19,,,,,,,,
,,,,,1197,7.169905,9,,,,,,,,
,,,,,1224,15.691351,27,,,,,,,,
,,,,,1243,18.407871,19,,,,,,,,
,,,,,1254,8.27061,11,,,,,,,,
,,,,,1268,6.262339,14,,,,,,,,
,,,,,1283,12.65841,15,,,,,,,,
,,,,,1294,7.3612957,11,,,,,,,,
,,,,,1311,12.331811,17,,,,,,,,
,,,,,1328,16.876404,17,,,,,,,,
,,,,,1341,8.849454,13,,,,,,,,
,,,,,1362,15.535576,21,,,,,,,,
,,,,,1374,8.386085,12,,,,,,,,
,,,,,1385,8.040553,11,,,,,,,,
,,,,,1396,7.511728,11,,,,,,,,
,,,,,1415,18.039223,19,,,,,,,,
,,,,,1426,5.6942163,11,,,,,,,,
,,,,,1437,7.5336065,11,,,,,,,,
,,,,,1459,20.583473,22,,,,,,,,
,,,,,1491,22.833437,32,,,,,,,,
,,,,,1502,7.07053,11,,,,,,,,
,,,,,1524,13.544189,22,,,,,,,,
,,,,,1539,13.218414,15,,,,,,,,
,,,,,1557,14.219117,18,,,,,,,,
,,,,,1568,8.68042,11,,,,,,,,
,,,,,1583,11.282583,15,,,,,,,,
,,,,,1596,11.75269,13,,,,,,,,
,,,,,1612,10.634566,16,,,,,,,,
,,,,,1637,18.33997,25,,,,,,,,
,,,,,1656,8.9965315,19,,,,,,,,
,,,,,1669,11.357851,13,,,,,,,,
,,,,,1683,9.109293,14,,,,,,,,
,,,,,1716,35.5196,33,,,,,,,,
,,,,,1726,7.1920147,10,,,,,,,,
,,,,,1745,9.320493,19,,,,,,,,
,,,,,1757,6.4401445,12,,,,,,,,
,,,,,1777,9.658788,20,,,,,,,,
,,,,,1793,10.132064,16,,,,,,,,
,,,,,1810,11.301316,17,,,,,,,,
,,,,,1828,13.285912,18,,,,,,,,
,,,,,1874,40.498554,46,,,,,,,,
,,,,,1906,25.75561,32,,,,,,,,
,,,,,1922,8.356579,16,,,,,,,,
,,,,,1938,13.619303,16,,,,,,,,
,,,,,1949,9.190899,11,,,,,,,,
,,,,,1969,16.626043,20,,,,,,,,
,,,,,1982,11.050805,13,,,,,,,,
,,,,,1993,8.393508,11,,,,,,,,
,,,,,2016,13.383516,23,,,,,,,,
,,,,,2039,20.436846,23,,,,,,,,
,,,,,2069,37.063873,30,,,,,,,,
,,,,,2085,10.728714,16,,,,,,,,
,,,,,2095,8.074736,10,,,,,,,,
,,,,,2113,13.308207,18,,,,,,,,
,,,,,2132,9.328771,19,,,,,,,,
,,,,,2210,105.035515,78,,,,,,,,
,,,,,2237,36.40611,27,,,,,,,,
,,,,,2250,9.485864,13,,,,,,,,
,,,,,2268,19.333015,18,,,,,,,,
,,,,,2298,19.690413,30,,,,,,,,
,,,,,2335,9.379183,37,,,,,,,,
,,,,,2422,108.69241,87,,,,,,,,
,,,,,2449,25.389116,27,,,,,,,,
,,,,,2462,10.682332,13,,,,,,,,
,,,,,2486,16.378609,24,,,,,,,,
,,,,,2499,8.438725,13,,,,,,,,
,,,,,2527,10.901529,28,,,,,,,,
,,,,,2539,11.662479,12,,,,,,,,
,,,,,2568,27.21812,29,,,,,,,,
,,,,,2581,12.124415,13,,,,,,,,
,,,,,2604,25.37496,23,,,,,,,,
,,,,,2621,16.953249,17,,,,,,,,
,,,,,2632,8.43855,11,,,,,,,,
,,,,,2650,15.594318,18,,,,,,,,
,,,,,2662,10.924478,12,,,,,,,,
,,,,,2710,47.190025,48,,,,,,,,
,,,,,2725,9.719116,15,,,,,,,,
,,,,,2744,9.737878,19,,,,,,,,
,,,,,2771,28.114775,27,,,,,,,,
,,,,,2799,28.863827,28,,,,,,,,
,,,,,2822,4.479733,23,,,,,,,,
,,,,,2842,15.694853,20,,,,,,,,
,,,,,2860,8.725487,18,,,,,,,,
,,,,,2876,8.7754755,16,,,,,,,,
,,,,,2889,11.188524,13,,,,,,,,
,,,,,2915,23.356607,26,,,,,,,,
,,,,,2946,31.156109,31,,,,,,,,
,,,,,2963,14.111812,17,,,,,,,,
,,,,,2985,30.274544,22,,,,,,,,
,,,,,2996,8.167317,11,,,,,,,,
,,,,,3028,37.9439,32,,,,,,,,
,,,,,3041,5.9167113,13,,,,,,,,
,,,,,3072,35.169968,31,,,,,,,,
,,,,,3091,20.435299,19,,,,,,,,
,,,,,3110,17.00875,19,,,,,,,,
,,,,,3133,11.368342,23,,,,,,,,
,,,,,3152,18.418974,19,,,,,,,,
,,,,,3172,11.327464,20,,,,,,,,
,,,,,3184,10.785903,12,,,,,,,,
,,,,,3210,27.315496,26,,,,,,,,
,,,,,3226,12.237983,16,,,,,,,,
,,,,,3244,10.765916,18,,,,,,,,
,,,,,3264,12.674002,20,,,,,,,,
,,,,,3293,19.423084,29,,,,,,,,
,,,,,3307,12.964431,14,,,,,,,,
,,,,,3323,13.462144,16,,,,,,,,
,,,,,3341,7.077018,18,,,,,,,,
,,,,,3358,10.109803,17,,,,,,,,
,,,,,3374,10.669768,16,,,,,,,,
,,,,,3401,9.299851,27,,,,,,,,
,,,,,3478,104.938034,77,,,,,,,,
,,,,,3493,9.974477,15,,,,,,,,
,,,,,3507,10.573645,14,,,,,,,,
,,,,,3535,31.094206,28,,,,,,,,
,,,,,3568,34.66346,33,,,,,,,,
,,,,,3587,17.219505,19,,,,,,,,
,,,,,3610,26.230318,23,,,,,,,,
,,,,,3625,13.64369,15,,,,,,,,
,,,,,3642,7.303215,17,,,,,,,,
,,,,,3651,6.563438,9,,,,,,,,
,,,,,3678,27.221434,27,,,,,,,,
,,,,,3691,11.496753,13,,,,,,,,
,,,,,3714,19.265905,23,,,,,,,,
,,,,,3730,12.045264,16,,,,,,,,
,,,,,3754,22.668425,24,,,,,,,,
,,,,,3769,14.431889,15,,,,,,,,
,,,,,3785,11.684456,16,,,,,,,,
,,,,,3802,18.060472,17,,,,,,,,
,,,,,3815,12.337386,13,,,,,,,,
,,,,,3834,19.001326,19,,,,,,,,
,,,,,3847,9.006021,13,,,,,,,,
,,,,,3860,10.350979,13,,,,,,,,
,,,,,3887,12.156409,27,,,,,,,,
,,,,,3913,34.65117,26,,,,,,,,
,,,,,3963,57.491707,50,,,,,,,,
,,,,,3989,13.669846,26,,,,,,,,
,,,,,4027,24.51372,38,,,,,,,,
,,,,,4047,11.682336,20,,,,,,,,
,,,,,4059,7.228076,12,,,,,,,,
,,,,,4073,7.346566,14,,,,,,,,
,,,,,4091,11.234326,18,,,,,,,,
,,,,,4107,5.671466,16,,,,,,,,
,,,,,4119,8.750351,12,,,,,,,,
,,,,,4155,23.155811,36,,,,,,,,
,,,,,4170,12.032563,15,,,,,,,,
,,,,,4188,11.617349,18,,,,,,,,
,,,,,4210,14.522336,22,,,,,,,,
,,,,,4220,7.4514623,10,,,,,,,,
,,,,,4236,9.983487,16,,,,,,,,
,,,,,4277,41.884346,41,,,,,,,,
,,,,,4291,14.22278,14,,,,,,,,
,,,,,4325,36.81383,34,,,,,,,,
,,,,,4341,10.172238,16,,,,,,,,
,,,,,4357,11.879445,16,,,,,,,,
,,,,,4367,5.907775,10,,,,,,,,
,,,,,4380,9.722026,13,,,,,,,,
,,,,,4393,11.800428,13,,,,,,,,
,,,,,4404,9.0704155,11,,,,,,,,
,,,,,4452,37.93121,48,,,,,,,,
,,,,,4465,9.188455,13,,,,,,,,
,,,,,4474,6.6965137,9,,,,,,,,
,,,,,4491,13.505584,17,,,,,,,,
,,,,,4512,13.358859,21,,,,,,,,
,,,,,4523,7.3390017,11,,,,,,,,
,,,,,4552,19.81377,29,,,,,,,,
,,,,,4576,21.27908,24,,,,,,,,
,,,,,4590,6.3885546,14,,,,,,,,
,,,,,4606,15.141819,16,,,,,,,,
,,,,,4632,10.910889,26,,,,,,,,
,,,,,4654,17.769295,22,,,,,,,,
,,,,,4671,11.838339,17,,,,,,,,
,,,,,4687,14.706573,16,,,,,,,,
,,,,,4697,7.391911,10,,,,,,,,
,,,,,4707,6.735942,10,,,,,,,,
,,,,,4786,143.42285,79,,,,,,,,
,,,,,4795,6.701234,9,,,,,,,,
,,,,,4804,6.7058415,9,,,,,,,,
,,,,,4872,104.74356,68,,,,,,,,
,,,,,4882,8.176188,10,,,,,,,,
,,,,,4949,100.865105,67,,,,,,,,
,,,,,4962,9.796663,13,,,,,,,,
,,,,,4975,13.1078615,13,,,,,,,,
,,,,,4998,13.292722,23,,,,,,,,
22.436092,19.264275,75.26193,8.238991,27.7,5000,,,,,,,,,,
,,,,,5020,15.585262,22,,,,,,,,
,,,,,5067,21.549778,47,,,,,,,,
,,,,,5098,43.422718,31,,,,,,,,
,,,,,5116,12.352425,18,,,,,,,,
,,,,,5138,12.359346,22,,,,,,,,
,,,,,5166,38.358967,28,,,,,,,,
,,,,,5190,15.567636,24,,,,,,,,
,,,,,5204,13.053342,14,,,,,,,,
,,,,,5221,12.755514,17,,,,,,,,
,,,,,5247,19.856703,26,,,,,,,,
,,,,,5274,14.578646,27,,,,,,,,
,,,,,5286,11.131206,12,,,,,,,,
,,,,,5305,11.982998,19,,,,,,,,
,,,,,5317,10.717163,12,,,,,,,,
,,,,,5328,8.865767,11,,,,,,,,
,,,,,5347,15.213998,19,,,,,,,,
,,,,,5368,11.507244,21,,,,,,,,
,,,,,5385,15.684542,17,,,,,,,,
,,,,,5407,28.267654,22,,,,,,,,
,,,,,5440,36.638073,33,,,,,,,,
,,,,,5466,29.518456,26,,,,,,,,
,,,,,5484,12.441972,18,,,,,,,,
,,,,,5505,14.733566,21,,,,,,,,
,,,,,5545,43.34008,40,,,,,,,,
,,,,,5565,15.957338,20,,,,,,,,
,,,,,5581,11.687787,16,,,,,,,,
,,,,,5596,16.052559,15,,,,,,,,
,,,,,5617,25.316782,21,,,,,,,,
,,,,,5639,19.834507,22,,,,,,,,
,,,,,5658,14.145281,19,,,,,,,,
,,,,,5690,16.980057,32,,,,,,,,
,,,,,5703,12.581633,13,,,,,,,,
,,,,,5722,14.865204,19,,,,,,,,
,,,,,5739,15.946673,17,,,,,,,,
,,,,,5767,26.847364,28,,,,,,,,
,,,,,5788,12.66253,21,,,,,,,,
,,,,,5807,18.27146,19,,,,,,,,
,,,,,5822,11.785902,15,,,,,,,,
,,,,,5842,18.193352,20,,,,,,,,
,,,,,5867,21.044914,25,,,,,,,,
,,,,,5881,13.973578,14,,,,,,,,
,,,,,5896,12.443203,15,,,,,,,,
,,,,,5918,24.8585,22,,,,,,,,
,,,,,5954,17.03446,36,,,,,,,,
,,,,,5978,14.497718,24,,,,,,,,
,,,,,5989,9.641323,11,,,,,,,,
,,,,,6000,9.699052,11,,,,,,,,
,,,,,6054,83.98189,54,,,,,,,,
,,,,,6093,12.772002,39,,,,,,,,
,,,,,6116,19.684288,23,,,,,,,,
,,,,,6132,10.418076,16,,,,,,,,
,,,,,6154,21.658484,22,,,,,,,,
,,,,,6218,99.88885,64,,,,,,,,
,,,,,6248,21.37635,30,,,,,,,,
,,,,,6261,11.415765,13,,,,,,,,
,,,,,6282,17.126242,21,,,,,,,,
,,,,,6294,6.848019,12,,,,,,,,
,,,,,6308,7.977744,14,,,,,,,,
,,,,,6350,34.266434,42,,,,,,,,
,,,,,6362,8.799558,12,,,,,,,,
,,,,,6384,21.629923,22,,,,,,,,
,,,,,6404,23.37251,20,,,,,,,,
,,,,,6440,37.87493,36,,,,,,,,
,,,,,6462,22.803524,22,,,,,,,,
,,,,,6478,13.091151,16,,,,,,,,
,,,,,6491,12.834292,13,,,,,,,,
,,,,,6503,11.219623,12,,,,,,,,
,,,,,6518,8.428448,15,,,,,,,,
,,,,,6551,26.996828,33,,,,,,,,
,,,,,6573,21.281277,22,,,,,,,,
,,,,,6589,15.853125,16,,,,,,,,
,,,,,6601,10.323767,12,,,,,,,,
,,,,,6629,35.869587,28,,,,,,,,
,,,,,6682,93.905945,53,,,,,,,,
,,,,,6702,11.225081,20,,,,,,,,
,,,,,6716,13.346793,14,,,,,,,,
,,,,,6730,8.896501,14,,,,,,,,
,,,,,6765,28.959047,35,,,,,,,,
,,,,,6823,65.55519,58,,,,,,,,
,,,,,6841,16.624662,18,,,,,,,,
,,,,,6858,19.808622,17,,,,,,,,
,,,,,6867,6.115831,9,,,,,,,,
,,,,,6884,10.14545,17,,,,,,,,
,,,,,6924,35.414062,40,,,,,,,,
,,,,,6935,7.829307,11,,,,,,,,
,,,,,6969,29.57494,34,,,,,,,,
,,,,,6985,10.451336,16,,,,,,,,
,,,,,6996,8.907538,11,,,,,,,,
,,,,,7014,20.953123,18,,,,,,,,
,,,,,7025,8.43909,11,,,,,,,,
,,,,,7041,12.167987,16,,,,,,,,
,,,,,7099,76.18809,58,,,,,,,,
,,,,,7112,10.673898,13,,,,,,,,
,,,,,7127,15.525755,15,,,,,,,,
,,,,,7144,10.492849,17,,,,,,,,
,,,,,7175,43.082542,31,,,,,,,,
,,,,,7195,22.471004,20,,,,,,,,
,,,,,7220,27.566866,25,,,,,,,,
,,,,,7233,11.341386,13,,,,,,,,
,,,,,7262,24.97343,29,,,,,,,,
,,,,,7295,30.77018,33,,,,,,,,
,,,,,7315,14.33121,20,,,,,,,,
,,,,,7326,9.787867,11,,,,,,,,
,,,,,7341,9.7876215,15,,,,,,,,
,,,,,7363,20.67325,22,,,,,,,,
,,,,,7381,16.635695,18,,,,,,,,
,,,,,7391,8.719372,10,,,,,,,,
,,,,,7402,7.29861,11,,,,,,,,
,,,,,7414,10.090842,12,,,,,,,,
,,,,,7441,26.623707,27,,,,,,,,
,,,,,7459,15.925108,18,,,,,,,,
,,,,,7471,9.245659,12,,,,,,,,
,,,,,7492,12.716359,21,,,,,,,,
,,,,,7510,8.119499,18,,,,,,,,
,,,,,7521,8.941894,11,,,,,,,,
,,,,,7536,13.487001,15,,,,,,,,
,,,,,7547,9.133841,11,,,,,,,,
,,,,,7586,29.203218,39,,,,,,,,
,,,,,7610,21.751774,24,,,,,,,,
,,,,,7627,9.781161,17,,,,,,,,
,,,,,7638,10.545773,11,,,,,,,,
,,,,,7666,32.68272,28,,,,,,,,
,,,,,7678,11.717517,12,,,,,,,,
,,,,,7712,44.641285,34,,,,,,,,
,,,,,7729,13.019235,17,,,,,,,,
,,,,,7743,12.53942,14,,,,,,,,
,,,,,7787,71.53554,44,,,,,,,,
,,,,,7804,12.954366,17,,,,,,,,
,,,,,7835,31.25641,31,,,,,,,,
,,,,,7853,14.863045,18,,,,,,,,
,,,,,7865,10.149213,12,,,,,,,,
,,,,,7905,23.591602,40,,,,,,,,
,,,,,7952,67.737495,47,,,,,,,,
,,,,,7972,23.864952,20,,,,,,,,
,,,,,7984,9.478195,12,,,,,,,,
,,,,,8000,14.034562,16,,,,,,,,
,,,,,8035,38.299595,35,,,,,,,,
,,,,,8055,22.50254,20,,,,,,,,
,,,,,8068,10.028383,13,,,,,,,,
,,,,,8089,19.423698,21,,,,,,,,
,,,,,8103,13.002152,14,,,,,,,,
,,,,,8122,17.95171,19,,,,,,,,
,,,,,8133,9.34843,11,,,,,,,,
,,,,,8149,15.143207,16,,,,,,,,
,,,,,8159,6.6880994,10,,,,,,,,
,,,,,8180,16.063976,21,,,,,,,,
,,,,,8195,11.204351,15,,,,,,,,
,,,,,8210,15.506945,15,,,,,,,,
,,,,,8229,15.072398,19,,,,,,,,
,,,,,8253,16.318712,24,,,,,,,,
,,,,,8267,9.872749,14,,,,,,,,
,,,,,8281,14.892818,14,,,,,,,,
,,,,,8298,15.448178,17,,,,,,,,
,,,,,8314,12.039137,16,,,,,,,,
,,,,,8327,11.323181,13,,,,,,,,
,,,,,8339,10.8779335,12,,,,,,,,
,,,,,8356,13.54998,17,,,,,,,,
,,,,,8369,7.570842,13,,,,,,,,
,,,,,8393,6.2357526,24,,,,,,,,
,,,,,8405,10.660008,12,,,,,,,,
,,,,,8420,11.871041,15,,,,,,,,
,,,,,8434,7.9427648,14,,,,,,,,
,,,,,8457,18.950962,23,,,,,,,,
,,,,,8507,46.207466,50,,,,,,,,
,,,,,8560,50.124546,53,,,,,,,,
,,,,,8580,14.604925,20,,,,,,,,
,,,,,8592,8.481735,12,,,,,,,,
,,,,,8603,9.04464,11,,,,,,,,
,,,,,8652,75.96017,49,,,,,,,,
,,,,,8662,7.4035816,10,,,,,,,,
,,,,,8679,14.019843,17,,,,,,,,
,,,,,8696,16.386023,17,,,,,,,,
,,,,,8710,10.9166765,14,,,,,,,,
,,,,,8737,8.523121,27,,,,,,,,
,,,,,8765,11.977372,28,,,,,,,,
,,,,,8790,20.539091,25,,,,,,,,
,,,,,8809,10.865325,19,,,,,,,,
,,,,,8830,15.982992,21,,,,,,,,
,,,,,8866,49.44998,36,,,,,,,,
,,,,,8883,14.979615,17,,,,,,,,
,,,,,8894,9.159839,11,,,,,,,,
,,,,,8916,25.61447,22,,,,,,,,
,,,,,8930,13.518089,14,,,,,,,,
,,,,,8969,43.84635,39,,,,,,,,
,,,,,9000,18.836988,31,,,,,,,,
,,,,,9039,47.345387,39,,,,,,,,
,,,,,9078,32.476345,39,,,,,,,,
,,,,,9104,20.357107,26,,,,,,,,
,,,,,9149,33.302742,45,,,,,,,,
,,,,,9170,16.154776,21,,,,,,,,
,,,,,9231,67.64975,61,,,,,,,,
,,,,,9248,14.821387,17,,,,,,,,
,,,,,9267,17.59741,19,,,,,,,,
,,,,,9285,11.869374,18,,,,,,,,
,,,,,9306,11.0676155,21,,,,,,,,
,,,,,9318,9.04855,12,,,,,,,,
,,,,,9336,19.359058,18,,,,,,,,
,,,,,9367,39.273067,31,,,,,,,,
,,,,,9391,24.92776,24,,,,,,,,
,,,,,9416,28.773638,25,,,,,,,,
,,,,,9433,13.917847,17,,,,,,,,
,,,,,9456,17.716286,23,,,,,,,,
,,,,,9502,42.306953,46,,,,,,,,
,,,,,9516,13.613731,14,,,,,,,,
,,,,,9535,19.786476,19,,,,,,,,
,,,,,9566,37.936592,31,,,,,,,,
,,,,,9582,17.106642,16,,,,,,,,
,,,,,9632,86.31278,50,,,,,,,,
,,,,,9666,10.868673,34,,,,,,,,
,,,,,9692,22.457676,26,,,,,,,,
,,,,,9723,32.153595,31,,,,,,,,
,,,,,9752,23.511263,29,,,,,,,,
,,,,,9769,11.381255,17,,,,,,,,
,,,,,9786,15.636435,17,,,,,,,,
,,,,,9800,10.243619,14,,,,,,,,
,,,,,9816,13.3118515,16,,,,,,,,
,,,,,9831,11.3265705,15,,,,,,,,
,,,,,9842,8.265001,11,,,,,,,,
,,,,,9878,20.438103,36,,,,,,,,
,,,,,9891,12.343864,13,,,,,,,,
,,,,,9913,19.407932,22,,,,,,,,
,,,,,9925,9.075393,12,,,,,,,,
,,,,,9940,15.24032,15,,,,,,,,
,,,,,9970,41.35642,30,,,,,,,,
,,,,,9982,9.680905,12,,,,,,,,
20.428612,8.305162,33.655235,10.59718,28.6,10000,,,-0.46115171909332275,1.9514490365982056,1.2476497888565063,0.09967997670173645,1.1473908424377441,0.0003,0.0003,0.1
,,,,,10022,33.13329,40,,,,,,,,
,,,,,10082,97.1119,60,,,,,,,,
,,,,,10145,117.3216,63,,,,,,,,
,,,,,10177,53.29573,32,,,,,,,,
,,,,,10216,68.198616,39,,,,,,,,
,,,,,10265,85.835464,49,,,,,,,,
,,,,,10316,89.67768,51,,,,,,,,
,,,,,10363,78.04539,47,,,,,,,,
,,,,,10414,88.772446,51,,,,,,,,
,,,,,10454,66.63779,40,,,,,,,,
,,,,,10490,59.72331,36,,,,,,,,
,,,,,10530,65.339096,40,,,,,,,,
,,,,,10572,70.47325,42,,,,,,,,
,,,,,10615,71.20708,43,,,,,,,,
,,,,,10663,84.16614,48,,,,,,,,
,,,,,10704,69.24765,41,,,,,,,,
,,,,,10743,64.9893,39,,,,,,,,
,,,,,10780,61.533417,37,,,,,,,,
,,,,,10822,72.074394,42,,,,,,,,
,,,,,10859,60.953728,37,,,,,,,,
,,,,,10903,74.7823,44,,,,,,,,
,,,,,10954,90.71808,51,,,,,,,,
,,,,,10994,65.0369,40,,,,,,,,
,,,,,11000,,,-7.0702691078186035,-0.5907103419303894,0.6118720173835754,6.3260393142700195,6.430954933166504,0.0003,0.0003,0.1
,,,,,11029,59.014004,35,,,,,,,,
,,,,,11074,77.576294,45,,,,,,,,
,,,,,11112,63.115547,38,,,,,,,,
,,,,,11155,73.29002,43,,,,,,,,
,,,,,11215,112.93538,60,,,,,,,,
,,,,,11267,92.26477,52,,,,,,,,
,,,,,11378,273.27255,111,,,,,,,,
,,,,,11492,241.83136,114,,,,,,,,
,,,,,11609,251.62268,117,,,,,,,,
,,,,,11710,216.28761,101,,,,,,,,
,,,,,11822,226.49623,112,,,,,,,,
,,,,,11929,258.51517,107,,,,,,,,
,,,,,12000,,,-15.196317672729492,-0.9466525316238403,1.1236690282821655,13.701634407043457,13.971832275390625,0.0003,0.0003,0.1
,,,,,12040,250.19997,111,,,,,,,,
,,,,,12164,261.9765,124,,,,,,,,
,,,,,12279,270.5175,115,,,,,,,,
,,,,,12375,215.53621,96,,,,,,,,
,,,,,12477,238.90555,102,,,,,,,,
,,,,,12588,251.77335,111,,,,,,,,
,,,,,12693,245.74612,105,,,,,,,,
,,,,,12785,201.166,92,,,,,,,,
,,,,,12875,194.41133,90,,,,,,,,
,,,,,12965,199.1233,90,,,,,,,,
,,,,,13000,,,-24.530824661254883,-1.6875314712524414,2.0477705001831055,22.578340530395508,22.694875717163086,0.0003,0.0003,0.1
,,,,,13057,198.03044,92,,,,,,,,
,,,,,13143,187.03424,86,,,,,,,,
,,,,,13230,183.06264,87,,,,,,,,
,,,,,13316,179.64017,86,,,,,,,,
,,,,,13400,177.05045,84,,,,,,,,
,,,,,13483,177.51065,83,,,,,,,,
,,,,,13570,175.53635,87,,,,,,,,
,,,,,13658,192.30739,88,,,,,,,,
,,,,,13748,195.37187,90,,,,,,,,
,,,,,13837,176.40892,89,,,,,,,,
,,,,,13924,180.27858,87,,,,,,,,
,,,,,14000,,,-35.087162017822266,-1.372434377670288,4.507444381713867,32.957454681396484,32.98058319091797,0.0003,0.0003,0.1
,,,,,14010,182.73157,86,,,,,,,,
,,,,,14095,169.49312,85,,,,,,,,
,,,,,14184,179.89244,89,,,,,,,,
,,,,,14276,188.69577,92,,,,,,,,
,,,,,14364,172.65721,88,,,,,,,,
,,,,,14454,187.5213,90,,,,,,,,
,,,,,14543,192.07878,89,,,,,,,,
,,,,,14630,182.2389,87,,,,,,,,
,,,,,14717,180.92545,87,,,,,,,,
,,,,,14806,193.49861,89,,,,,,,,
,,,,,14899,195.7602,93,,,,,,,,
,,,,,14984,183.50539,85,,,,,,,,
148.78873,66.54707,210.05072,47.2573,70.9,15000,,,-44.44865417480469,-1.5244474411010742,11.450645446777344,42.14152908325195,41.864315032958984,0.0003,0.0003,0.1
,,,,,15073,182.57806,89,,,,,,,,
,,,,,15164,200.18265,91,,,,,,,,
,,,,,15256,189.94322,92,,,,,,,,
,,,,,15349,196.86192,93,,,,,,,,
,,,,,15374,43.671665,25,,,,,,,,
,,,,,15458,168.71516,84,,,,,,,,
,,,,,15548,185.17311,90,,,,,,,,
,,,,,15641,199.06082,93,,,,,,,,
,,,,,15735,196.80714,94,,,,,,,,
,,,,,15827,184.57013,92,,,,,,,,
,,,,,15915,177.07806,88,,,,,,,,
,,,,,16000,,,-51.013973236083984,-1.698364496231079,6.776973247528076,48.412620544433594,48.64630889892578,0.0003,0.0003,0.1
,,,,,16003,186.05315,88,,,,,,,,
,,,,,16096,189.22375,93,,,,,,,,
,,,,,16186,187.0238,90,,,,,,,,
,,,,,16282,185.92865,96,,,,,,,,
,,,,,16373,178.22836,91,,,,,,,,
,,,,,16468,199.01758,95,,,,,,,,
,,,,,16562,187.73999,94,,,,,,,,
,,,,,16658,199.13539,96,,,,,,,,
,,,,,16745,173.76414,87,,,,,,,,
,,,,,16843,208.18225,98,,,,,,,,
,,,,,16941,207.34525,98,,,,,,,,
,,,,,17000,,,-59.57072448730469,-1.8355382680892944,7.808924674987793,56.803531646728516,57.038169860839844,0.0003,0.0003,0.1
,,,,,17038,214.45178,97,,,,,,,,
,,,,,17138,204.11697,100,,,,,,,,
,,,,,17249,249.814,111,,,,,,,,
,,,,,17355,245.33105,106,,,,,,,,
,,,,,17456,212.41953,101,,,,,,,,
,,,,,17548,195.43938,92,,,,,,,,
,,,,,17638,191.30193,90,,,,,,,,
,,,,,17745,238.9056,107,,,,,,,,
,,,,,17850,226.53996,105,,,,,,,,
,,,,,17967,264.3758,117,,,,,,,,
,,,,,18000,,,-70.6834716796875,-1.2651894092559814,7.743098258972168,68.00440979003906,68.3357162475586,0.0003,0.0003,0.1
,,,,,18085,268.6775,118,,,,,,,,
,,,,,18210,286.2265,125,,,,,,,,
,,,,,18327,292.8125,117,,,,,,,,
,,,,,18451,308.11658,124,,,,,,,,
,,,,,18576,296.10745,125,,,,,,,,
,,,,,18702,308.81088,126,,,,,,,,
,,,,,18834,307.19186,132,,,,,,,,
,,,,,18974,294.75204,140,,,,,,,,
,,,,,19000,,,-77.57192993164062,-1.8295435905456543,17.284399032592773,73.88724517822266,73.70838928222656,0.0003,0.0003,0.1
,,,,,19111,278.8071,137,,,,,,,,
,,,,,19225,254.82999,114,,,,,,,,
,,,,,19337,262.7072,112,,,,,,,,
,,,,,19457,263.54785,120,,,,,,,,
,,,,,19584,297.5644,127,,,,,,,,
,,,,,19701,248.39417,117,,,,,,,,
,,,,,19842,320.99414,141,,,,,,,,
,,,,,19976,310.578,134,,,,,,,,
263.6007,79.00856,312.7412,43.81059,119.5,20000,,,-86.80742645263672,-1.666588544845581,3.973982095718384,82.96078491210938,83.16529083251953,0.0003,0.0003,0.1
,,,,,20108,290.86734,132,,,,,,,,
,,,,,20244,306.65982,136,,,,,,,,
,,,,,20366,277.04834,122,,,,,,,,
,,,,,20508,336.50308,142,,,,,,,,
,,,,,20642,296.93683,134,,,,,,,,
,,,,,20674,50.93709,32,,,,,,,,
,,,,,20797,288.4764,123,,,,,,,,
,,,,,20832,55.5702,35,,,,,,,,
,,,,,20969,319.64233,137,,,,,,,,
,,,,,21000,,,-93.53611755371094,-1.893653154373169,5.802459716796875,90.32981872558594,90.14776611328125,0.0003,0.0003,0.1
,,,,,21085,280.0713,116,,,,,,,,
,,,,,21113,43.036003,28,,,,,,,,
,,,,,21232,256.91718,119,,,,,,,,
,,,,,21264,52.581844,32,,,,,,,,
,,,,,21382,260.65024,118,,,,,,,,
,,,,,21422,67.96054,40,,,,,,,,
,,,,,21521,194.72899,99,,,,,,,,
,,,,,21596,133.4225,75,,,,,,,,
,,,,,21631,58.93484,35,,,,,,,,
,,,,,21664,55.079865,33,,,,,,,,
,,,,,21707,61.97223,43,,,,,,,,
,,,,,21736,48.496376,29,,,,,,,,
,,,,,21860,284.56635,124,,,,,,,,
,,,,,21897,62.78345,37,,,,,,,,
,,,,,22000,,,-101.72541809082031,-2.39109206199646,8.073604583740234,97.01761627197266,97.08259582519531,0.0003,0.0003,0.1
,,,,,22014,276.26938,117,,,,,,,,
,,,,,22127,262.89523,113,,,,,,,,
,,,,,22245,264.69968,118,,,,,,,,
,,,,,22360,274.79395,115,,,,,,,,
,,,,,22397,63.679676,37,,,,,,,,
,,,,,22509,247.4192,112,,,,,,,,
,,,,,22634,291.817,125,,,,,,,,
,,,,,22760,296.97485,126,,,,,,,,
,,,,,22885,281.71002,125,,,,,,,,
,,,,,23000,,,-110.14290618896484,-1.3170199394226074,13.875215530395508,107.78671264648438,108.15707397460938,0.0003,0.0003,0.1
,,,,,23004,272.14246,119,,,,,,,,
,,,,,23124,268.76346,120,,,,,,,,
,,,,,23253,287.42346,129,,,,,,,,
,,,,,23378,278.3783,125,,,,,,,,
,,,,,23503,280.54837,125,,,,,,,,
,,,,,23604,203.02171,101,,,,,,,,
,,,,,23728,276.05923,124,,,,,,,,
,,,,,23833,208.61958,105,,,,,,,,
,,,,,23966,293.58875,133,,,,,,,,
,,,,,24000,,,-115.55343627929688,-1.413506031036377,16.29409408569336,111.45013427734375,111.22219848632812,0.0003,0.0003,0.1
,,,,,24110,317.93442,144,,,,,,,,
,,,,,24233,280.0026,123,,,,,,,,
,,,,,24344,235.8708,111,,,,,,,,
,,,,,24462,269.34158,118,,,,,,,,
,,,,,24582,283.87448,120,,,,,,,,
,,,,,24693,268.1138,111,,,,,,,,
,,,,,24801,256.21182,108,,,,,,,,
,,,,,24913,267.5318,112,,,,,,,,
249.73921,15.397423,272.94113,218.44495,108.1,25000,,,-118.91535949707031,-1.9791474342346191,9.226302146911621,115.46223449707031,116.13261413574219,0.0003,0.0003,0.1
,,,,,25023,254.32353,110,,,,,,,,
,,,,,25135,260.75092,112,,,,,,,,
,,,,,25240,234.16058,105,,,,,,,,
,,,,,25351,268.25806,111,,,,,,,,
,,,,,25448,196.13649,97,,,,,,,,
,,,,,25556,259.75287,108,,,,,,,,
,,,,,25661,253.65485,105,,,,,,,,
,,,,,25777,280.42752,116,,,,,,,,
,,,,,25889,270.33234,112,,,,,,,,
,,,,,25998,290.819,109,,,,,,,,
,,,,,26000,,,-125.19636535644531,-2.200596332550049,9.787503242492676,122.25476837158203,122.4873046875,0.0003,0.0003,0.1
,,,,,26109,287.89618,111,,,,,,,,
,,,,,26214,259.12607,105,,,,,,,,
,,,,,26327,277.36414,113,,,,,,,,
,,,,,26436,286.5826,109,,,,,,,,
,,,,,26546,262.2986,110,,,,,,,,
,,,,,26653,275.3015,107,,,,,,,,
,,,,,26765,295.03864,112,,,,,,,,
,,,,,26799,58.85419,34,,,,,,,,
,,,,,26906,260.31754,107,,,,,,,,
,,,,,27000,,,-129.38922119140625,-1.4278813600540161,8.055011749267578,126.19409942626953,126.1221694946289,0.0003,0.0003,0.1
,,,,,27025,315.7689,119,,,,,,,,
,,,,,27139,304.08148,114,,,,,,,,
,,,,,27258,313.73688,119,,,,,,,,
,,,,,27377,314.5939,119,,,,,,,,
,,,,,27509,350.82648,132,,,,,,,,
,,,,,27628,313.4133,119,,,,,,,,
,,,,,27654,45.041412,26,,,,,,,,
,,,,,27774,323.8161,120,,,,,,,,
,,,,,27914,368.9212,140,,,,,,,,
,,,,,28000,,,-135.25714111328125,-1.4989533424377441,27.458925247192383,131.2867431640625,131.4102325439453,0.0003,0.0003,0.1
,,,,,28042,337.3523,128,,,,,,,,
,,,,,28067,43.233627,25,,,,,,,,
,,,,,28197,349.2472,130,,,,,,,,
,,,,,28222,45.05627,25,,,,,,,,
,,,,,28351,347.2745,129,,,,,,,,
,,,,,28491,350.23227,140,,,,,,,,
,,,,,28613,301.31482,122,,,,,,,,
,,,,,28636,39.984985,23,,,,,,,,
,,,,,28764,333.4816,128,,,,,,,,
,,,,,28799,64.27648,35,,,,,,,,
,,,,,28921,290.12643,122,,,,,,,,
,,,,,29000,,,-142.3038330078125,-1.540924072265625,17.815475463867188,138.12957763671875,138.760498046875,0.0003,0.0003,0.1
,,,,,29055,330.50937,134,,,,,,,,
,,,,,29079,41.699398,24,,,,,,,,
,,,,,29120,76.59189,41,,,,,,,,
,,,,,29241,300.24176,121,,,,,,,,
,,,,,29366,315.6253,125,,,,,,,,
,,,,,29415,91.3592,49,,,,,,,,
,,,,,29543,324.7837,128,,,,,,,,
,,,,,29662,297.25415,119,,,,,,,,
,,,,,29778,290.17593,116,,,,,,,,
,,,,,29895,300.5166,117,,,,,,,,
294.93082,19.643873,322.0652,261.6372,122.2,30000,,,-143.73167419433594,-1.8479996919631958,12.204052925109863,138.5544891357422,139.30389404296875,0.0003,0.0003,0.1
,,,,,30019,287.88065,124,,,,,,,,
,,,,,30142,301.16617,123,,,,,,,,
,,,,,30269,312.36472,127,,,,,,,,
,,,,,30391,303.0783,122,,,,,,,,
,,,,,30413,38.079857,22,,,,,,,,
,,,,,30436,39.839973,23,,,,,,,,
,,,,,30560,304.6229,124,,,,,,,,
,,,,,30683,291.26706,123,,,,,,,,
,,,,,30799,291.4867,116,,,,,,,,
,,,,,30927,312.93567,128,,,,,,,,
,,,,,31000,,,-149.76150512695312,-1.5565530061721802,42.678531646728516,145.70834350585938,144.99563598632812,0.0003,0.0003,0.1
,,,,,31062,312.6098,135,,,,,,,,
,,,,,31181,295.9746,119,,,,,,,,
,,,,,31304,279.9285,123,,,,,,,,
,,,,,31430,311.2063,126,,,,,,,,
,,,,,31547,290.38925,117,,,,,,,,
,,,,,31672,328.68832,125,,,,,,,,
,,,,,31804,319.30707,132,,,,,,,,
,,,,,31943,317.60123,139,,,,,,,,
,,,,,32000,,,-154.02516174316406,-2.077824592590332,73.39202117919922,149.93295288085938,149.53775024414062,0.0003,0.0003,0.1
,,,,,32079,306.0896,136,,,,,,,,
,,,,,32202,296.17456,123,,,,,,,,
,,,,,32325,335.76187,123,,,,,,,,
,,,,,32438,267.09995,113,,,,,,,,
,,,,,32557,280.09583,119,,,,,,,,
,,,,,32676,275.32327,119,,,,,,,,
,,,,,32820,352.88315,144,,,,,,,,
,,,,,32937,302.30972,117,,,,,,,,
,,,,,33000,,,-154.66136169433594,-2.0879642963409424,7.313271522521973,150.62747192382812,150.7813720703125,0.0003,0.0003,0.1
,,,,,33055,321.97943,118,,,,,,,,
,,,,,33160,258.24527,105,,,,,,,,
,,,,,33280,299.0105,120,,,,,,,,
,,,,,33389,270.42883,109,,,,,,,,
,,,,,33510,280.84567,121,,,,,,,,
,,,,,33640,318.1799,130,,,,,,,,
,,,,,33762,280.03378,122,,,,,,,,
,,,,,33861,238.98102,99,,,,,,,,
,,,,,33986,292.48676,125,,,,,,,,
,,,,,34000,,,-158.83761596679688,-1.7418615818023682,96.67250061035156,156.3465576171875,156.02743530273438,0.0003,0.0003,0.1
,,,,,34095,280.914,109,,,,,,,,
,,,,,34205,281.68643,110,,,,,,,,
,,,,,34326,312.56317,121,,,,,,,,
,,,,,34438,267.9309,112,,,,,,,,
,,,,,34543,269.15564,105,,,,,,,,
,,,,,34669,289.7245,126,,,,,,,,
,,,,,34793,301.27365,124,,,,,,,,
,,,,,34912,307.97827,119,,,,,,,,
304.5772,22.32064,336.12802,268.1458,119.1,35000,,,-163.85975646972656,-1.4148187637329102,121.54241180419922,160.95751953125,160.2579803466797,0.0003,0.0003,0.1
,,,,,35056,316.53406,144,,,,,,,,
,,,,,35175,272.1463,119,,,,,,,,
,,,,,35301,297.2353,126,,,,,,,,
,,,,,35423,312.40787,122,,,,,,,,
,,,,,35552,307.3476,129,,,,,,,,
,,,,,35590,53.72088,38,,,,,,,,
,,,,,35695,281.60733,105,,,,,,,,
,,,,,35808,300.25882,113,,,,,,,,
,,,,,35891,187.81763,83,,,,,,,,
,,,,,36000,,,-164.5717315673828,-2.099186897277832,5.672513484954834,160.91748046875,161.0312957763672,0.0003,0.0003,0.1
,,,,,36004,295.0239,113,,,,,,,,
,,,,,36120,304.58658,116,,,,,,,,
,,,,,36227,279.1748,107,,,,,,,,
,,,,,36346,288.40585,119,,,,,,,,
,,,,,36462,306.28268,116,,,,,,,,
,,,,,36575,289.24847,113,,,,,,,,
,,,,,36690,294.00198,115,,,,,,,,
,,,,,36824,297.9743,134,,,,,,,,
,,,,,36938,299.87088,114,,,,,,,,
,,,,,37000,,,-168.13682556152344,-1.6343289613723755,5.880686283111572,164.15939331054688,163.8404541015625,0.0003,0.0003,0.1
,,,,,37052,303.37546,114,,,,,,,,
,,,,,37166,295.34845,114,,,,,,,,
,,,,,37295,284.3933,129,,,,,,,,
,,,,,37411,316.58148,116,,,,,,,,
,,,,,37529,332.4698,118,,,,,,,,
,,,,,37655,358.51376,126,,,,,,,,
,,,,,37770,306.43735,115,,,,,,,,
,,,,,37912,311.82416,142,,,,,,,,
,,,,,38000,,,-169.4460906982422,-1.8141533136367798,5.423049449920654,167.11166381835938,167.54885864257812,0.0003,0.0003,0.1
,,,,,38028,305.73062,116,,,,,,,,
,,,,,38156,299.64545,128,,,,,,,,
,,,,,38273,279.4007,117,,,,,,,,
,,,,,38408,320.3552,135,,,,,,,,
,,,,,38532,311.75015,124,,,,,,,,
,,,,,38638,267.67728,106,,,,,,,,
,,,,,38752,292.22443,114,,,,,,,,
,,,,,38865,278.06934,113,,,,,,,,
,,,,,38974,265.33926,109,,,,,,,,
,,,,,39000,,,-168.9469757080078,-2.135348320007324,20.175525665283203,165.7681427001953,165.90174865722656,0.0003,0.0003,0.1
,,,,,39082,282.09894,108,,,,,,,,
,,,,,39200,308.47195,118,,,,,,,,
,,,,,39319,302.6159,119,,,,,,,,
,,,,,39442,305.4635,123,,,,,,,,
,,,,,39575,315.96243,133,,,,,,,,
,,,,,39687,305.95956,112,,,,,,,,
,,,,,39845,321.46054,158,,,,,,,,
313.6931,20.502302,344.52573,281.10953,150.1,40000,,,-174.0803985595703,-2.323976993560791,10.626097679138184,169.65611267089844,169.9049530029297,0.0003,0.0003,0.1
,,,,,40062,525.50507,217,,,,,,,,
,,,,,40210,298.7894,148,,,,,,,,
,,,,,40391,419.09467,181,,,,,,,,
,,,,,40517,334.60837,126,,,,,,,,
,,,,,40669,312.18018,152,,,,,,,,
,,,,,40809,319.3633,140,,,,,,,,
,,,,,40936,321.6273,127,,,,,,,,
,,,,,41000,,,-170.36013793945312,-1.841902732849121,12.340876579284668,167.568115234375,168.17733764648438,0.0003,0.0003,0.1
,,,,,41075,321.31024,139,,,,,,,,
,,,,,41210,286.24884,135,,,,,,,,
,,,,,41350,348.0483,140,,,,,,,,
,,,,,41456,192.36455,106,,,,,,,,
,,,,,41584,319.71838,128,,,,,,,,
,,,,,41686,185.13078,102,,,,,,,,
,,,,,41792,207.34099,106,,,,,,,,
,,,,,41926,364.36774,134,,,,,,,,
,,,,,42000,,,-175.3318328857422,-2.005366325378418,8.758580207824707,173.33010864257812,173.67599487304688,0.0003,0.0003,0.1
,,,,,42028,196.07925,102,,,,,,,,
,,,,,42131,198.88739,103,,,,,,,,
,,,,,42250,242.88495,119,,,,,,,,
,,,,,42382,309.6397,132,,,,,,,,
,,,,,42533,382.9617,151,,,,,,,,
,,,,,42681,425.00604,148,,,,,,,,
,,,,,42826,386.5844,145,,,,,,,,
,,,,,42960,338.16077,134,,,,,,,,
,,,,,43000,,,-178.601318359375,-2.362678289413452,7.418582439422607,175.8516845703125,176.14065551757812,0.0003,0.0003,0.1
,,,,,43095,339.8674,135,,,,,,,,
,,,,,43235,355.79395,140,,,,,,,,
,,,,,43370,352.3046,135,,,,,,,,
,,,,,43513,369.84332,143,,,,,,,,
,,,,,43645,357.64426,132,,,,,,,,
,,,,,43794,393.3964,149,,,,,,,,
,,,,,43941,391.1152,147,,,,,,,,
,,,,,44000,,,-176.56185913085938,-2.59954571723938,176.98162841796875,172.40293884277344,171.85888671875,0.0003,0.0003,0.1
,,,,,44076,328.31635,135,,,,,,,,
,,,,,44221,383.99695,145,,,,,,,,
,,,,,44368,383.23102,147,,,,,,,,
,,,,,44516,349.83054,148,,,,,,,,
,,,,,44650,321.10226,134,,,,,,,,
,,,,,44784,332.98947,134,,,,,,,,
,,,,,44926,317.75516,142,,,,,,,,
168.54648,124.076454,342.1782,64.7616,77.8,45000,,,-190.67481994628906,-2.0703787803649902,2.8573555946350098,188.89199829101562,188.87037658691406,0.0003,0.0003,0.1
,,,,,45051,297.2111,125,,,,,,,,
,,,,,45200,393.86542,149,,,,,,,,
,,,,,45345,351.11765,145,,,,,,,,
,,,,,45475,320.29517,130,,,,,,,,
,,,,,45617,338.85315,142,,,,,,,,
,,,,,45770,369.4703,153,,,,,,,,
,,,,,45915,346.00037,145,,,,,,,,
,,,,,46000,,,-188.1715087890625,-1.9929662942886353,36.4166374206543,185.85574340820312,185.7615203857422,0.0003,0.0003,0.1
,,,,,46059,337.7085,144,,,,,,,,
,,,,,46099,70.19909,40,,,,,,,,
,,,,,46256,384.57382,157,,,,,,,,
,,,,,46407,337.9537,151,,,,,,,,
,,,,,46555,352.19702,148,,,,,,,,
,,,,,46702,358.52344,147,,,,,,,,
,,,,,46847,360.6974,145,,,,,,,,
,,,,,46874,46.263523,27,,,,,,,,
,,,,,47000,,,-185.7666015625,-2.2040019035339355,12.67020320892334,183.8778839111328,183.96969604492188,0.0003,0.0003,0.1
,,,,,47016,359.52078,142,,,,,,,,
,,,,,47169,375.85422,153,,,,,,,,
,,,,,47310,331.08945,141,,,,,,,,
,,,,,47451,355.33057,141,,,,,,,,
,,,,,47590,340.8697,139,,,,,,,,
,,,,,47738,370.15906,148,,,,,,,,
,,,,,47885,365.5855,147,,,,,,,,
,,,,,48000,,,-184.0687255859375,-2.2095396518707275,33.02627182006836,181.30958557128906,182.1878662109375,0.0003,0.0003,0.1
,,,,,48032,346.5929,147,,,,,,,,
,,,,,48185,375.32425,153,,,,,,,,
,,,,,48339,387.7096,154,,,,,,,,
,,,,,48479,347.08524,140,,,,,,,,
,,,,,48626,360.3453,147,,,,,,,,
,,,,,48785,392.72437,159,,,,,,,,
,,,,,48933,369.0643,148,,,,,,,,
,,,,,49000,,,-194.12786865234375,-1.924208402633667,75.0235595703125,189.1929473876953,188.91845703125,0.0003,0.0003,0.1
,,,,,49083,375.9822,150,,,,,,,,
,,,,,49232,399.25513,149,,,,,,,,
,,,,,49380,376.0672,148,,,,,,,,
,,,,,49526,374.73187,146,,,,,,,,
,,,,,49669,358.4952,143,,,,,,,,
,,,,,49814,371.9581,145,,,,,,,,
,,,,,49970,410.36923,156,,,,,,,,
272.0621,133.54576,384.80933,68.36419,112.1,50000,,,-193.9806671142578,-1.805307149887085,55.218040466308594,190.0092010498047,190.0884552001953,0.0003,0.0003,0.1
,,,,,50115,395.5205,145,,,,,,,,
,,,,,50263,382.1433,148,,,,,,,,
,,,,,50290,46.986572,27,,,,,,,,
,,,,,50434,365.73477,144,,,,,,,,
,,,,,50581,365.2924,147,,,,,,,,
,,,,,50724,365.9019,143,,,,,,,,
,,,,,50752,49.230106,28,,,,,,,,
,,,,,50887,367.0325,135,,,,,,,,
,,,,,51000,,,-190.2493896484375,-1.7537544965744019,46.96366500854492,187.28384399414062,187.47647094726562,0.0003,0.0003,0.1
,,,,,51033,361.67267,146,,,,,,,,
,,,,,51061,49.127728,28,,,,,,,,
,,,,,51199,349.734,138,,,,,,,,
,,,,,51340,350.07645,141,,,,,,,,
,,,,,51484,376.51654,144,,,,,,,,
,,,,,51623,344.79755,139,,,,,,,,
,,,,,51764,359.34555,141,,,,,,,,
,,,,,51907,390.30377,143,,,,,,,,
,,,,,52000,,,-192.23988342285156,-2.2144689559936523,25.623441696166992,188.50384521484375,188.25796508789062,0.0003,0.0003,0.1
,,,,,52046,358.16028,139,,,,,,,,
,,,,,52188,372.30542,142,,,,,,,,
,,,,,52331,392.16583,143,,,,,,,,
,,,,,52474,375.87817,143,,,,,,,,
,,,,,52612,358.75406,138,,,,,,,,
,,,,,52750,364.50592,138,,,,,,,,
,,,,,52889,362.1539,139,,,,,,,,
,,,,,53000,,,-194.64015197753906,-2.194965362548828,9.126466751098633,192.16107177734375,192.8511199951172,0.0003,0.0003,0.1
,,,,,53009,294.2356,120,,,,,,,,
,,,,,53149,375.27234,140,,,,,,,,
,,,,,53283,373.6563,134,,,,,,,,
,,,,,53415,293.80246,132,,,,,,,,
,,,,,53554,379.38364,139,,,,,,,,
,,,,,53692,371.44287,138,,,,,,,,
,,,,,53816,293.60898,124,,,,,,,,
,,,,,53953,350.56137,137,,,,,,,,
,,,,,54000,,,-190.0987548828125,-2.2848315238952637,10.731324195861816,187.12603759765625,187.26956176757812,0.0003,0.0003,0.1
,,,,,54094,376.31558,141,,,,,,,,
,,,,,54238,389.11093,144,,,,,,,,
,,,,,54275,67.4667,37,,,,,,,,
,,,,,54314,70.2683,39,,,,,,,,
,,,,,54454,393.31418,140,,,,,,,,
,,,,,54609,469.07175,155,,,,,,,,
,,,,,54755,394.01788,146,,,,,,,,
,,,,,54873,297.1974,118,,,,,,,,
428.29218,61.03196,495.1469,330.1915,148.2,55000,,,-197.5965576171875,-1.9424415826797485,17.03478240966797,195.3264923095703,195.53274536132812,0.0003,0.0003,0.1
,,,,,55022,415.0965,149,,,,,,,,
,,,,,55149,304.7415,127,,,,,,,,
,,,,,55288,315.56558,139,,,,,,,,
,,,,,55432,343.89413,144,,,,,,,,
,,,,,55581,447.0164,149,,,,,,,,
,,,,,55755,531.00146,174,,,,,,,,
,,,,,55926,547.04706,171,,,,,,,,
,,,,,56000,,,-197.78616333007812,-2.091656446456909,75.55693054199219,194.77944946289062,194.82762145996094,0.0003,0.0003,0.1
,,,,,56090,502.75098,164,,,,,,,,
,,,,,56273,538.3269,183,,,,,,,,
,,,,,56421,412.84143,148,,,,,,,,
,,,,,56557,345.14508,136,,,,,,,,
,,,,,56726,508.0731,169,,,,,,,,
,,,,,56879,424.94666,153,,,,,,,,
,,,,,57000,,,-196.7812957763672,-2.0381641387939453,20.277368545532227,194.47903442382812,194.383544921875,0.0003,0.0003,0.1
,,,,,57019,372.7004,140,,,,,,,,
,,,,,57066,76.38872,47,,,,,,,,
,,,,,57207,375.08694,141,,,,,,,,
,,,,,57366,457.3121,159,,,,,,,,
,,,,,57540,547.69727,174,,,,,,,,
,,,,,57697,455.21472,157,,,,,,,,
,,,,,57835,370.87207,138,,,,,,,,
,,,,,57964,311.86987,129,,,,,,,,
,,,,,58000,,,-199.93116760253906,-1.9211286306381226,37.02788543701172,197.43856811523438,198.04124450683594,0.0003,0.0003,0.1
,,,,,58101,359.8922,137,,,,,,,,
,,,,,58258,461.6186,157,,,,,,,,
,,,,,58430,456.35706,172,,,,,,,,
,,,,,58569,366.31097,139,,,,,,,,
,,,,,58708,375.28915,139,,,,,,,,
,,,,,58828,252.12648,120,,,,,,,,
,,,,,58953,270.98083,125,,,,,,,,
,,,,,59000,,,-200.10653686523438,-2.0451080799102783,11.180553436279297,197.77426147460938,197.91900634765625,0.0003,0.0003,0.1
,,,,,59083,335.82385,130,,,,,,,,
,,,,,59222,361.1359,139,,,,,,,,
,,,,,59368,395.14767,146,,,,,,,,
,,,,,59483,232.23883,115,,,,,,,,
,,,,,59666,526.07654,183,,,,,,,,
,,,,,59839,515.5777,173,,,,,,,,
,,,,,59989,415.4565,150,,,,,,,,
356.30606,58.929287,424.19785,231.62431,140.0,60000,,,-206.6378631591797,-1.9548150300979614,27.71651268005371,203.6221160888672,203.78082275390625,0.0003,0.0003,0.1
,,,,,60134,358.92123,145,,,,,,,,
,,,,,60271,328.7724,137,,,,,,,,
,,,,,60423,425.12042,152,,,,,,,,
,,,,,60570,343.29266,147,,,,,,,,
,,,,,60719,376.0761,149,,,,,,,,
,,,,,60869,363.5493,150,,,,,,,,
,,,,,61000,,,-206.23916625976562,-2.4813120365142822,32.16944122314453,200.80328369140625,200.79940795898438,0.0003,0.0003,0.1
,,,,,61069,603.6462,200,,,,,,,,
,,,,,61224,391.94464,155,,,,,,,,
,,,,,61376,370.13705,152,,,,,,,,
,,,,,61516,317.01584,140,,,,,,,,
,,,,,61651,303.0073,135,,,,,,,,
,,,,,61673,31.796478,22,,,,,,,,
,,,,,61812,357.98987,139,,,,,,,,
,,,,,61999,561.251,187,,,,,,,,
,,,,,62000,,,-207.15216064453125,-2.5017950534820557,44.02041244506836,200.17811584472656,199.5269012451172,0.0003,0.0003,0.1
,,,,,62126,307.0495,127,,,,,,,,
,,,,,62275,405.00034,149,,,,,,,,
,,,,,62481,667.36127,206,,,,,,,,
,,,,,62675,586.09534,194,,,,,,,,
,,,,,62880,639.9786,205,,,,,,,,
,,,,,63000,,,-207.00938415527344,-2.464482545852661,11.446466445922852,202.68292236328125,202.40516662597656,0.0003,0.0003,0.1
,,,,,63022,397.97983,142,,,,,,,,
,,,,,63203,557.4295,181,,,,,,,,
,,,,,63386,534.07,183,,,,,,,,
,,,,,63600,614.369,214,,,,,,,,
,,,,,63810,609.31445,210,,,,,,,,
,,,,,64000,,,-212.48143005371094,-2.306135416030884,10.993779182434082,208.69317626953125,208.6072235107422,0.0003,0.0003,0.1
,,,,,64006,546.65137,196,,,,,,,,
,,,,,64183,482.1778,177,,,,,,,,
,,,,,64352,390.6169,169,,,,,,,,
,,,,,64498,335.56088,146,,,,,,,,
,,,,,64511,15.691435,13,,,,,,,,
,,,,,64666,407.86096,155,,,,,,,,
,,,,,64824,359.88345,158,,,,,,,,
,,,,,64984,437.28214,160,,,,,,,,
399.96402,24.57721,437.7102,367.7314,152.9,65000,,,-208.20968627929688,-2.2787258625030518,10.499747276306152,205.55380249023438,205.88833618164062,0.0003,0.0003,0.1
,,,,,65148,472.55725,164,,,,,,,,
,,,,,65287,352.7874,139,,,,,,,,
,,,,,65472,491.70303,185,,,,,,,,
,,,,,65605,319.22427,133,,,,,,,,
,,,,,65755,343.55267,150,,,,,,,,
,,,,,65897,378.4352,142,,,,,,,,
,,,,,66000,,,-218.27020263671875,-2.4785032272338867,15.23447322845459,213.72015380859375,214.08018493652344,0.0003,0.0003,0.1
,,,,,66060,469.90152,163,,,,,,,,
,,,,,66195,348.03168,135,,,,,,,,
,,,,,66325,358.44373,130,,,,,,,,
,,,,,66466,421.4072,141,,,,,,,,
,,,,,66598,354.84915,132,,,,,,,,
,,,,,66760,505.84528,162,,,,,,,,
,,,,,66798,69.297035,38,,,,,,,,
,,,,,66973,533.9772,175,,,,,,,,
,,,,,67000,,,-218.55709838867188,-2.394718647003174,25.0340633392334,213.5504608154297,214.03363037109375,0.0003,0.0003,0.1
,,,,,67155,557.47766,182,,,,,,,,
,,,,,67328,516.28937,173,,,,,,,,
,,,,,67481,467.54868,153,,,,,,,,
,,,,,67631,460.8214,150,,,,,,,,
,,,,,67763,359.3968,132,,,,,,,,
,,,,,67921,458.89603,158,,,,,,,,
,,,,,68000,,,-221.14199829101562,-1.6888766288757324,5.515346050262451,217.6228485107422,217.75173950195312,0.0003,0.0003,0.1
,,,,,68092,508.65442,171,,,,,,,,
,,,,,68225,346.1603,133,,,,,,,,
,,,,,68407,546.9683,182,,,,,,,,
,,,,,68541,372.96292,134,,,,,,,,
,,,,,68711,522.8103,170,,,,,,,,
,,,,,68886,509.25156,175,,,,,,,,
,,,,,69000,,,-225.4808807373047,-2.354294776916504,15.813940048217773,221.03939819335938,221.1051025390625,0.0003,0.0003,0.1
,,,,,69011,332.829,125,,,,,,,,
,,,,,69199,513.0861,188,,,,,,,,
,,,,,69329,318.7459,130,,,,,,,,
,,,,,69457,318.374,128,,,,,,,,
,,,,,69593,348.8328,136,,,,,,,,
,,,,,69715,280.4866,122,,,,,,,,
,,,,,69884,531.8339,169,,,,,,,,
330.18832,39.927086,431.91687,290.8275,131.2,70000,,,-228.47833251953125,-2.3261423110961914,20.478973388671875,223.53932189941406,224.3483123779297,0.0003,0.0003,0.1
,,,,,70022,345.77917,138,,,,,,,,
,,,,,70150,297.2038,128,,,,,,,,
,,,,,70278,299.06396,128,,,,,,,,
,,,,,70451,508.76547,173,,,,,,,,
,,,,,70589,330.80524,138,,,,,,,,
,,,,,70718,309.1504,129,,,,,,,,
,,,,,70877,472.5033,159,,,,,,,,
,,,,,71000,,,-223.64730834960938,-2.1827189922332764,11.578335762023926,220.9534454345703,220.70260620117188,0.0003,0.0003,0.1
,,,,,71007,305.50693,130,,,,,,,,
,,,,,71174,487.1601,167,,,,,,,,
,,,,,71347,522.6305,173,,,,,,,,
,,,,,71466,268.75726,119,,,,,,,,
,,,,,71476,10.459735,10,,,,,,,,
,,,,,71644,500.332,168,,,,,,,,
,,,,,71816,516.707,172,,,,,,,,
,,,,,71825,9.062398,9,,,,,,,,
,,,,,71972,443.38828,147,,,,,,,,
,,,,,72000,,,-225.57164001464844,-2.4964451789855957,8.054449081420898,223.75592041015625,224.06082153320312,0.0003,0.0003,0.1
,,,,,72148,517.2144,176,,,,,,,,
,,,,,72315,504.94598,167,,,,,,,,
,,,,,72444,359.54453,129,,,,,,,,
,,,,,72453,9.030139,9,,,,,,,,
,,,,,72462,8.957538,9,,,,,,,,
,,,,,72472,10.718356,10,,,,,,,,
,,,,,72628,472.0251,156,,,,,,,,
,,,,,72783,478.65988,155,,,,,,,,
,,,,,72930,448.5561,147,,,,,,,,
,,,,,73000,,,-231.57847595214844,-2.119013786315918,49.193084716796875,229.191162109375,229.81454467773438,0.0003,0.0003,0.1
,,,,,73096,497.86865,166,,,,,,,,
,,,,,73222,325.56064,126,,,,,,,,
,,,,,73372,433.55008,150,,,,,,,,
,,,,,73509,336.5241,137,,,,,,,,
,,,,,73659,439.70456,150,,,,,,,,
,,,,,73833,500.48047,174,,,,,,,,
,,,,,73996,468.41812,163,,,,,,,,
,,,,,74000,,,-226.44454956054688,-2.546039342880249,21.49858283996582,222.90771484375,222.47532653808594,0.0003,0.0003,0.1
,,,,,74158,507.51602,162,,,,,,,,
,,,,,74334,510.20706,176,,,,,,,,
,,,,,74502,483.004,168,,,,,,,,
,,,,,74662,482.37585,160,,,,,,,,
,,,,,74836,511.3372,174,,,,,,,,
,,,,,74991,479.56668,155,,,,,,,,
463.49088,61.052013,516.7067,336.66608,163.9,75000,,,-230.1900634765625,-2.4391798973083496,134.05226135253906,226.88775634765625,227.7560577392578,0.0003,0.0003,0.1
,,,,,75137,432.93365,146,,,,,,,,
,,,,,75272,384.9966,135,,,,,,,,
,,,,,75449,538.3315,177,,,,,,,,
,,,,,75605,470.82346,156,,,,,,,,
,,,,,75734,343.70175,129,,,,,,,,
,,,,,75889,453.86407,155,,,,,,,,
,,,,,76000,,,-231.48696899414062,-2.2107160091400146,150.7534942626953,228.72683715820312,228.5507354736328,0.0003,0.0003,0.1
,,,,,76060,510.1046,171,,,,,,,,
,,,,,76243,559.3492,183,,,,,,,,
,,,,,76407,512.8408,164,,,,,,,,
,,,,,76571,473.0164,164,,,,,,,,
,,,,,76740,513.1587,169,,,,,,,,
,,,,,76897,463.91107,157,,,,,,,,
,,,,,77000,,,-236.00318908691406,-2.4491422176361084,228.9779815673828,232.3421630859375,231.1468048095703,0.0003,0.0003,0.1
,,,,,77062,518.3426,165,,,,,,,,
,,,,,77243,535.90454,181,,,,,,,,
,,,,,77404,505.2667,161,,,,,,,,
,,,,,77583,565.8869,179,,,,,,,,
,,,,,77747,523.0755,164,,,,,,,,
,,,,,77878,352.79794,131,,,,,,,,
,,,,,78000,,,-226.36087036132812,-2.3400607109069824,33.07927703857422,221.66773986816406,222.24391174316406,0.0003,0.0003,0.1
,,,,,78013,393.2218,135,,,,,,,,
,,,,,78157,418.1812,144,,,,,,,,
,,,,,78316,496.1605,159,,,,,,,,
,,,,,78458,416.4851,142,,,,,,,,
,,,,,78632,541.7445,174,,,,,,,,
,,,,,78783,466.15268,151,,,,,,,,
,,,,,78974,596.92474,191,,,,,,,,
,,,,,79000,,,-234.8101806640625,-2.497572422027588,13.164020538330078,232.82412719726562,232.3055419921875,0.0003,0.0003,0.1
,,,,,79131,485.14014,157,,,,,,,,
,,,,,79278,431.4147,147,,,,,,,,
,,,,,79455,508.67618,177,,,,,,,,
,,,,,79607,424.47833,152,,,,,,,,
,,,,,79742,388.3327,135,,,,,,,,
,,,,,79896,466.12625,154,,,,,,,,
429.93515,74.55292,517.78564,298.4773,151.7,80000,,,-229.33204650878906,-2.754744052886963,63.21781921386719,225.21275329589844,224.8651580810547,0.0003,0.0003,0.1
,,,,,80062,474.65155,166,,,,,,,,
,,,,,80146,164.35497,84,,,,,,,,
,,,,,80286,388.52847,140,,,,,,,,
,,,,,80436,397.649,150,,,,,,,,
,,,,,80594,491.72174,158,,,,,,,,
,,,,,80740,423.98285,146,,,,,,,,
,,,,,80878,388.2158,138,,,,,,,,
,,,,,81000,,,-232.92196655273438,-2.407846212387085,21.09707260131836,229.840576171875,229.54774475097656,0.0003,0.0003,0.1
,,,,,81010,364.162,132,,,,,,,,
,,,,,81143,372.9141,133,,,,,,,,
,,,,,81291,441.69278,148,,,,,,,,
,,,,,81456,523.72797,165,,,,,,,,
,,,,,81591,365.42883,135,,,,,,,,
,,,,,81736,418.49057,145,,,,,,,,
,,,,,81751,18.210283,15,,,,,,,,
,,,,,81871,307.98343,120,,,,,,,,
,,,,,82000,,,-224.77610778808594,-2.4520132541656494,14.209871292114258,222.53244018554688,222.6297607421875,0.0003,0.0003,0.1
,,,,,82016,419.3846,145,,,,,,,,
,,,,,82154,372.62668,138,,,,,,,,
,,,,,82285,362.6894,131,,,,,,,,
,,,,,82441,475.32455,156,,,,,,,,
,,,,,82606,474.2667,165,,,,,,,,
,,,,,82630,41.226257,24,,,,,,,,
,,,,,82771,403.07532,141,,,,,,,,
,,,,,82923,448.49152,152,,,,,,,,
,,,,,82948,42.806168,25,,,,,,,,
,,,,,83000,,,-232.59580993652344,-2.492475748062134,17.17428970336914,229.7915802001953,230.40963745117188,0.0003,0.0003,0.1
,,,,,83092,330.48157,144,,,,,,,,
,,,,,83117,43.16685,25,,,,,,,,
,,,,,83138,36.72273,21,,,,,,,,
,,,,,83269,360.69122,131,,,,,,,,
,,,,,83425,480.83072,156,,,,,,,,
,,,,,83564,379.26117,139,,,,,,,,
,,,,,83724,486.62683,160,,,,,,,,
,,,,,83894,546.13196,170,,,,,,,,
,,,,,84000,,,-232.68423461914062,-2.6011791229248047,20.309696197509766,228.83250427246094,228.5711212158203,0.0003,0.0003,0.1
,,,,,84017,329.99783,123,,,,,,,,
,,,,,84161,423.55984,144,,,,,,,,
,,,,,84328,516.4012,167,,,,,,,,
,,,,,84470,368.11908,142,,,,,,,,
,,,,,84623,444.7753,153,,,,,,,,
,,,,,84771,403.88403,148,,,,,,,,
,,,,,84905,319.1377,134,,,,,,,,
418.28915,54.831448,502.11337,325.73456,145.8,85000,,,-235.0752410888672,-1.9982964992523193,26.18238067626953,233.07565307617188,233.59568786621094,0.0003,0.0003,0.1
,,,,,85061,467.3517,156,,,,,,,,
,,,,,85233,516.7083,172,,,,,,,,
,,,,,85373,335.2004,140,,,,,,,,
,,,,,85547,551.1363,174,,,,,,,,
,,,,,85678,364.81995,131,,,,,,,,
,,,,,85838,478.88437,160,,,,,,,,
,,,,,85980,339.64038,142,,,,,,,,
,,,,,86000,,,-240.73854064941406,-2.541950225830078,64.48969268798828,236.0461883544922,236.63824462890625,0.0003,0.0003,0.1
,,,,,86077,225.44635,97,,,,,,,,
,,,,,86177,232.24304,100,,,,,,,,
,,,,,86336,412.6872,159,,,,,,,,
,,,,,86485,390.76025,149,,,,,,,,
,,,,,86653,472.68082,168,,,,,,,,
,,,,,86827,564.09717,174,,,,,,,,
,,,,,86982,419.08313,155,,,,,,,,
,,,,,87000,,,-238.21640014648438,-2.4785561561584473,9.499649047851562,234.59083557128906,234.64324951171875,0.0003,0.0003,0.1
,,,,,87138,477.4856,156,,,,,,,,
,,,,,87269,318.22308,131,,,,,,,,
,,,,,87464,549.43317,195,,,,,,,,
,,,,,87635,509.93268,171,,,,,,,,
,,,,,87807,474.61807,172,,,,,,,,
,,,,,87969,454.69772,162,,,,,,,,
,,,,,88000,,,-238.23895263671875,-2.6803295612335205,10.242305755615234,234.70571899414062,235.32313537597656,0.0003,0.0003,0.1
,,,,,88098,342.8594,129,,,,,,,,
,,,,,88285,599.3544,187,,,,,,,,
,,,,,88457,546.20984,172,,,,,,,,
,,,,,88595,332.4097,138,,,,,,,,
,,,,,88762,516.0093,167,,,,,,,,
,,,,,88922,373.6362,160,,,,,,,,
,,,,,89000,,,-236.701904296875,-2.8285200595855713,225.98818969726562,231.7565460205078,230.77516174316406,0.0003,0.0003,0.1
,,,,,89074,433.23715,152,,,,,,,,
,,,,,89103,45.271656,29,,,,,,,,
,,,,,89261,468.21356,158,,,,,,,,
,,,,,89389,284.4245,128,,,,,,,,
,,,,,89561,546.97144,172,,,,,,,,
,,,,,89703,347.51535,142,,,,,,,,
,,,,,89844,402.90445,141,,,,,,,,
,,,,,89985,391.039,141,,,,,,,,
466.19296,60.429737,544.63654,331.7169,165.0,90000,,,-246.71707153320312,-2.642782211303711,15.428460121154785,242.31668090820312,242.35523986816406,0.0003,0.0003,0.1
,,,,,90110,297.65024,125,,,,,,,,
,,,,,90240,324.9445,130,,,,,,,,
,,,,,90406,456.96878,166,,,,,,,,
,,,,,90439,52.88014,33,,,,,,,,
,,,,,90588,374.40668,149,,,,,,,,
,,,,,90620,50.63735,32,,,,,,,,
,,,,,90739,241.73747,119,,,,,,,,
,,,,,90878,330.97192,139,,,,,,,,
,,,,,91000,,,-246.88052368164062,-2.2479965686798096,11.160577774047852,244.2071533203125,244.02745056152344,0.0003,0.0003,0.1
,,,,,91052,521.2352,174,,,,,,,,
,,,,,91191,344.4262,139,,,,,,,,
,,,,,91357,469.7728,166,,,,,,,,
,,,,,91548,479.89682,191,,,,,,,,
,,,,,91683,322.54944,135,,,,,,,,
,,,,,91818,344.9369,135,,,,,,,,
,,,,,91967,377.58725,149,,,,,,,,
,,,,,92000,,,-238.60638427734375,-2.845010995864868,188.14730834960938,233.4149932861328,232.41903686523438,0.0003,0.0003,0.1
,,,,,92105,341.08356,138,,,,,,,,
,,,,,92236,310.234,131,,,,,,,,
,,,,,92375,332.6584,139,,,,,,,,
,,,,,92526,359.1157,151,,,,,,,,
,,,,,92680,373.88235,154,,,,,,,,
,,,,,92874,510.74954,194,,,,,,,,
,,,,,93000,,,-244.04779052734375,-2.4611926078796387,25.443355560302734,240.2319793701172,240.02127075195312,0.0003,0.0003,0.1
,,,,,93049,512.0096,175,,,,,,,,
,,,,,93197,361.78888,148,,,,,,,,
,,,,,93366,478.87912,169,,,,,,,,
,,,,,93522,375.87283,156,,,,,,,,
,,,,,93679,383.3691,157,,,,,,,,
,,,,,93842,503.37695,163,,,,,,,,
,,,,,93973,301.2345,131,,,,,,,,
,,,,,94000,,,-238.96531677246094,-2.3163487911224365,13.245861053466797,235.5804901123047,236.15672302246094,0.0003,0.0003,0.1
,,,,,94113,341.72055,140,,,,,,,,
,,,,,94282,491.50604,169,,,,,,,,
,,,,,94415,299.03024,133,,,,,,,,
,,,,,94554,346.45724,139,,,,,,,,
,,,,,94696,342.75665,142,,,,,,,,
,,,,,94834,347.57794,138,,,,,,,,
437.46234,60.646935,512.28284,353.25702,160.9,95000,,,-245.3243865966797,-2.403980255126953,13.603442192077637,241.11952209472656,240.16375732421875,0.0003,0.0003,0.1
,,,,,95003,477.5689,169,,,,,,,,
,,,,,95168,466.09918,165,,,,,,,,
,,,,,95326,471.5374,158,,,,,,,,
,,,,,95556,653.5312,230,,,,,,,,
,,,,,95694,332.57004,138,,,,,,,,
,,,,,95867,506.2853,173,,,,,,,,
,,,,,96000,,,-240.89395141601562,-2.7166242599487305,15.844213485717773,237.92303466796875,238.01580810546875,0.0003,0.0003,0.1
,,,,,96051,514.5191,184,,,,,,,,
,,,,,96193,350.81403,142,,,,,,,,
,,,,,96324,329.12524,131,,,,,,,,
,,,,,96462,334.42422,138,,,,,,,,
,,,,,96651,581.1557,189,,,,,,,,
,,,,,96819,487.05795,168,,,,,,,,
,,,,,96994,548.7871,175,,,,,,,,
,,,,,97000,,,-246.6852264404297,-2.3039309978485107,13.548062324523926,244.04029846191406,243.998046875,0.0003,0.0003,0.1
,,,,,97139,347.0315,145,,,,,,,,
,,,,,97314,543.1867,175,,,,,,,,
,,,,,97488,483.30844,174,,,,,,,,
,,,,,97539,84.71823,51,,,,,,,,
,,,,,97683,430.81964,144,,,,,,,,
,,,,,97862,514.5067,179,,,,,,,,
,,,,,98000,,,-245.4119415283203,-2.6046266555786133,95.917236328125,243.28903198242188,242.78799438476562,0.0003,0.0003,0.1
,,,,,98024,519.51373,162,,,,,,,,
,,,,,98194,505.5104,170,,,,,,,,
,,,,,98378,560.7706,184,,,,,,,,
,,,,,98546,511.29312,168,,,,,,,,
,,,,,98681,356.82205,135,,,,,,,,
,,,,,98848,490.7512,167,,,,,,,,
,,,,,98996,446.95312,148,,,,,,,,
,,,,,99000,,,-244.15284729003906,-2.5532760620117188,100.0223388671875,240.21661376953125,241.5705108642578,0.0003,0.0003,0.1
,,,,,99170,546.8117,174,,,,,,,,
,,,,,99332,500.4436,162,,,,,,,,
,,,,,99469,364.77612,137,,,,,,,,
,,,,,99628,484.9253,159,,,,,,,,
,,,,,99801,570.3206,173,,,,,,,,
,,,,,99967,496.58163,166,,,,,,,,
530.9157,35.972748,578.65753,474.6861,173.3,100000,,,-248.5878143310547,-1.8502097129821777,7.8295578956604,245.91539001464844,245.83523559570312,0.0003,0.0003,0.1
,,,,,100135,527.16675,168,,,,,,,,
,,,,,100288,475.03302,153,,,,,,,,
,,,,,100424,361.31595,136,,,,,,,,
,,,,,100593,520.20044,169,,,,,,,,
,,,,,100759,496.7694,166,,,,,,,,
,,,,,100930,544.8572,171,,,,,,,,
,,,,,101000,,,-244.40328979492188,-2.1742324829101562,10.632411003112793,242.1882781982422,242.3074188232422,0.0003,0.0003,0.1
,,,,,101066,368.3154,136,,,,,,,,
,,,,,101192,320.77228,126,,,,,,,,
,,,,,101312,322.043,120,,,,,,,,
,,,,,101475,500.20743,163,,,,,,,,
,,,,,101644,464.96027,169,,,,,,,,
,,,,,101823,553.37744,179,,,,,,,,
,,,,,101985,509.36993,162,,,,,,,,
,,,,,102000,,,-246.1310577392578,-2.436403751373291,20.406280517578125,243.6203155517578,242.7931671142578,0.0003,0.0003,0.1
,,,,,102128,411.92297,143,,,,,,,,
,,,,,102303,547.58594,175,,,,,,,,
,,,,,102465,534.78546,162,,,,,,,,
,,,,,102629,515.54504,164,,,,,,,,
,,,,,102780,475.01266,151,,,,,,,,
,,,,,102950,547.73004,170,,,,,,,,
,,,,,103000,,,-235.8113250732422,-2.5673484802246094,162.26051330566406,234.59323120117188,234.771728515625,0.0003,0.0003,0.1
,,,,,103120,536.0791,170,,,,,,,,
,,,,,103292,503.14514,172,,,,,,,,
,,,,,103459,541.5173,167,,,,,,,,
,,,,,103643,597.62805,184,,,,,,,,
,,,,,103820,525.4861,177,,,,,,,,
,,,,,103980,502.798,160,,,,,,,,
,,,,,104000,,,-239.96498107910156,-2.4956531524658203,9.488646507263184,237.5335693359375,237.43356323242188,0.0003,0.0003,0.1
,,,,,104132,468.47775,152,,,,,,,,
,,,,,104313,564.04834,181,,,,,,,,
,,,,,104464,419.59732,151,,,,,,,,
,,,,,104662,583.67706,198,,,,,,,,
,,,,,104855,585.8312,193,,,,,,,,
,,,,,104980,317.0554,125,,,,,,,,
460.48135,96.105576,595.71796,292.28748,162.2,105000,,,-239.61534118652344,-2.3032424449920654,80.11722564697266,236.0126953125,237.18850708007812,0.0003,0.0003,0.1
,,,,,105159,536.3217,179,,,,,,,,
,,,,,105297,398.47116,138,,,,,,,,
,,,,,105463,551.7808,166,,,,,,,,
,,,,,105625,517.2489,162,,,,,,,,
,,,,,105792,536.11584,167,,,,,,,,
,,,,,105962,541.1897,170,,,,,,,,
,,,,,106000,,,-243.73239135742188,-2.4112560749053955,9.039204597473145,240.314453125,240.53562927246094,0.0003,0.0003,0.1
,,,,,106128,506.79395,166,,,,,,,,
,,,,,106310,576.1992,182,,,,,,,,
,,,,,106480,544.92804,170,,,,,,,,
,,,,,106654,585.6117,174,,,,,,,,
,,,,,106822,543.43463,168,,,,,,,,
,,,,,106995,555.3389,173,,,,,,,,
,,,,,107000,,,-239.08761596679688,-2.4591290950775146,23.884521484375,236.03578186035156,235.91297912597656,0.0003,0.0003,0.1
,,,,,107186,639.2563,191,,,,,,,,
,,,,,107373,592.8527,187,,,,,,,,
,,,,,107535,488.69464,162,,,,,,,,
,,,,,107693,392.57312,158,,,,,,,,
,,,,,107860,458.17526,167,,,,,,,,
,,,,,108000,,,-235.309326171875,-2.3637425899505615,24.642820358276367,232.8187255859375,232.94078063964844,0.0003,0.0003,0.1
,,,,,108057,616.5337,197,,,,,,,,
,,,,,108231,541.3389,174,,,,,,,,
,,,,,108374,401.52505,143,,,,,,,,
,,,,,108533,528.884,159,,,,,,,,
,,,,,108698,529.61145,165,,,,,,,,
,,,,,108872,513.85614,174,,,,,,,,
,,,,,109000,,,-241.14361572265625,-2.2516379356384277,30.709266662597656,237.31967163085938,237.1490478515625,0.0003,0.0003,0.1
,,,,,109002,342.05002,130,,,,,,,,
,,,,,109135,344.2536,133,,,,,,,,
,,,,,109276,326.36206,141,,,,,,,,
,,,,,109449,484.26065,173,,,,,,,,
,,,,,109579,305.9387,130,,,,,,,,
,,,,,109733,500.1186,154,,,,,,,,
,,,,,109912,489.63382,179,,,,,,,,
373.7149,102.54022,590.0203,267.87057,149.6,110000,,,-241.1900177001953,-2.4961535930633545,54.58708190917969,238.0361328125,238.32028198242188,0.0003,0.0003,0.1
,,,,,110046,384.7511,134,,,,,,,,
,,,,,110176,298.8892,130,,,,,,,,
,,,,,110320,349.15033,144,,,,,,,,
,,,,,110492,509.1259,172,,,,,,,,
,,,,,110662,490.6962,170,,,,,,,,
,,,,,110807,369.23703,145,,,,,,,,
,,,,,110992,566.2216,185,,,,,,,,
,,,,,111000,,,-240.59254455566406,-2.3131566047668457,17.90578842163086,238.18603515625,238.5930633544922,0.0003,0.0003,0.1
,,,,,111137,342.27335,145,,,,,,,,
,,,,,111312,516.75793,175,,,,,,,,
,,,,,111489,543.8984,177,,,,,,,,
,,,,,111633,375.18304,144,,,,,,,,
,,,,,111809,499.127,176,,,,,,,,
,,,,,111955,392.7149,146,,,,,,,,
,,,,,112000,,,-252.76710510253906,-2.2421603202819824,7.276927471160889,249.50973510742188,249.41567993164062,0.0003,0.0003,0.1
,,,,,112136,492.02786,181,,,,,,,,
,,,,,112284,367.22314,148,,,,,,,,
,,,,,112456,492.152,172,,,,,,,,
,,,,,112637,485.03775,181,,,,,,,,
,,,,,112654,20.236113,17,,,,,,,,
,,,,,112831,476.69907,177,,,,,,,,
,,,,,112976,329.8452,145,,,,,,,,
,,,,,113000,,,-245.5869598388672,-2.3060688972473145,9.431310653686523,243.337646484375,243.19265747070312,0.0003,0.0003,0.1
,,,,,113108,297.56766,132,,,,,,,,
,,,,,113313,603.4586,205,,,,,,,,
,,,,,113492,500.86572,179,,,,,,,,
,,,,,113659,516.17163,167,,,,,,,,
,,,,,113840,498.74466,181,,,,,,,,
,,,,,114000,,,-235.40109252929688,-2.6495819091796875,27.379371643066406,232.4871368408203,232.47000122070312,0.0003,0.0003,0.1
,,,,,114008,517.2789,168,,,,,,,,
,,,,,114165,413.34067,157,,,,,,,,
,,,,,114340,546.42804,175,,,,,,,,
,,,,,114512,530.5736,172,,,,,,,,
,,,,,114661,424.8315,149,,,,,,,,
,,,,,114847,482.73544,186,,,,,,,,
471.48297,157.32779,577.8244,21.903873,159.9,115000,,,-246.22064208984375,-2.7028181552886963,16.70792579650879,243.8127899169922,244.45582580566406,0.0003,0.0003,0.1
,,,,,115012,516.35547,165,,,,,,,,
,,,,,115030,23.149233,18,,,,,,,,
,,,,,115207,579.83563,177,,,,,,,,
,,,,,115340,308.1085,133,,,,,,,,
,,,,,115518,593.9918,178,,,,,,,,
,,,,,115693,468.72202,175,,,,,,,,
,,,,,115710,20.795235,17,,,,,,,,
,,,,,115859,357.72003,149,,,,,,,,
,,,,,116000,,,-236.053466796875,-2.578540563583374,9.390809059143066,233.44454956054688,233.61045837402344,0.0003,0.0003,0.1
,,,,,116028,542.9894,169,,,,,,,,
,,,,,116212,556.2259,184,,,,,,,,
,,,,,116386,515.49445,174,,,,,,,,
,,,,,116430,67.966446,44,,,,,,,,
,,,,,116595,465.53522,165,,,,,,,,
,,,,,116776,581.9422,181,,,,,,,,
,,,,,116950,524.8159,174,,,,,,,,
,,,,,117000,,,-247.3791046142578,-2.8371214866638184,15.414922714233398,242.5510711669922,242.35232543945312,0.0003,0.0003,0.1
,,,,,117174,669.1357,224,,,,,,,,
,,,,,117304,257.37256,130,,,,,,,,
,,,,,117496,584.4948,192,,,,,,,,
,,,,,117662,467.2673,166,,,,,,,,
,,,,,117859,578.5696,197,,,,,,,,
,,,,,117876,20.322968,17,,,,,,,,
,,,,,118000,,,-242.47195434570312,-2.6186909675598145,31.809288024902344,239.26168823242188,239.174560546875,0.0003,0.0003,0.1
,,,,,118006,277.14816,130,,,,,,,,
,,,,,118226,694.2764,220,,,,,,,,
,,,,,118425,600.19586,199,,,,,,,,
,,,,,118587,497.0474,162,,,,,,,,
,,,,,118743,397.1989,156,,,,,,,,
,,,,,118774,49.632706,31,,,,,,,,
,,,,,118958,571.6365,184,,,,,,,,
,,,,,119000,,,-243.36849975585938,-2.3470308780670166,20.60968017578125,241.09266662597656,240.23643493652344,0.0003,0.0003,0.1
,,,,,119098,330.56943,140,,,,,,,,
,,,,,119115,21.099672,17,,,,,,,,
,,,,,119132,20.222294,17,,,,,,,,
,,,,,119163,50.07924,31,,,,,,,,
,,,,,119192,45.20397,29,,,,,,,,
,,,,,119360,457.27548,168,,,,,,,,
,,,,,119500,356.81107,140,,,,,,,,
,,,,,119688,574.98804,188,,,,,,,,
,,,,,119804,260.705,116,,,,,,,,
439.8457,217.92575,608.3713,15.8582735,146.5,120000,,,-246.97122192382812,-2.296844959259033,15.699844360351562,244.64935302734375,244.40818786621094,0.0003,0.0003,0.1
,,,,,120001,575.9611,197,,,,,,,,
,,,,,120157,425.01154,156,,,,,,,,
,,,,,120264,277.61383,107,,,,,,,,
,,,,,120451,608.33417,187,,,,,,,,
,,,,,120707,828.7752,256,,,,,,,,
,,,,,120876,476.2077,169,,,,,,,,
,,,,,121000,,,-240.94947814941406,-2.2260539531707764,11.16261100769043,239.20944213867188,239.2653350830078,0.0003,0.0003,0.1
,,,,,121078,660.40326,202,,,,,,,,
,,,,,121257,590.1592,179,,,,,,,,
,,,,,121459,681.4942,202,,,,,,,,
,,,,,121633,594.3635,174,,,,,,,,
,,,,,121832,656.3483,199,,,,,,,,
,,,,,122000,,,-238.96632385253906,-2.5403409004211426,8.89781379699707,236.49765014648438,236.12677001953125,0.0003,0.0003,0.1
,,,,,122016,623.47253,184,,,,,,,,
,,,,,122203,620.8524,187,,,,,,,,
,,,,,122389,647.2651,186,,,,,,,,
,,,,,122573,576.64355,184,,,,,,,,
,,,,,122762,624.97015,189,,,,,,,,
,,,,,122934,540.52234,172,,,,,,,,
,,,,,123000,,,-240.744140625,-2.205907106399536,8.945634841918945,239.6253662109375,239.40557861328125,0.0003,0.0003,0.1
,,,,,123125,637.0179,191,,,,,,,,
,,,,,123325,636.7345,200,,,,,,,,
,,,,,123512,613.65094,187,,,,,,,,
,,,,,123556,71.42088,44,,,,,,,,
,,,,,123736,530.82294,180,,,,,,,,
,,,,,123926,634.4326,190,,,,,,,,
,,,,,124000,,,-250.39984130859375,-2.2906692028045654,8.355863571166992,247.7257843017578,247.22198486328125,0.0003,0.0003,0.1
,,,,,124101,556.34283,175,,,,,,,,
,,,,,124281,544.8941,180,,,,,,,,
,,,,,124463,588.94525,182,,,,,,,,
,,,,,124639,520.7956,176,,,,,,,,
,,,,,124830,619.8054,191,,,,,,,,
,,,,,124966,333.32605,136,,,,,,,,
557.9068,61.531734,633.5186,409.17368,184.7,125000,,,-244.5950927734375,-2.9727280139923096,20.106807708740234,238.67431640625,238.70877075195312,0.0003,0.0003,0.1
,,,,,125110,408.91934,144,,,,,,,,
,,,,,125292,572.0221,182,,,,,,,,
,,,,,125472,532.5047,180,,,,,,,,
,,,,,125650,478.32684,178,,,,,,,,
,,,,,125706,101.1603,56,,,,,,,,
,,,,,125916,652.70013,210,,,,,,,,
,,,,,126000,,,-238.34906005859375,-2.6766021251678467,24.460758209228516,236.8565673828125,236.5050048828125,0.0003,0.0003,0.1
,,,,,126094,590.3936,178,,,,,,,,
,,,,,126271,591.3766,177,,,,,,,,
,,,,,126441,532.59045,170,,,,,,,,
,,,,,126623,558.3623,182,,,,,,,,
,,,,,126818,590.9388,195,,,,,,,,
,,,,,126959,390.0667,141,,,,,,,,
,,,,,127000,,,-242.6790771484375,-2.7010562419891357,19.172508239746094,239.09280395507812,238.5177764892578,0.0003,0.0003,0.1
,,,,,127150,610.2701,191,,,,,,,,
,,,,,127312,421.78754,162,,,,,,,,
,,,,,127501,621.2706,189,,,,,,,,
,,,,,127682,583.1179,181,,,,,,,,
,,,,,127867,578.95325,185,,,,,,,,
,,,,,128000,,,-243.04701232910156,-2.3361098766326904,14.378434181213379,241.09959411621094,241.16452026367188,0.0003,0.0003,0.1
,,,,,128060,646.0916,193,,,,,,,,
,,,,,128245,604.7505,185,,,,,,,,
,,,,,128433,625.2,188,,,,,,,,
,,,,,128643,629.42505,210,,,,,,,,
,,,,,128847,630.03406,204,,,,,,,,
,,,,,129000,,,-239.4985809326172,-2.3091585636138916,19.691974639892578,237.7875518798828,237.6903839111328,0.0003,0.0003,0.1
,,,,,129043,653.3143,196,,,,,,,,
,,,,,129244,610.00555,201,,,,,,,,
,,,,,129416,587.2389,172,,,,,,,,
,,,,,129471,97.582085,55,,,,,,,,
,,,,,129664,591.1081,193,,,,,,,,
,,,,,129864,657.78577,200,,,,,,,,
422.78427,213.20459,605.82446,96.46033,143.9,130000,,,-244.55433654785156,-2.3037354946136475,61.429161071777344,243.1118927001953,242.53616333007812,0.0003,0.0003,0.1
,,,,,130039,556.0113,175,,,,,,,,
,,,,,130239,647.34143,200,,,,,,,,
,,,,,130438,640.7065,199,,,,,,,,
,,,,,130630,608.5188,192,,,,,,,,
,,,,,130831,636.63556,201,,,,,,,,
,,,,,131000,,,-256.434326171875,-2.2048728466033936,9.475082397460938,255.12478637695312,254.7572784423828,0.0003,0.0003,0.1
,,,,,131039,620.575,208,,,,,,,,
,,,,,131243,651.55145,204,,,,,,,,
,,,,,131447,591.2186,204,,,,,,,,
,,,,,131498,85.44002,51,,,,,,,,
,,,,,131641,405.2686,143,,,,,,,,
,,,,,131833,593.348,192,,,,,,,,
,,,,,132000,,,-237.6354522705078,-2.535499095916748,19.57539939880371,235.20697021484375,234.28395080566406,0.0003,0.0003,0.1
,,,,,132017,531.8999,184,,,,,,,,
,,,,,132222,625.5628,205,,,,,,,,
,,,,,132412,564.99524,190,,,,,,,,
,,,,,132603,604.439,191,,,,,,,,
,,,,,132792,609.3862,189,,,,,,,,
,,,,,132983,614.9896,191,,,,,,,,
,,,,,133000,,,-244.29830932617188,-2.339125871658325,13.377388000488281,242.12701416015625,243.076171875,0.0003,0.0003,0.1
,,,,,133181,591.1324,198,,,,,,,,
,,,,,133359,513.2194,178,,,,,,,,
,,,,,133526,549.8531,167,,,,,,,,
,,,,,133713,581.2157,187,,,,,,,,
,,,,,133906,613.1643,193,,,,,,,,
,,,,,134000,,,-247.91529846191406,-2.514953136444092,83.64097595214844,245.44439697265625,246.0652618408203,0.0003,0.0003,0.1
,,,,,134096,573.07043,190,,,,,,,,
,,,,,134298,617.71313,202,,,,,,,,
,,,,,134454,458.887,156,,,,,,,,
,,,,,134644,591.10486,190,,,,,,,,
,,,,,134832,554.11707,188,,,,,,,,
575.8034,70.09074,629.85114,394.14267,182.5,135000,,,-240.81834411621094,-2.5484485626220703,103.78341674804688,238.6280517578125,237.88262939453125,0.0003,0.0003,0.1
,,,,,135007,523.1592,175,,,,,,,,
,,,,,135186,578.9189,179,,,,,,,,
,,,,,135401,697.00824,215,,,,,,,,
,,,,,135581,577.5309,180,,,,,,,,
,,,,,135768,580.69635,187,,,,,,,,
,,,,,135912,403.40106,144,,,,,,,,
,,,,,136000,,,-259.5766906738281,-2.178788661956787,10.976954460144043,257.1463317871094,256.9004821777344,0.0003,0.0003,0.1
,,,,,136072,463.40677,160,,,,,,,,
,,,,,136253,566.4179,181,,,,,,,,
,,,,,136309,100.2265,56,,,,,,,,
,,,,,136492,556.3015,183,,,,,,,,
,,,,,136672,524.79956,180,,,,,,,,
,,,,,136852,565.1262,180,,,,,,,,
,,,,,137000,,,-242.582275390625,-2.5548086166381836,41.7243766784668,239.2843017578125,239.2064971923828,0.0003,0.0003,0.1
,,,,,137016,505.4012,164,,,,,,,,
,,,,,137214,611.51904,198,,,,,,,,
,,,,,137387,525.4084,173,,,,,,,,
,,,,,137564,496.5006,177,,,,,,,,
,,,,,137746,547.73126,182,,,,,,,,
,,,,,137940,613.1386,194,,,,,,,,
,,,,,138000,,,-238.1212158203125,-2.9221668243408203,21.400745391845703,234.53590393066406,234.6915283203125,0.0003,0.0003,0.1
,,,,,138098,464.41824,158,,,,,,,,
,,,,,138293,636.71,195,,,,,,,,
,,,,,138476,529.4626,183,,,,,,,,
,,,,,138595,277.16162,119,,,,,,,,
,,,,,138763,475.31223,168,,,,,,,,
,,,,,138944,500.23172,181,,,,,,,,
,,,,,139000,,,-249.37380981445312,-2.651193857192993,11.855352401733398,246.47679138183594,246.82418823242188,0.0003,0.0003,0.1
,,,,,139128,546.9479,184,,,,,,,,
,,,,,139313,521.834,185,,,,,,,,
,,,,,139488,521.15106,175,,,,,,,,
,,,,,139636,445.77512,148,,,,,,,,
,,,,,139800,497.66327,164,,,,,,,,
,,,,,139928,319.92715,128,,,,,,,,
365.62213,95.94539,516.9997,248.99438,135.8,140000,,,-258.1386413574219,-2.2762651443481445,20.822669982910156,256.0747375488281,256.30523681640625,0.0003,0.0003,0.1
,,,,,140093,488.836,165,,,,,,,,
,,,,,140225,366.1324,132,,,,,,,,
,,,,,140353,329.7299,128,,,,,,,,
,,,,,140546,604.0608,193,,,,,,,,
,,,,,140712,501.10022,166,,,,,,,,
,,,,,140884,511.89548,172,,,,,,,,
,,,,,141000,,,-252.8112335205078,-3.0128769874572754,10.162123680114746,251.32916259765625,251.5972137451172,0.0003,0.0003,0.1
,,,,,141054,505.8552,170,,,,,,,,
,,,,,141215,424.07654,161,,,,,,,,
,,,,,141401,596.9754,186,,,,,,,,
,,,,,141522,273.30273,121,,,,,,,,
,,,,,141713,627.0094,191,,,,,,,,
,,,,,141887,515.8523,174,,,,,,,,
,,,,,142000,,,-253.9770050048828,-2.4384748935699463,14.951562881469727,252.14772033691406,251.73858642578125,0.0003,0.0003,0.1
,,,,,142064,529.33813,177,,,,,,,,
,,,,,142208,394.60736,144,,,,,,,,
,,,,,142377,524.7961,169,,,,,,,,
,,,,,142550,513.9857,173,,,,,,,,
,,,,,142733,514.0856,183,,,,,,,,
,,,,,142894,489.73004,161,,,,,,,,
,,,,,143000,,,-244.77818298339844,-2.328314781188965,10.134204864501953,243.29006958007812,243.10009765625,0.0003,0.0003,0.1
,,,,,143078,553.2275,184,,,,,,,,
,,,,,143245,495.27213,167,,,,,,,,
,,,,,143438,552.7049,193,,,,,,,,
,,,,,143599,484.36633,161,,,,,,,,
,,,,,143794,573.43695,195,,,,,,,,
,,,,,143968,514.98425,174,,,,,,,,
,,,,,144000,,,-247.5617218017578,-2.4455041885375977,24.69260597229004,244.98287963867188,245.18846130371094,0.0003,0.0003,0.1
,,,,,144159,550.02435,191,,,,,,,,
,,,,,144334,522.666,175,,,,,,,,
,,,,,144523,648.45734,189,,,,,,,,
,,,,,144729,657.4768,206,,,,,,,,
,,,,,144916,532.51575,187,,,,,,,,
602.77765,76.664795,750.9221,464.89355,198.1,145000,,,-258.50604248046875,-2.694307565689087,7.475271701812744,253.24758911132812,253.55154418945312,0.0003,0.0003,0.1
,,,,,145103,589.1951,187,,,,,,,,
,,,,,145318,650.0743,215,,,,,,,,
,,,,,145505,575.1862,187,,,,,,,,
,,,,,145671,499.2454,166,,,,,,,,
,,,,,145862,568.04047,191,,,,,,,,
,,,,,146000,,,-253.83065795898438,-2.1814372539520264,25.315494537353516,250.14120483398438,250.3868865966797,0.0003,0.0003,0.1
,,,,,146054,575.39734,192,,,,,,,,
,,,,,146224,505.96295,170,,,,,,,,
,,,,,146417,586.4417,193,,,,,,,,
,,,,,146585,505.2911,168,,,,,,,,
,,,,,146792,600.5612,207,,,,,,,,
,,,,,146958,471.66315,166,,,,,,,,
,,,,,147000,,,-245.03907775878906,-2.608788013458252,16.145870208740234,242.31442260742188,242.76925659179688,0.0003,0.0003,0.1
,,,,,147147,604.82104,189,,,,,,,,
,,,,,147311,477.65964,164,,,,,,,,
,,,,,147482,546.2327,171,,,,,,,,
,,,,,147621,414.9683,139,,,,,,,,
,,,,,147808,611.6342,187,,,,,,,,
,,,,,148000,556.20435,192,,,,,,,,
,,,,,148000,,,-252.49539184570312,-2.0580878257751465,45.48659896850586,250.2133331298828,250.90821838378906,0.0003,0.0003,0.1
,,,,,148178,517.42084,178,,,,,,,,
,,,,,148336,475.12714,158,,,,,,,,
,,,,,148510,560.6256,174,,,,,,,,
,,,,,148684,497.32056,174,,,,,,,,
,,,,,148878,588.6102,194,,,,,,,,
,,,,,149000,,,-252.9911651611328,-2.355100154876709,10.347085952758789,248.2782440185547,248.39259338378906,0.0003,0.0003,0.1
,,,,,149022,408.14673,144,,,,,,,,
,,,,,149236,651.05334,214,,,,,,,,
,,,,,149433,612.5211,197,,,,,,,,
,,,,,149608,554.95715,175,,,,,,,,
,,,,,149807,608.55493,199,,,,,,,,
,,,,,149985,537.2536,178,,,,,,,,
530.38336,73.37433,632.5832,402.42395,170.8,150000,,,-256.47723388671875,-2.0245556831359863,8.367779731750488,252.66952514648438,252.78961181640625,0.0003,0.0003,0.1
,,,,,150144,478.01733,159,,,,,,,,
,,,,,150309,471.35846,165,,,,,,,,
,,,,,150476,521.9049,167,,,,,,,,
,,,,,150663,573.19696,187,,,,,,,,
,,,,,150842,584.588,179,,,,,,,,
,,,,,151000,,,-245.74490356445312,-2.2806551456451416,47.670066833496094,243.26190185546875,242.63980102539062,0.0003,0.0003,0.1
,,,,,151040,583.3457,198,,,,,,,,
,,,,,151260,674.10913,220,,,,,,,,
,,,,,151459,638.1323,199,,,,,,,,
,,,,,151641,592.4844,182,,,,,,,,
,,,,,151856,681.6529,215,,,,,,,,
,,,,,152000,,,-250.8323974609375,-2.265907049179077,23.9232120513916,247.17959594726562,246.70172119140625,0.0003,0.0003,0.1
,,,,,152028,576.4659,172,,,,,,,,
,,,,,152192,538.2939,164,,,,,,,,
,,,,,152349,494.85956,157,,,,,,,,
,,,,,152554,643.1794,205,,,,,,,,
,,,,,152741,608.7982,187,,,,,,,,
,,,,,152944,606.37354,203,,,,,,,,
,,,,,153000,,,-255.42747497558594,-2.55891489982605,27.3068904876709,252.7721710205078,253.04832458496094,0.0003,0.0003,0.1
,,,,,153122,587.1529,178,,,,,,,,
,,,,,153303,585.8182,181,,,,,,,,
,,,,,153463,484.4099,160,,,,,,,,
,,,,,153672,644.9888,209,,,,,,,,
,,,,,153867,621.88995,195,,,,,,,,
,,,,,154000,,,-248.09286499023438,-2.107125759124756,10.254252433776855,246.41015625,247.05931091308594,0.0003,0.0003,0.1
,,,,,154061,626.3483,194,,,,,,,,
,,,,,154234,550.8271,173,,,,,,,,
,,,,,154423,591.21655,189,,,,,,,,
,,,,,154611,618.8069,188,,,,,,,,
,,,,,154747,370.64926,136,,,,,,,,
,,,,,154878,355.31903,131,,,,,,,,
575.2384,112.500084,781.1781,361.5727,202.2,155000,,,-248.75987243652344,-2.149573802947998,12.941655158996582,244.660888671875,244.7810821533203,0.0003,0.0003,0.1
,,,,,155066,646.8065,188,,,,,,,,
,,,,,155242,503.51855,176,,,,,,,,
,,,,,155449,637.00854,207,,,,,,,,
,,,,,155618,488.6209,169,,,,,,,,
,,,,,155822,607.67633,204,,,,,,,,
,,,,,156000,548.3269,178,,,,,,,,
,,,,,156000,,,-243.7559051513672,-2.3616137504577637,9.470680236816406,242.17100524902344,241.6075897216797,0.0003,0.0003,0.1
,,,,,156204,651.38464,204,,,,,,,,
,,,,,156404,622.40137,200,,,,,,,,
,,,,,156588,582.71844,184,,,,,,,,
,,,,,156808,653.18024,220,,,,,,,,
,,,,,157000,,,-243.4695587158203,-2.336538314819336,14.25033187866211,239.9244384765625,239.94874572753906,0.0003,0.0003,0.1
,,,,,157009,555.6042,201,,,,,,,,
,,,,,157162,344.87875,153,,,,,,,,
,,,,,157347,463.6551,185,,,,,,,,
,,,,,157542,606.1504,195,,,,,,,,
,,,,,157685,385.10248,143,,,,,,,,
,,,,,157878,574.49536,193,,,,,,,,
,,,,,158000,,,-242.25047302246094,-2.1320626735687256,7.704178333282471,238.66900634765625,238.95681762695312,0.0003,0.0003,0.1
,,,,,158057,411.37967,179,,,,,,,,
,,,,,158251,604.2262,194,,,,,,,,
,,,,,158472,620.59326,221,,,,,,,,
,,,,,158667,570.67865,195,,,,,,,,
,,,,,158841,526.96265,174,,,,,,,,
,,,,,159000,,,-238.64431762695312,-2.2541956901550293,20.302072525024414,236.19491577148438,236.170166015625,0.0003,0.0003,0.1
,,,,,159030,561.616,189,,,,,,,,
,,,,,159293,760.241,263,,,,,,,,
,,,,,159476,575.44366,183,,,,,,,,
,,,,,159620,336.69196,144,,,,,,,,
,,,,,159826,638.15454,206,,,,,,,,
490.32748,91.82798,612.4481,345.60852,173.2,160000,,,-249.42811584472656,-2.1906309127807617,18.10172462463379,247.505126953125,247.42132568359375,0.0003,0.0003,0.1
,,,,,160034,624.84357,208,,,,,,,,
,,,,,160231,623.37,197,,,,,,,,
,,,,,160369,299.46588,138,,,,,,,,
,,,,,160576,593.48956,207,,,,,,,,
,,,,,160762,613.6726,186,,,,,,,,
,,,,,160954,612.7158,192,,,,,,,,
,,,,,161000,,,-243.12855529785156,-2.7610132694244385,9.930587768554688,239.7246551513672,239.89186096191406,0.0003,0.0003,0.1
,,,,,161098,315.0385,144,,,,,,,,
,,,,,161305,545.8975,207,,,,,,,,
,,,,,161499,559.3908,194,,,,,,,,
,,,,,161672,487.8975,173,,,,,,,,
,,,,,161852,594.0841,180,,,,,,,,
,,,,,162000,,,-254.30758666992188,-2.2322003841400146,14.531684875488281,251.8501739501953,251.77166748046875,0.0003,0.0003,0.1
,,,,,162026,530.17194,174,,,,,,,,
,,,,,162235,647.78687,209,,,,,,,,
,,,,,162433,627.995,198,,,,,,,,
,,,,,162642,632.6985,209,,,,,,,,
,,,,,162843,614.3674,201,,,,,,,,
,,,,,163000,,,-259.3023986816406,-2.0888054370880127,10.305109024047852,257.8885803222656,258.12890625,0.0003,0.0003,0.1
,,,,,163037,621.85406,194,,,,,,,,
,,,,,163226,591.5091,189,,,,,,,,
,,,,,163417,607.48114,191,,,,,,,,
,,,,,163613,607.7585,196,,,,,,,,
,,,,,163824,659.17975,211,,,,,,,,
,,,,,164000,,,-246.1245574951172,-2.2159316539764404,11.608697891235352,244.9213104248047,245.12213134765625,0.0003,0.0003,0.1
,,,,,164027,615.9847,203,,,,,,,,
,,,,,164168,390.4168,141,,,,,,,,
,,,,,164366,604.4983,198,,,,,,,,
,,,,,164633,795.4264,267,,,,,,,,
,,,,,164820,590.4311,187,,,,,,,,
,,,,,164941,261.02142,121,,,,,,,,
670.4636,108.60843,764.4566,384.649,238.5,165000,,,-241.97039794921875,-3.0523228645324707,10.162062644958496,240.63687133789062,241.16958618164062,0.0003,0.0003,0.1
,,,,,165090,379.22452,149,,,,,,,,
,,,,,165249,469.71686,159,,,,,,,,
,,,,,165450,634.55225,201,,,,,,,,
,,,,,165648,586.49646,198,,,,,,,,
,,,,,165845,602.2362,197,,,,,,,,
,,,,,166000,,,-251.69778442382812,-2.2060792446136475,23.00290298461914,249.53823852539062,249.64654541015625,0.0003,0.0003,0.1
,,,,,166063,630.7642,218,,,,,,,,
,,,,,166253,547.6683,190,,,,,,,,
,,,,,166407,384.83145,154,,,,,,,,
,,,,,166605,596.59955,198,,,,,,,,
,,,,,166805,615.29297,200,,,,,,,,
,,,,,166984,600.2943,179,,,,,,,,
,,,,,167000,,,-249.20458984375,-2.250819206237793,10.387551307678223,248.56004333496094,247.86598205566406,0.0003,0.0003,0.1
,,,,,167185,610.6678,201,,,,,,,,
,,,,,167395,616.8923,210,,,,,,,,
,,,,,167601,644.2236,206,,,,,,,,
,,,,,167763,409.23145,162,,,,,,,,
,,,,,167977,641.9672,214,,,,,,,,
,,,,,168000,,,-247.63671875,-2.427809476852417,15.742822647094727,244.73046875,244.87466430664062,0.0003,0.0003,0.1
,,,,,168131,341.75116,154,,,,,,,,
,,,,,168280,355.00494,149,,,,,,,,
,,,,,168437,419.599,157,,,,,,,,
,,,,,168652,660.29504,215,,,,,,,,
,,,,,168796,321.15756,144,,,,,,,,
,,,,,169000,,,-243.97679138183594,-2.222902774810791,8.029502868652344,242.70729064941406,243.3218536376953,0.0003,0.0003,0.1
,,,,,169003,620.0783,207,,,,,,,,
,,,,,169175,449.87415,172,,,,,,,,
,,,,,169404,701.5313,229,,,,,,,,
,,,,,169561,359.78433,157,,,,,,,,
,,,,,169710,316.93216,149,,,,,,,,
,,,,,169931,659.3217,221,,,,,,,,
583.6212,151.87592,867.8192,356.63504,204.1,170000,,,-232.35964965820312,-2.7134456634521484,11.977438926696777,230.68157958984375,231.55587768554688,0.0003,0.0003,0.1
,,,,,170139,620.38574,208,,,,,,,,
,,,,,170312,480.5386,173,,,,,,,,
,,,,,170472,375.88586,160,,,,,,,,
,,,,,170638,398.0004,166,,,,,,,,
,,,,,170789,335.27228,151,,,,,,,,
,,,,,170935,338.86465,146,,,,,,,,
,,,,,171000,,,-246.22161865234375,-2.6352875232696533,15.90062141418457,244.26190185546875,244.87759399414062,0.0003,0.0003,0.1
,,,,,171130,565.0026,195,,,,,,,,
,,,,,171344,655.55444,214,,,,,,,,
,,,,,171575,677.9904,231,,,,,,,,
,,,,,171730,357.19855,155,,,,,,,,
,,,,,171937,586.2943,207,,,,,,,,
,,,,,172000,,,-245.1013641357422,-2.5243098735809326,18.897523880004883,241.94546508789062,241.5225067138672,0.0003,0.0003,0.1
,,,,,172091,359.83246,154,,,,,,,,
,,,,,172247,340.6692,156,,,,,,,,
,,,,,172452,620.779,205,,,,,,,,
,,,,,172670,642.058,218,,,,,,,,
,,,,,172879,599.7577,209,,,,,,,,
,,,,,173000,,,-246.40000915527344,-2.2767205238342285,14.710217475891113,244.09788513183594,243.83338928222656,0.0003,0.0003,0.1
,,,,,173096,646.9652,217,,,,,,,,
,,,,,173311,629.64386,215,,,,,,,,
,,,,,173463,304.5702,152,,,,,,,,
,,,,,173624,344.2194,161,,,,,,,,
,,,,,173826,598.5916,202,,,,,,,,
,,,,,173987,335.11435,161,,,,,,,,
,,,,,174000,,,-243.78799438476562,-2.392533779144287,7.511020660400391,241.90280151367188,241.70167541503906,0.0003,0.0003,0.1
,,,,,174195,607.2119,208,,,,,,,,
,,,,,174405,660.6267,210,,,,,,,,
,,,,,174554,322.62457,149,,,,,,,,
,,,,,174764,621.67725,210,,,,,,,,
,,,,,174927,414.84943,163,,,,,,,,
657.7335,84.4677,771.0045,482.44275,221.1,175000,,,-238.35731506347656,-2.5843467712402344,28.062318801879883,234.018310546875,233.6681671142578,0.0003,0.0003,0.1
,,,,,175128,590.09564,201,,,,,,,,
,,,,,175364,758.912,236,,,,,,,,
,,,,,175565,589.95355,201,,,,,,,,
,,,,,175771,623.9487,206,,,,,,,,
,,,,,175996,713.0049,225,,,,,,,,
,,,,,176000,,,-247.1150665283203,-2.1958024501800537,25.03556251525879,245.46144104003906,244.7742156982422,0.0003,0.0003,0.1
,,,,,176205,641.02344,209,,,,,,,,
,,,,,176369,405.82266,164,,,,,,,,
,,,,,176588,672.83765,219,,,,,,,,
,,,,,176740,390.10406,152,,,,,,,,
,,,,,176950,630.9283,210,,,,,,,,
,,,,,177000,,,-250.23345947265625,-1.682249665260315,13.220579147338867,249.1980438232422,248.48538208007812,0.0003,0.0003,0.1
,,,,,177154,608.0199,204,,,,,,,,
,,,,,177337,543.4103,183,,,,,,,,
,,,,,177548,594.2569,211,,,,,,,,
,,,,,177747,569.9665,199,,,,,,,,
,,,,,177943,555.56177,196,,,,,,,,
,,,,,178000,,,-247.07736206054688,-2.359715223312378,8.551471710205078,245.4423828125,245.4186553955078,0.0003,0.0003,0.1
,,,,,178153,605.2827,210,,,,,,,,
,,,,,178348,618.557,195,,,,,,,,
,,,,,178569,712.3523,221,,,,,,,,
,,,,,178816,796.808,247,,,,,,,,
,,,,,178990,476.219,174,,,,,,,,
,,,,,179000,,,-248.2750701904297,-2.281400680541992,61.02912521362305,243.52088928222656,244.13365173339844,0.0003,0.0003,0.1
,,,,,179210,691.75653,220,,,,,,,,
,,,,,179436,706.72437,226,,,,,,,,
,,,,,179634,634.13544,198,,,,,,,,
,,,,,179867,762.254,233,,,,,,,,
635.92145,125.16638,804.9194,400.45984,210.5,180000,,,-256.0347900390625,-1.8455065488815308,13.799334526062012,254.55560302734375,255.2799530029297,0.0003,0.0003,0.1
,,,,,180081,648.4913,214,,,,,,,,
,,,,,180319,739.9925,238,,,,,,,,
,,,,,180561,756.0677,242,,,,,,,,
,,,,,180740,530.07465,179,,,,,,,,
,,,,,181000,,,-253.36770629882812,-2.102409601211548,12.252458572387695,250.60552978515625,250.37954711914062,0.0003,0.0003,0.1
,,,,,181004,846.18,264,,,,,,,,
,,,,,181221,628.59784,217,,,,,,,,
,,,,,181414,578.8487,193,,,,,,,,
,,,,,181620,637.28357,206,,,,,,,,
,,,,,181812,567.36316,192,,,,,,,,
,,,,,182000,,,-244.98348999023438,-2.6160452365875244,65.9225845336914,241.0838623046875,240.46035766601562,0.0003,0.0003,0.1
,,,,,182043,720.8764,231,,,,,,,,
,,,,,182258,598.46545,215,,,,,,,,
,,,,,182524,822.6724,266,,,,,,,,
,,,,,182727,623.3697,203,,,,,,,,
,,,,,182945,651.64594,218,,,,,,,,
,,,,,183000,,,-249.3568115234375,-2.506279945373535,12.586994171142578,247.42623901367188,247.62710571289062,0.0003,0.0003,0.1
,,,,,183156,519.5818,211,,,,,,,,
,,,,,183345,642.73126,189,,,,,,,,
,,,,,183544,635.5422,199,,,,,,,,
,,,,,183683,353.91034,139,,,,,,,,
,,,,,183906,701.92346,223,,,,,,,,
,,,,,184000,,,-245.0849151611328,-2.307291030883789,10.401253700256348,243.54934692382812,244.01348876953125,0.0003,0.0003,0.1
,,,,,184043,330.7602,137,,,,,,,,
,,,,,184265,693.41754,222,,,,,,,,
,,,,,184448,500.94104,183,,,,,,,,
,,,,,184636,559.3718,188,,,,,,,,
,,,,,184842,600.3202,206,,,,,,,,
626.0619,154.85027,808.1389,341.5129,213.1,185000,,,-252.09747314453125,-2.294067144393921,7.475968837738037,250.80459594726562,250.66067504882812,0.0003,0.0003,0.1
,,,,,185086,741.3699,244,,,,,,,,
,,,,,185288,626.1821,202,,,,,,,,
,,,,,185535,752.0749,247,,,,,,,,
,,,,,185739,527.417,204,,,,,,,,
,,,,,185992,815.9691,253,,,,,,,,
,,,,,186000,,,-257.08880615234375,-2.5490589141845703,11.743119239807129,254.68203735351562,254.94113159179688,0.0003,0.0003,0.1
,,,,,186218,672.8355,226,,,,,,,,
,,,,,186394,532.3294,176,,,,,,,,
,,,,,186596,603.41736,202,,,,,,,,
,,,,,186805,616.9956,209,,,,,,,,
,,,,,187000,,,-244.1935272216797,-2.490039348602295,15.616928100585938,242.0456085205078,241.62322998046875,0.0003,0.0003,0.1
,,,,,187036,643.8209,231,,,,,,,,
,,,,,187232,588.38055,196,,,,,,,,
,,,,,187429,649.0324,197,,,,,,,,
,,,,,187675,791.6822,246,,,,,,,,
,,,,,187905,651.16583,230,,,,,,,,
,,,,,188000,,,-247.07737731933594,-2.0168676376342773,11.416336059570312,245.78152465820312,246.21090698242188,0.0003,0.0003,0.1
,,,,,188124,612.265,219,,,,,,,,
,,,,,188398,785.04364,274,,,,,,,,
,,,,,188612,658.423,214,,,,,,,,
,,,,,188788,493.52628,176,,,,,,,,
,,,,,189000,,,-243.42832946777344,-2.339198589324951,10.313261032104492,240.90725708007812,241.22598266601562,0.0003,0.0003,0.1
,,,,,189032,720.40735,244,,,,,,,,
,,,,,189203,447.03088,171,,,,,,,,
,,,,,189423,568.6797,220,,,,,,,,
,,,,,189678,718.1722,255,,,,,,,,
,,,,,189880,664.4845,202,,,,,,,,
556.1147,126.20242,681.482,238.7485,188.8,190000,,,-238.6476287841797,-2.657249927520752,15.49677848815918,235.58297729492188,235.0966339111328,0.0003,0.0003,0.1
,,,,,190085,653.019,205,,,,,,,,
,,,,,190256,454.70212,171,,,,,,,,
,,,,,190470,674.62335,214,,,,,,,,
,,,,,190668,509.85895,198,,,,,,,,
,,,,,190868,596.2385,200,,,,,,,,
,,,,,191000,,,-249.1337432861328,-2.4968695640563965,10.008692741394043,247.9446258544922,248.066650390625,0.0003,0.0003,0.1
,,,,,191070,533.36664,202,,,,,,,,
,,,,,191271,572.40564,201,,,,,,,,
,,,,,191524,785.01056,253,,,,,,,,
,,,,,191782,807.73303,258,,,,,,,,
,,,,,191949,447.80197,167,,,,,,,,
,,,,,192000,,,-243.76171875,-2.418907403945923,97.9946517944336,242.16656494140625,241.53436279296875,0.0003,0.0003,0.1
,,,,,192152,610.7582,203,,,,,,,,
,,,,,192405,766.02637,253,,,,,,,,
,,,,,192626,658.5148,221,,,,,,,,
,,,,,192879,808.0785,253,,,,,,,,
,,,,,193000,,,-249.44473266601562,-1.894642949104309,12.298715591430664,248.11962890625,247.9864044189453,0.0003,0.0003,0.1
,,,,,193086,658.70953,207,,,,,,,,
,,,,,193221,342.25357,135,,,,,,,,
,,,,,193451,725.35754,230,,,,,,,,
,,,,,193658,625.1052,207,,,,,,,,
,,,,,193886,732.44037,228,,,,,,,,
,,,,,194000,,,-251.1219940185547,-2.2392048835754395,33.66971969604492,249.34458923339844,249.28814697265625,0.0003,0.0003,0.1
,,,,,194132,721.2107,246,,,,,,,,
,,,,,194348,661.58527,216,,,,,,,,
,,,,,194569,699.0171,221,,,,,,,,
,,,,,194767,556.2629,198,,,,,,,,
,,,,,194981,627.29865,214,,,,,,,,
643.2555,57.03737,727.0546,544.8504,211.8,195000,,,-239.9682159423828,-2.460954189300537,12.473118782043457,238.03318786621094,237.55422973632812,0.0003,0.0003,0.1
,,,,,195207,701.70544,226,,,,,,,,
,,,,,195420,663.19965,213,,,,,,,,
,,,,,195603,526.99457,183,,,,,,,,
,,,,,195803,529.30194,200,,,,,,,,
,,,,,196000,,,-245.49290466308594,-2.436232089996338,11.525452613830566,243.97000122070312,243.57220458984375,0.0003,0.0003,0.1
,,,,,196039,748.99365,236,,,,,,,,
,,,,,196234,594.45044,195,,,,,,,,
,,,,,196424,562.4551,190,,,,,,,,
,,,,,196626,561.66656,202,,,,,,,,
,,,,,196825,609.62286,199,,,,,,,,
,,,,,197000,,,-248.19952392578125,-2.33035945892334,44.05307388305664,245.64120483398438,245.2439727783203,0.0003,0.0003,0.1
,,,,,197028,621.0731,203,,,,,,,,
,,,,,197239,668.19965,211,,,,,,,,
,,,,,197447,594.23236,208,,,,,,,,
,,,,,197653,585.4746,206,,,,,,,,
,,,,,197892,748.0677,239,,,,,,,,
,,,,,198000,,,-249.58412170410156,-2.12129807472229,20.430587768554688,248.26596069335938,247.8480224609375,0.0003,0.0003,0.1
,,,,,198159,790.892,267,,,,,,,,
,,,,,198379,679.5799,220,,,,,,,,
,,,,,198583,582.99023,204,,,,,,,,
,,,,,198784,599.277,201,,,,,,,,
,,,,,198990,581.0074,206,,,,,,,,
,,,,,199000,,,-253.58053588867188,-2.2804763317108154,7.738769054412842,249.72645568847656,249.669189453125,0.0003,0.0003,0.1
,,,,,199223,707.9881,233,,,,,,,,
,,,,,199340,268.4986,117,,,,,,,,
,,,,,199564,685.6051,224,,,,,,,,
,,,,,199783,692.969,219,,,,,,,,
646.36884,45.109642,718.405,577.4087,216.1,200000,,,-248.15940856933594,-2.5616884231567383,137.26443481445312,244.72384643554688,245.40101623535156,0.0003,0.0003,0.1
,,,,,200010,721.3964,227,,,,,,,,
,,,,,200218,649.6559,208,,,,,,,,
,,,,,200429,634.2105,211,,,,,,,,
,,,,,200638,615.2701,209,,,,,,,,
,,,,,200832,601.6507,194,,,,,,,,
,,,,,201000,,,-245.47518920898438,-3.12144136428833,10.71541690826416,244.33860778808594,244.34201049804688,0.0003,0.0003,0.1
,,,,,201070,741.18317,238,,,,,,,,
,,,,,201281,636.09576,211,,,,,,,,
,,,,,201501,626.8062,220,,,,,,,,
,,,,,201698,658.2741,197,,,,,,,,
,,,,,201902,650.6285,204,,,,,,,,
,,,,,202000,,,-250.84373474121094,-2.2628307342529297,7.1309661865234375,249.0664825439453,249.36026000976562,0.0003,0.0003,0.1
,,,,,202094,573.6082,192,,,,,,,,
,,,,,202320,699.614,226,,,,,,,,
,,,,,202521,589.9978,201,,,,,,,,
,,,,,202725,638.9984,204,,,,,,,,
,,,,,202948,722.3913,223,,,,,,,,
,,,,,203000,,,-247.6272430419922,-2.2376396656036377,31.29570770263672,244.0377960205078,243.602294921875,0.0003,0.0003,0.1
,,,,,203157,656.81213,209,,,,,,,,
,,,,,203320,460.12384,163,,,,,,,,
,,,,,203548,674.07,228,,,,,,,,
,,,,,203753,631.3588,205,,,,,,,,
,,,,,203954,575.9629,201,,,,,,,,
,,,,,204000,,,-246.80052185058594,-2.0118749141693115,16.836502075195312,244.7265625,245.31417846679688,0.0003,0.0003,0.1
,,,,,204150,585.72015,196,,,,,,,,
,,,,,204382,741.7136,232,,,,,,,,
,,,,,204637,829.439,255,,,,,,,,
,,,,,204844,599.3088,207,,,,,,,,
674.78455,59.86311,774.4537,549.17804,223.4,205000,,,-252.5700225830078,-2.1013023853302,8.847161293029785,251.65194702148438,251.9879913330078,0.0003,0.0003,0.1
,,,,,205069,699.9789,225,,,,,,,,
,,,,,205283,689.0893,214,,,,,,,,
,,,,,205477,508.55338,194,,,,,,,,
,,,,,205672,610.86273,195,,,,,,,,
,,,,,205872,620.0142,200,,,,,,,,
,,,,,206000,,,-236.25332641601562,-2.7544872760772705,115.93856811523438,234.46548461914062,234.434326171875,0.0003,0.0003,0.1
,,,,,206074,643.51227,202,,,,,,,,
,,,,,206299,711.32587,225,,,,,,,,
,,,,,206521,690.5609,222,,,,,,,,
,,,,,206741,708.7014,220,,,,,,,,
,,,,,206928,572.53906,187,,,,,,,,
,,,,,207000,,,-253.02191162109375,-2.054290771484375,19.47447395324707,250.8670654296875,250.90017700195312,0.0003,0.0003,0.1
,,,,,207136,654.8782,208,,,,,,,,
,,,,,207354,713.39575,218,,,,,,,,
,,,,,207594,737.43335,240,,,,,,,,
,,,,,207795,643.99536,201,,,,,,,,
,,,,,207993,643.9532,198,,,,,,,,
,,,,,208000,,,-246.740234375,-2.4920787811279297,9.091265678405762,245.13955688476562,245.7216796875,0.0003,0.0003,0.1
,,,,,208171,543.03076,178,,,,,,,,
,,,,,208372,622.219,201,,,,,,,,
,,,,,208573,535.0279,201,,,,,,,,
,,,,,208772,551.12854,199,,,,,,,,
,,,,,208979,662.174,207,,,,,,,,
,,,,,209000,,,-249.5446319580078,-2.1224265098571777,27.00284194946289,246.54769897460938,246.82455444335938,0.0003,0.0003,0.1
,,,,,209208,749.7114,229,,,,,,,,
,,,,,209400,614.3572,192,,,,,,,,
,,,,,209574,486.72043,174,,,,,,,,
,,,,,209770,597.4535,196,,,,,,,,
,,,,,209998,704.3379,228,,,,,,,,
560.4087,120.020546,663.7411,227.80513,194.0,210000,,,-254.3257293701172,-1.8850682973861694,9.32571029663086,253.11915588378906,253.28652954101562,0.0003,0.0003,0.1
,,,,,210220,659.2174,222,,,,,,,,
,,,,,210461,756.8893,241,,,,,,,,
,,,,,210719,785.49066,258,,,,,,,,
,,,,,210920,537.73517,201,,,,,,,,
,,,,,211000,,,-254.92584228515625,-2.1802055835723877,9.339667320251465,252.9829864501953,252.91946411132812,0.0003,0.0003,0.1
,,,,,211124,652.6788,204,,,,,,,,
,,,,,211325,639.18823,201,,,,,,,,
,,,,,211535,630.1233,210,,,,,,,,
,,,,,211754,707.6383,219,,,,,,,,
,,,,,211956,630.2868,202,,,,,,,,
,,,,,212000,,,-251.17991638183594,-2.3648743629455566,10.96385383605957,249.77243041992188,250.0623321533203,0.0003,0.0003,0.1
,,,,,212172,643.0785,216,,,,,,,,
,,,,,212389,637.8077,217,,,,,,,,
,,,,,212598,651.7036,209,,,,,,,,
,,,,,212798,613.4365,200,,,,,,,,
,,,,,213000,,,-249.10821533203125,-2.3526010513305664,9.409893035888672,246.87936401367188,247.09194946289062,0.0003,0.0003,0.1
,,,,,213006,565.0867,208,,,,,,,,
,,,,,213210,549.81793,204,,,,,,,,
,,,,,213409,636.3039,199,,,,,,,,
,,,,,213648,766.5996,239,,,,,,,,
,,,,,213842,629.22577,194,,,,,,,,
,,,,,214000,,,-234.13531494140625,-2.9208338260650635,10.017911911010742,231.062255859375,231.1935272216797,0.0003,0.0003,0.1
,,,,,214046,570.25134,204,,,,,,,,
,,,,,214236,616.2497,190,,,,,,,,
,,,,,214447,661.69226,211,,,,,,,,
,,,,,214578,312.62582,131,,,,,,,,
,,,,,214767,591.9752,189,,,,,,,,
,,,,,214955,583.41547,188,,,,,,,,
615.1701,88.996124,698.81525,378.25488,202.9,215000,,,-249.05262756347656,-2.189323902130127,209.30490112304688,246.99740600585938,245.95635986328125,0.0003,0.0003,0.1
,,,,,215166,690.8941,211,,,,,,,,
,,,,,215355,605.4358,189,,,,,,,,
,,,,,215562,659.6507,207,,,,,,,,
,,,,,215681,274.2098,119,,,,,,,,
,,,,,215892,667.25275,211,,,,,,,,
,,,,,216000,,,-253.18563842773438,-2.3237290382385254,8.371299743652344,251.71563720703125,252.08950805664062,0.0003,0.0003,0.1
,,,,,216083,587.7671,191,,,,,,,,
,,,,,216294,675.73474,211,,,,,,,,
,,,,,216501,545.26404,207,,,,,,,,
,,,,,216703,650.9817,202,,,,,,,,
,,,,,216915,680.67993,212,,,,,,,,
,,,,,217000,,,-252.50381469726562,-2.1799025535583496,6.895627021789551,249.41085815429688,248.94747924804688,0.0003,0.0003,0.1
,,,,,217116,659.969,201,,,,,,,,
,,,,,217317,533.18805,201,,,,,,,,
,,,,,217477,466.72147,160,,,,,,,,
,,,,,217674,540.4141,197,,,,,,,,
,,,,,217891,670.4381,217,,,,,,,,
,,,,,218000,,,-248.85690307617188,-2.3562285900115967,15.657773971557617,246.865966796875,246.95758056640625,0.0003,0.0003,0.1
,,,,,218121,730.4525,230,,,,,,,,
,,,,,218335,683.75446,214,,,,,,,,
,,,,,218586,839.1949,251,,,,,,,,
,,,,,218737,392.87128,151,,,,,,,,
,,,,,218872,333.1186,135,,,,,,,,
,,,,,219000,,,-252.79449462890625,-2.564887046813965,32.39305114746094,249.1284942626953,249.41456604003906,0.0003,0.0003,0.1
,,,,,219086,693.24493,214,,,,,,,,
,,,,,219285,624.18146,199,,,,,,,,
,,,,,219423,394.2172,138,,,,,,,,
,,,,,219636,703.2366,213,,,,,,,,
,,,,,219827,619.4573,191,,,,,,,,
687.71686,101.33525,821.9116,520.3196,215.9,220000,,,-246.69729614257812,-2.0816264152526855,14.969419479370117,244.9064483642578,244.38641357421875,0.0003,0.0003,0.1
,,,,,220037,638.1109,210,,,,,,,,
,,,,,220185,386.74872,148,,,,,,,,
,,,,,220408,694.21985,223,,,,,,,,
,,,,,220644,748.26697,236,,,,,,,,
,,,,,220848,605.21893,204,,,,,,,,
,,,,,221000,,,-249.9730224609375,-2.251272201538086,9.16928768157959,247.46194458007812,247.4730224609375,0.0003,0.0003,0.1
,,,,,221039,613.31714,191,,,,,,,,
,,,,,221234,591.3074,195,,,,,,,,
,,,,,221455,696.7248,221,,,,,,,,
,,,,,221683,728.27545,228,,,,,,,,
,,,,,221865,537.4748,182,,,,,,,,
,,,,,222000,,,-259.4617919921875,-2.2876498699188232,8.907278060913086,256.705810546875,256.7265319824219,0.0003,0.0003,0.1
,,,,,222048,552.95667,183,,,,,,,,
,,,,,222254,599.9783,206,,,,,,,,
,,,,,222446,637.81006,192,,,,,,,,
,,,,,222661,685.503,215,,,,,,,,
,,,,,222794,369.12564,133,,,,,,,,
,,,,,222920,294.43658,126,,,,,,,,
,,,,,223000,,,-252.3542938232422,-2.40966796875,14.4877290725708,251.3887939453125,251.44932556152344,0.0003,0.0003,0.1
,,,,,223157,761.2927,237,,,,,,,,
,,,,,223367,628.5795,210,,,,,,,,
,,,,,223570,679.2621,203,,,,,,,,
,,,,,223699,301.02777,129,,,,,,,,
,,,,,223907,651.8372,208,,,,,,,,
,,,,,224000,,,-243.36265563964844,-2.4458112716674805,9.113861083984375,241.26234436035156,240.62709045410156,0.0003,0.0003,0.1
,,,,,224093,596.2315,186,,,,,,,,
,,,,,224230,347.7513,137,,,,,,,,
,,,,,224388,470.78534,158,,,,,,,,
,,,,,224573,611.74963,185,,,,,,,,
,,,,,224769,582.08057,196,,,,,,,,
,,,,,224972,628.87634,203,,,,,,,,
627.70374,123.51364,713.5618,265.2772,198.6,225000,,,-244.03173828125,-1.8940590620040894,10.897819519042969,242.67718505859375,242.91778564453125,0.0003,0.0003,0.1
,,,,,225155,570.64417,183,,,,,,,,
,,,,,225343,632.32764,188,,,,,,,,
,,,,,225564,715.68207,221,,,,,,,,
,,,,,225757,568.02655,193,,,,,,,,
,,,,,225954,615.261,197,,,,,,,,
,,,,,226000,,,-252.04885864257812,-2.67476749420166,18.96692657470703,250.23855590820312,250.14100646972656,0.0003,0.0003,0.1
,,,,,226145,628.2486,191,,,,,,,,
,,,,,226242,210.24332,97,,,,,,,,
,,,,,226415,565.51874,173,,,,,,,,
,,,,,226604,558.0021,189,,,,,,,,
,,,,,226791,613.37646,187,,,,,,,,
,,,,,226986,623.03033,195,,,,,,,,
,,,,,227000,,,-248.5980682373047,-1.9106508493423462,7.432712554931641,245.9053955078125,246.145751953125,0.0003,0.0003,0.1
,,,,,227205,718.33215,219,,,,,,,,
,,,,,227408,613.07874,203,,,,,,,,
,,,,,227608,669.7158,200,,,,,,,,
,,,,,227746,361.13947,138,,,,,,,,
,,,,,227893,352.04315,147,,,,,,,,
,,,,,228000,,,-240.66102600097656,-1.9826598167419434,14.59217643737793,238.7335662841797,238.3048095703125,0.0003,0.0003,0.1
,,,,,228118,705.5666,225,,,,,,,,
,,,,,228306,616.9159,188,,,,,,,,
,,,,,228510,671.49335,204,,,,,,,,
,,,,,228693,601.06714,183,,,,,,,,
,,,,,228888,658.91754,195,,,,,,,,
,,,,,229000,,,-249.61817932128906,-2.1093363761901855,6.412133693695068,247.17942810058594,247.23919677734375,0.0003,0.0003,0.1
,,,,,229091,677.60913,203,,,,,,,,
,,,,,229302,658.9724,211,,,,,,,,
,,,,,229412,228.3067,110,,,,,,,,
,,,,,229638,746.4785,226,,,,,,,,
,,,,,229825,640.33813,187,,,,,,,,
591.74786,182.7238,810.9372,270.00446,185.2,230000,,,-253.5510711669922,-2.1038575172424316,12.174671173095703,250.94061279296875,251.13926696777344,0.0003,0.0003,0.1
,,,,,230026,634.91394,201,,,,,,,,
,,,,,230213,641.4949,187,,,,,,,,
,,,,,230406,666.9067,193,,,,,,,,
,,,,,230592,628.843,186,,,,,,,,
,,,,,230783,652.64465,191,,,,,,,,
,,,,,230996,706.0279,213,,,,,,,,
,,,,,231000,,,-246.48806762695312,-2.359999895095825,11.221771240234375,245.06512451171875,244.78611755371094,0.0003,0.0003,0.1
,,,,,231184,650.26245,188,,,,,,,,
,,,,,231413,678.8231,229,,,,,,,,
,,,,,231573,499.10648,160,,,,,,,,
,,,,,231754,587.42084,181,,,,,,,,
,,,,,231785,49.956444,31,,,,,,,,
,,,,,232000,666.2906,215,,,,,,,,
,,,,,232000,,,-243.80955505371094,-2.0496304035186768,10.847936630249023,242.5352325439453,242.74729919433594,0.0003,0.0003,0.1
,,,,,232179,510.49496,179,,,,,,,,
,,,,,232368,613.0323,189,,,,,,,,
,,,,,232528,467.38828,160,,,,,,,,
,,,,,232630,253.59175,102,,,,,,,,
,,,,,232781,409.48654,151,,,,,,,,
,,,,,232978,572.87506,197,,,,,,,,
,,,,,233000,,,-244.67755126953125,-2.48646879196167,13.280749320983887,241.94979858398438,241.54330444335938,0.0003,0.0003,0.1
,,,,,233181,618.878,203,,,,,,,,
,,,,,233406,721.0339,225,,,,,,,,
,,,,,233603,604.73987,197,,,,,,,,
,,,,,233775,549.6433,172,,,,,,,,
,,,,,233901,296.84872,126,,,,,,,,
,,,,,234000,,,-256.5172119140625,-1.9299893379211426,12.235797882080078,255.3084259033203,255.68869018554688,0.0003,0.0003,0.1
,,,,,234131,756.74963,230,,,,,,,,
,,,,,234276,336.35556,145,,,,,,,,
,,,,,234489,702.93274,213,,,,,,,,
,,,,,234706,697.0052,217,,,,,,,,
,,,,,234859,449.28317,153,,,,,,,,
,,,,,234969,220.78476,110,,,,,,,,
391.15826,135.14291,532.5795,53.54378,139.6,235000,,,-260.03173828125,-1.91914701461792,35.74185562133789,258.3722839355469,258.6517028808594,0.0003,0.0003,0.1
,,,,,235168,630.90625,199,,,,,,,,
,,,,,235303,316.02548,135,,,,,,,,
,,,,,235501,610.7557,198,,,,,,,,
,,,,,235712,659.18665,211,,,,,,,,
,,,,,235837,309.3127,125,,,,,,,,
,,,,,236000,,,-250.8081512451172,-2.5098583698272705,21.0479736328125,247.34683227539062,247.43121337890625,0.0003,0.0003,0.1
,,,,,236078,747.39246,241,,,,,,,,
,,,,,236268,616.44055,190,,,,,,,,
,,,,,236460,610.68994,192,,,,,,,,
,,,,,236640,543.1129,180,,,,,,,,
,,,,,236784,363.163,144,,,,,,,,
,,,,,236979,628.08185,195,,,,,,,,
,,,,,237000,,,-258.11883544921875,-2.027479648590088,32.98948287963867,255.90866088867188,255.86219787597656,0.0003,0.0003,0.1
,,,,,237141,468.71167,162,,,,,,,,
,,,,,237330,553.9574,189,,,,,,,,
,,,,,237514,625.2541,184,,,,,,,,
,,,,,237733,711.5927,219,,,,,,,,
,,,,,237968,750.93787,235,,,,,,,,
,,,,,238000,,,-254.25070190429688,-2.483829975128174,10.672910690307617,252.28375244140625,252.12237548828125,0.0003,0.0003,0.1
,,,,,238169,645.1302,201,,,,,,,,
,,,,,238304,313.06805,135,,,,,,,,
,,,,,238508,664.2915,204,,,,,,,,
,,,,,238737,765.0056,229,,,,,,,,
,,,,,238956,719.7999,219,,,,,,,,
,,,,,239000,,,-250.79214477539062,-2.356656312942505,10.629271507263184,249.1651611328125,249.50335693359375,0.0003,0.0003,0.1
,,,,,239196,778.3752,240,,,,,,,,
,,,,,239403,630.5836,207,,,,,,,,
,,,,,239607,655.2763,204,,,,,,,,
,,,,,239798,597.60333,191,,,,,,,,
641.10364,126.3743,861.02014,312.84668,202.7,240000,,,-252.32081604003906,-2.5417943000793457,15.070775032043457,250.6924285888672,250.4327850341797,0.0003,0.0003,0.1
,,,,,240014,698.3093,216,,,,,,,,
,,,,,240229,670.2486,215,,,,,,,,
,,,,,240433,687.01434,204,,,,,,,,
,,,,,240632,640.1714,199,,,,,,,,
,,,,,240834,656.81635,202,,,,,,,,
,,,,,241000,,,-243.23947143554688,-2.5340287685394287,26.74180793762207,241.3172607421875,240.82618713378906,0.0003,0.0003,0.1
,,,,,241040,702.33813,206,,,,,,,,
,,,,,241214,492.4175,174,,,,,,,,
,,,,,241243,42.82056,29,,,,,,,,
,,,,,241450,691.19617,207,,,,,,,,
,,,,,241661,653.5488,211,,,,,,,,
,,,,,241881,666.55457,220,,,,,,,,
,,,,,242000,,,-263.4906921386719,-1.94362473487854,14.989831924438477,262.09722900390625,263.0341796875,0.0003,0.0003,0.1
,,,,,242023,323.75235,142,,,,,,,,
,,,,,242218,625.8861,195,,,,,,,,
,,,,,242419,614.8428,201,,,,,,,,
,,,,,242606,593.1384,187,,,,,,,,
,,,,,242794,592.15326,188,,,,,,,,
,,,,,243000,,,-256.7846984863281,-1.9973886013031006,8.210746765136719,255.09906005859375,255.1804962158203,0.0003,0.0003,0.1
,,,,,243007,644.4595,213,,,,,,,,
,,,,,243215,632.7415,208,,,,,,,,
,,,,,243429,665.5269,214,,,,,,,,
,,,,,243649,684.3369,220,,,,,,,,
,,,,,243835,607.66327,186,,,,,,,,
,,,,,244000,,,-264.4640808105469,-1.7841815948486328,8.41119384765625,262.3790283203125,262.4221496582031,0.0003,0.0003,0.1
,,,,,244069,764.8286,234,,,,,,,,
,,,,,244269,606.3316,200,,,,,,,,
,,,,,244371,244.23479,102,,,,,,,,
,,,,,244575,661.2528,204,,,,,,,,
,,,,,244784,693.48224,209,,,,,,,,
,,,,,244980,618.0284,196,,,,,,,,
637.09845,94.10037,820.94257,420.8532,203.3,245000,,,-250.57339477539062,-2.1188907623291016,8.385027885437012,249.5609130859375,249.64306640625,0.0003,0.0003,0.1
,,,,,245178,630.53064,198,,,,,,,,
,,,,,245329,404.2931,151,,,,,,,,
,,,,,245539,664.1434,210,,,,,,,,
,,,,,245768,760.76056,229,,,,,,,,
,,,,,245967,606.31305,199,,,,,,,,
,,,,,246000,,,-250.53663635253906,-2.1637613773345947,73.76910400390625,247.41494750976562,248.52590942382812,0.0003,0.0003,0.1
,,,,,246164,596.5749,197,,,,,,,,
,,,,,246369,641.1293,205,,,,,,,,
,,,,,246570,652.17633,201,,,,,,,,
,,,,,246808,754.0622,238,,,,,,,,
,,,,,247000,,,-255.4484100341797,-2.1605348587036133,23.92374038696289,253.9021453857422,253.5236053466797,0.0003,0.0003,0.1
,,,,,247029,679.7798,221,,,,,,,,
,,,,,247261,730.93304,232,,,,,,,,
,,,,,247420,451.7961,159,,,,,,,,
,,,,,247531,266.60294,111,,,,,,,,
,,,,,247682,409.41498,151,,,,,,,,
,,,,,247820,380.28818,138,,,,,,,,
,,,,,248000,,,-258.6382141113281,-2.2123947143554688,116.6310043334961,254.81198120117188,254.1314239501953,0.0003,0.0003,0.1
,,,,,248020,613.4353,200,,,,,,,,
,,,,,248248,738.84045,228,,,,,,,,
,,,,,248477,720.1011,229,,,,,,,,
,,,,,248680,615.7402,203,,,,,,,,
,,,,,248892,671.8433,212,,,,,,,,
,,,,,249000,,,-246.001220703125,-2.190553903579712,89.48360443115234,244.38833618164062,245.13218688964844,0.0003,0.0003,0.1
,,,,,249009,272.6857,117,,,,,,,,
,,,,,249233,722.23425,224,,,,,,,,
,,,,,249434,580.5624,201,,,,,,,,
,,,,,249591,424.08936,157,,,,,,,,
,,,,,249791,636.90625,200,,,,,,,,
467.24033,261.72382,765.05884,42.00008,152.5,250000,,,-253.58189392089844,-2.176056146621704,23.794281005859375,251.621826171875,251.05117797851562,0.0003,0.0003,0.1
,,,,,250011,726.3931,220,,,,,,,,
,,,,,250236,747.8192,225,,,,,,,,
,,,,,250373,329.67804,137,,,,,,,,
,,,,,250585,691.1283,212,,,,,,,,
,,,,,250789,645.20337,204,,,,,,,,
,,,,,251000,,,-258.64801025390625,-2.26233172416687,8.597784996032715,256.54718017578125,256.42376708984375,0.0003,0.0003,0.1
,,,,,251006,689.7566,217,,,,,,,,
,,,,,251225,694.85394,219,,,,,,,,
,,,,,251443,667.77637,218,,,,,,,,
,,,,,251690,782.01886,247,,,,,,,,
,,,,,251923,702.89307,233,,,,,,,,
,,,,,252000,,,-252.52621459960938,-1.8653011322021484,6.114974498748779,251.22808837890625,251.73558044433594,0.0003,0.0003,0.1
,,,,,252141,694.8317,218,,,,,,,,
,,,,,252342,668.65137,201,,,,,,,,
,,,,,252556,672.24457,214,,,,,,,,
,,,,,252703,375.71042,147,,,,,,,,
,,,,,252927,702.4157,224,,,,,,,,
,,,,,253000,,,-248.57933044433594,-1.9717559814453125,8.239302635192871,247.51707458496094,247.07662963867188,0.0003,0.0003,0.1
,,,,,253033,249.97348,106,,,,,,,,
,,,,,253236,650.7721,203,,,,,,,,
,,,,,253428,626.7156,192,,,,,,,,
,,,,,253648,709.1438,220,,,,,,,,
,,,,,253850,649.25476,202,,,,,,,,
,,,,,254000,,,-254.22959899902344,-2.1516306400299072,15.098954200744629,252.86155700683594,253.62979125976562,0.0003,0.0003,0.1
,,,,,254045,600.16986,195,,,,,,,,
,,,,,254260,659.7526,215,,,,,,,,
,,,,,254471,660.75995,211,,,,,,,,
,,,,,254686,698.7636,215,,,,,,,,
,,,,,254871,610.93945,185,,,,,,,,
465.61493,361.17462,801.61615,23.105064,146.1,255000,,,-261.2955322265625,-1.8860716819763184,9.692645072937012,259.1910705566406,259.0882873535156,0.0003,0.0003,0.1
,,,,,255032,462.21295,161,,,,,,,,
,,,,,255237,640.2462,205,,,,,,,,
,,,,,255471,741.4597,234,,,,,,,,
,,,,,255698,728.3887,227,,,,,,,,
,,,,,255904,659.79474,206,,,,,,,,
,,,,,256000,,,-256.6145324707031,-2.442270517349243,9.280614852905273,255.15768432617188,255.0084228515625,0.0003,0.0003,0.1
,,,,,256083,522.9367,179,,,,,,,,
,,,,,256330,823.2862,247,,,,,,,,
,,,,,256551,695.84125,221,,,,,,,,
,,,,,256790,782.4098,239,,,,,,,,
,,,,,256904,296.6472,114,,,,,,,,
,,,,,257000,,,-262.73150634765625,-2.093233346939087,43.44969177246094,259.4859619140625,259.2523193359375,0.0003,0.0003,0.1
,,,,,257106,629.9972,202,,,,,,,,
,,,,,257318,685.20544,212,,,,,,,,
,,,,,257523,660.0791,205,,,,,,,,
,,,,,257741,679.58673,218,,,,,,,,
,,,,,257972,757.6508,231,,,,,,,,
,,,,,258000,,,-256.3080139160156,-2.0142531394958496,11.411637306213379,255.43820190429688,255.0225372314453,0.0003,0.0003,0.1
,,,,,258216,788.1534,244,,,,,,,,
,,,,,258423,661.927,207,,,,,,,,
,,,,,258667,805.1802,244,,,,,,,,
,,,,,258867,589.28613,200,,,,,,,,
,,,,,259000,,,-254.62184143066406,-2.1417243480682373,7.841058731079102,252.6129608154297,252.20118713378906,0.0003,0.0003,0.1
,,,,,259110,778.5586,243,,,,,,,,
,,,,,259338,718.8397,228,,,,,,,,
,,,,,259569,715.6707,231,,,,,,,,
,,,,,259813,785.6429,244,,,,,,,,
667.68506,71.06824,795.895,585.1937,210.3,260000,,,-249.3111114501953,-2.3520946502685547,17.40550994873047,246.0731964111328,245.30718994140625,0.0003,0.0003,0.1
,,,,,260034,716.2925,221,,,,,,,,
,,,,,260248,699.48645,214,,,,,,,,
,,,,,260479,726.6608,231,,,,,,,,
,,,,,260698,696.2613,219,,,,,,,,
,,,,,260915,698.1343,217,,,,,,,,
,,,,,261000,,,-257.91748046875,-2.087102174758911,11.204449653625488,257.006103515625,257.24566650390625,0.0003,0.0003,0.1
,,,,,261142,729.9898,227,,,,,,,,
,,,,,261341,622.7827,199,,,,,,,,
,,,,,261543,650.0334,202,,,,,,,,
,,,,,261721,599.9439,178,,,,,,,,
,,,,,261912,616.4313,191,,,,,,,,
,,,,,262000,,,-251.64047241210938,-2.552760601043701,21.834871292114258,249.44798278808594,249.45977783203125,0.0003,0.0003,0.1
,,,,,262136,692.96936,224,,,,,,,,
,,,,,262360,733.173,224,,,,,,,,
,,,,,262546,608.72296,186,,,,,,,,
,,,,,262735,611.3582,189,,,,,,,,
,,,,,262960,728.6156,225,,,,,,,,
,,,,,263000,,,-244.72718811035156,-2.2830734252929688,19.868694305419922,241.33609008789062,241.5366973876953,0.0003,0.0003,0.1
,,,,,263151,642.3488,191,,,,,,,,
,,,,,263359,677.2736,208,,,,,,,,
,,,,,263551,626.5769,192,,,,,,,,
,,,,,263713,509.04123,162,,,,,,,,
,,,,,263902,603.0394,189,,,,,,,,
,,,,,264000,,,-260.115234375,-2.0439491271972656,9.636860847473145,259.27899169921875,258.8192443847656,0.0003,0.0003,0.1
,,,,,264126,718.1115,224,,,,,,,,
,,,,,264348,732.9902,222,,,,,,,,
,,,,,264551,646.7177,203,,,,,,,,
,,,,,264773,737.54443,222,,,,,,,,
,,,,,264989,710.8644,216,,,,,,,,
609.6573,82.88871,782.4473,512.3619,197.2,265000,,,-248.8654022216797,-2.198030471801758,11.644477844238281,245.25128173828125,245.97804260253906,0.0003,0.0003,0.1
,,,,,265176,596.49347,187,,,,,,,,
,,,,,265202,35.28833,26,,,,,,,,
,,,,,265224,27.806133,22,,,,,,,,
,,,,,265460,751.01166,236,,,,,,,,
,,,,,265652,603.4459,192,,,,,,,,
,,,,,265833,555.9835,181,,,,,,,,
,,,,,266000,,,-247.2431640625,-2.417124032974243,12.703878402709961,245.5754852294922,245.71383666992188,0.0003,0.0003,0.1
,,,,,266075,793.5982,242,,,,,,,,
,,,,,266284,686.43097,209,,,,,,,,
,,,,,266499,712.98773,215,,,,,,,,
,,,,,266718,700.57874,219,,,,,,,,
,,,,,266926,657.6368,208,,,,,,,,
,,,,,267000,,,-240.56199645996094,-2.3142311573028564,29.085372924804688,239.1810760498047,238.52378845214844,0.0003,0.0003,0.1
,,,,,267129,657.95844,203,,,,,,,,
,,,,,267346,710.0586,217,,,,,,,,
,,,,,267557,645.43976,211,,,,,,,,
,,,,,267783,725.92004,226,,,,,,,,
,,,,,268000,,,-252.55296325683594,-2.0241286754608154,11.123814582824707,249.2766876220703,249.34869384765625,0.0003,0.0003,0.1
,,,,,268015,754.9366,232,,,,,,,,
,,,,,268227,691.0431,212,,,,,,,,
,,,,,268451,733.0245,224,,,,,,,,
,,,,,268655,658.87787,204,,,,,,,,
,,,,,268853,630.3681,198,,,,,,,,
,,,,,269000,,,-252.33103942871094,-1.775895595550537,10.298042297363281,251.22471618652344,251.32977294921875,0.0003,0.0003,0.1
,,,,,269067,700.68304,214,,,,,,,,
,,,,,269273,657.5834,206,,,,,,,,
,,,,,269480,633.41156,207,,,,,,,,
,,,,,269665,532.985,185,,,,,,,,
,,,,,269901,770.2128,236,,,,,,,,
646.0211,44.068134,713.4664,577.144,203.0,270000,,,-253.26519775390625,-1.9347598552703857,8.977819442749023,250.92376708984375,250.89944458007812,0.0003,0.0003,0.1
,,,,,270145,794.2496,244,,,,,,,,
,,,,,270325,535.3716,180,,,,,,,,
,,,,,270496,526.3257,171,,,,,,,,
,,,,,270681,608.5564,185,,,,,,,,
,,,,,270885,631.6689,204,,,,,,,,
,,,,,271000,,,-254.7899627685547,-2.2915563583374023,43.763126373291016,252.35487365722656,251.50222778320312,0.0003,0.0003,0.1
,,,,,271080,657.8202,195,,,,,,,,
,,,,,271296,675.4824,216,,,,,,,,
,,,,,271507,683.5068,211,,,,,,,,
,,,,,271711,619.29706,204,,,,,,,,
,,,,,271905,631.66675,194,,,,,,,,
,,,,,272000,,,-247.2722930908203,-1.8986899852752686,13.404996871948242,245.8108367919922,245.8631134033203,0.0003,0.0003,0.1
,,,,,272128,733.4063,223,,,,,,,,
,,,,,272349,701.54913,221,,,,,,,,
,,,,,272527,526.3733,178,,,,,,,,
,,,,,272760,739.14557,233,,,,,,,,
,,,,,272965,651.4036,205,,,,,,,,
,,,,,273000,,,-259.71832275390625,-1.6994470357894897,11.830846786499023,258.24603271484375,258.6405029296875,0.0003,0.0003,0.1
,,,,,273168,647.7579,203,,,,,,,,
,,,,,273383,661.2026,215,,,,,,,,
,,,,,273615,723.06726,232,,,,,,,,
,,,,,273800,563.76855,185,,,,,,,,
,,,,,273960,503.45352,160,,,,,,,,
,,,,,274000,,,-244.8212127685547,-2.262444496154785,11.27662467956543,243.51210021972656,243.9033966064453,0.0003,0.0003,0.1
,,,,,274158,604.4569,198,,,,,,,,
,,,,,274373,644.06976,215,,,,,,,,
,,,,,274586,709.4845,213,,,,,,,,
,,,,,274798,699.67035,212,,,,,,,,
,,,,,274827,35.43706,29,,,,,,,,
627.8672,57.904873,698.99164,506.8445,201.9,275000,,,-249.75946044921875,-2.0440001487731934,12.037223815917969,246.3515167236328,246.70472717285156,0.0003,0.0003,0.1
,,,,,275018,595.81494,191,,,,,,,,
,,,,,275216,670.35205,198,,,,,,,,
,,,,,275426,673.2694,210,,,,,,,,
,,,,,275603,595.1354,177,,,,,,,,
,,,,,275762,509.67252,159,,,,,,,,
,,,,,275963,638.8887,201,,,,,,,,
,,,,,276000,,,-246.32577514648438,-2.231796979904175,17.38750457763672,245.08705139160156,245.03591918945312,0.0003,0.0003,0.1
,,,,,276147,598.3406,184,,,,,,,,
,,,,,276366,724.6856,219,,,,,,,,
,,,,,276540,570.22003,174,,,,,,,,
,,,,,276760,702.21344,220,,,,,,,,
,,,,,276969,674.0771,209,,,,,,,,
,,,,,277000,,,-251.66087341308594,-1.9398283958435059,12.891738891601562,250.47109985351562,249.94915771484375,0.0003,0.0003,0.1
,,,,,277196,688.25476,227,,,,,,,,
,,,,,277394,637.06177,198,,,,,,,,
,,,,,277589,610.80536,195,,,,,,,,
,,,,,277798,650.3484,209,,,,,,,,
,,,,,278000,,,-254.5189208984375,-2.033360004425049,9.92112922668457,253.10203552246094,253.41241455078125,0.0003,0.0003,0.1
,,,,,278003,628.4005,205,,,,,,,,
,,,,,278172,492.91025,169,,,,,,,,
,,,,,278379,671.3421,207,,,,,,,,
,,,,,278588,653.7219,209,,,,,,,,
,,,,,278794,618.2049,206,,,,,,,,
,,,,,278999,643.0353,205,,,,,,,,
,,,,,279000,,,-252.09556579589844,-2.168344259262085,10.618188858032227,250.0330047607422,250.1661834716797,0.0003,0.0003,0.1
,,,,,279232,762.1846,233,,,,,,,,
,,,,,279418,589.7454,186,,,,,,,,
,,,,,279619,651.0215,201,,,,,,,,
,,,,,279821,653.032,202,,,,,,,,
644.07654,88.668045,770.7517,480.35474,204.5,280000,,,-249.6838836669922,-2.194913387298584,12.608473777770996,248.46798706054688,248.0291290283203,0.0003,0.0003,0.1
,,,,,280055,751.7246,234,,,,,,,,
,,,,,280273,708.0725,218,,,,,,,,
,,,,,280497,731.9983,224,,,,,,,,
,,,,,280698,604.4689,201,,,,,,,,
,,,,,280903,665.2988,205,,,,,,,,
,,,,,281000,,,-249.3811798095703,-1.9134310483932495,20.1756591796875,248.00689697265625,248.69195556640625,0.0003,0.0003,0.1
,,,,,281111,626.0903,208,,,,,,,,
,,,,,281327,658.6385,216,,,,,,,,
,,,,,281369,72.13171,42,,,,,,,,
,,,,,281572,610.0045,203,,,,,,,,
,,,,,281755,527.5995,183,,,,,,,,
,,,,,281982,716.6273,227,,,,,,,,
,,,,,282000,,,-257.15594482421875,-1.929363489151001,10.101072311401367,256.186279296875,255.73287963867188,0.0003,0.0003,0.1
,,,,,282184,646.3746,202,,,,,,,,
,,,,,282370,554.16046,186,,,,,,,,
,,,,,282572,602.10175,202,,,,,,,,
,,,,,282771,614.9312,199,,,,,,,,
,,,,,282955,534.88416,184,,,,,,,,
,,,,,283000,,,-252.77610778808594,-2.4968605041503906,73.21704864501953,250.45535278320312,249.6806640625,0.0003,0.0003,0.1
,,,,,283169,642.62177,214,,,,,,,,
,,,,,283372,567.6974,203,,,,,,,,
,,,,,283609,776.48706,237,,,,,,,,
,,,,,283786,475.88586,177,,,,,,,,
,,,,,283959,477.5426,173,,,,,,,,
,,,,,284000,,,-252.00341796875,-2.074434995651245,10.683977127075195,250.8367156982422,251.65208435058594,0.0003,0.0003,0.1
,,,,,284154,638.4066,195,,,,,,,,
,,,,,284346,603.8959,192,,,,,,,,
,,,,,284567,719.9451,221,,,,,,,,
,,,,,284762,641.6946,195,,,,,,,,
530.6457,118.9558,774.07477,279.96585,185.0,285000,,,-244.87124633789062,-2.1486988067626953,26.47909927368164,242.44229125976562,242.64395141601562,0.0003,0.0003,0.1
,,,,,285001,751.61865,239,,,,,,,,
,,,,,285207,638.10626,206,,,,,,,,
,,,,,285382,466.51096,175,,,,,,,,
,,,,,285607,735.5165,225,,,,,,,,
,,,,,285811,628.6274,204,,,,,,,,
,,,,,286000,,,-245.20240783691406,-2.2393059730529785,13.726598739624023,243.219970703125,243.2793426513672,0.0003,0.0003,0.1
,,,,,286021,599.6222,210,,,,,,,,
,,,,,286240,690.7012,219,,,,,,,,
,,,,,286421,488.77792,181,,,,,,,,
,,,,,286625,657.01556,204,,,,,,,,
,,,,,286820,559.2715,195,,,,,,,,
,,,,,287000,,,-256.28851318359375,-2.2090659141540527,13.888323783874512,254.1847381591797,254.32534790039062,0.0003,0.0003,0.1
,,,,,287039,677.30237,219,,,,,,,,
,,,,,287251,641.41864,212,,,,,,,,
,,,,,287452,609.5894,201,,,,,,,,
,,,,,287654,621.9042,202,,,,,,,,
,,,,,287815,482.31992,161,,,,,,,,
,,,,,287937,261.67456,122,,,,,,,,
,,,,,288000,,,-250.443603515625,-1.8991320133209229,264.44964599609375,249.2991943359375,248.15728759765625,0.0003,0.0003,0.1
,,,,,288130,556.7181,193,,,,,,,,
,,,,,288291,505.49713,161,,,,,,,,
,,,,,288489,667.7454,198,,,,,,,,
,,,,,288687,614.63007,198,,,,,,,,
,,,,,288909,689.3819,222,,,,,,,,
,,,,,289000,,,-261.5636291503906,-2.068537712097168,13.162942886352539,260.765869140625,260.4814147949219,0.0003,0.0003,0.1
,,,,,289126,666.5502,217,,,,,,,,
,,,,,289323,601.93884,197,,,,,,,,
,,,,,289528,594.6855,205,,,,,,,,
,,,,,289728,614.2499,200,,,,,,,,
,,,,,289912,507.6975,184,,,,,,,,
584.3572,178.60155,707.2378,59.70024,190.5,290000,,,-249.81370544433594,-1.7154737710952759,9.181184768676758,248.4295654296875,248.96575927734375,0.0003,0.0003,0.1
,,,,,290125,605.59375,213,,,,,,,,
,,,,,290340,696.30444,215,,,,,,,,
,,,,,290554,668.53577,214,,,,,,,,
,,,,,290663,254.69513,109,,,,,,,,
,,,,,290767,247.34764,104,,,,,,,,
,,,,,290952,543.37006,185,,,,,,,,
,,,,,291000,,,-251.39410400390625,-2.0270049571990967,10.90803050994873,249.8824462890625,250.0557861328125,0.0003,0.0003,0.1
,,,,,291155,557.87445,203,,,,,,,,
,,,,,291354,610.18115,199,,,,,,,,
,,,,,291568,618.72064,214,,,,,,,,
,,,,,291772,624.751,204,,,,,,,,
,,,,,291960,565.9457,188,,,,,,,,
,,,,,292000,,,-249.6196746826172,-2.3073196411132812,13.963173866271973,247.4083251953125,247.92678833007812,0.0003,0.0003,0.1
,,,,,292086,283.4745,126,,,,,,,,
,,,,,292280,596.2269,194,,,,,,,,
,,,,,292498,686.3745,218,,,,,,,,
,,,,,292728,759.67596,230,,,,,,,,
,,,,,292936,682.7337,208,,,,,,,,
,,,,,293000,,,-253.9463348388672,-1.9716852903366089,6.541935443878174,251.7566680908203,252.14865112304688,0.0003,0.0003,0.1
,,,,,293177,831.285,241,,,,,,,,
,,,,,293360,562.0446,183,,,,,,,,
,,,,,293562,637.8992,202,,,,,,,,
,,,,,293787,712.3341,225,,,,,,,,
,,,,,294000,,,-254.5395050048828,-2.031651020050049,16.174009323120117,252.27403259277344,252.0840301513672,0.0003,0.0003,0.1
,,,,,294029,780.0431,242,,,,,,,,
,,,,,294237,642.8109,208,,,,,,,,
,,,,,294447,622.94794,210,,,,,,,,
,,,,,294766,1085.5043,319,,,,,,,,
,,,,,294993,707.7892,227,,,,,,,,
450.47076,253.86432,876.3985,29.382025,154.6,295000,,,-244.9842071533203,-2.0395925045013428,10.306670188903809,243.8895721435547,244.4598388671875,0.0003,0.0003,0.1
,,,,,295217,718.72156,224,,,,,,,,
,,,,,295421,631.8138,204,,,,,,,,
,,,,,295655,740.4853,234,,,,,,,,
,,,,,295853,618.761,198,,,,,,,,
,,,,,296000,,,-246.00338745117188,-1.8166577816009521,15.587367057800293,244.957763671875,244.74053955078125,0.0003,0.0003,0.1
,,,,,296061,630.79407,208,,,,,,,,
,,,,,296164,243.53249,103,,,,,,,,
,,,,,296391,722.22516,227,,,,,,,,
,,,,,296606,694.2625,215,,,,,,,,
,,,,,296799,530.8862,193,,,,,,,,
,,,,,297000,,,-247.1868438720703,-2.1083593368530273,11.907599449157715,244.88299560546875,245.14382934570312,0.0003,0.0003,0.1
,,,,,297052,799.939,253,,,,,,,,
,,,,,297254,645.9626,202,,,,,,,,
,,,,,297451,631.9106,197,,,,,,,,
,,,,,297692,769.8489,241,,,,,,,,
,,,,,297917,745.959,225,,,,,,,,
,,,,,298000,,,-256.6900329589844,-1.907380223274231,12.68215560913086,255.6776885986328,255.7247772216797,0.0003,0.0003,0.1
,,,,,298122,662.4524,205,,,,,,,,
,,,,,298319,634.29663,197,,,,,,,,
,,,,,298526,646.165,207,,,,,,,,
,,,,,298707,571.1107,181,,,,,,,,
,,,,,298836,312.31198,129,,,,,,,,
,,,,,299000,,,-242.6436767578125,-2.1145949363708496,10.315314292907715,239.56353759765625,239.92044067382812,0.0003,0.0003,0.1
,,,,,299076,808.7774,240,,,,,,,,
,,,,,299281,647.8084,205,,,,,,,,
,,,,,299481,656.07007,200,,,,,,,,
,,,,,299682,616.98425,201,,,,,,,,
,,,,,299905,713.3508,223,,,,,,,,
634.7678,40.299274,687.21735,569.17865,201.0,300000,,,-254.7262725830078,-1.9577873945236206,10.870206832885742,253.80393981933594,253.55674743652344,0.0003,0.0003,0.1
,,,,,300102,601.20435,197,,,,,,,,
,,,,,300302,622.5188,200,,,,,,,,
,,,,,300547,814.30084,245,,,,,,,,
,,,,,300755,696.469,208,,,,,,,,
,,,,,300980,736.8002,225,,,,,,,,
,,,,,301000,,,-253.2378387451172,-1.8340237140655518,11.428183555603027,251.23757934570312,249.91748046875,0.0003,0.0003,0.1
,,,,,301176,595.9696,196,,,,,,,,
,,,,,301418,790.3156,242,,,,,,,,
,,,,,301620,621.6438,202,,,,,,,,
,,,,,301846,731.94006,226,,,,,,,,
,,,,,302000,,,-248.03587341308594,-2.3219738006591797,15.172924041748047,245.60809326171875,245.97113037109375,0.0003,0.0003,0.1
,,,,,302054,650.6712,208,,,,,,,,
,,,,,302277,715.2141,223,,,,,,,,
,,,,,302470,581.24396,193,,,,,,,,
,,,,,302676,619.4095,206,,,,,,,,
,,,,,302884,661.266,208,,,,,,,,
,,,,,303000,,,-250.58106994628906,-1.8933335542678833,193.09336853027344,249.57147216796875,249.36566162109375,0.0003,0.0003,0.1
,,,,,303128,782.423,244,,,,,,,,
,,,,,303305,588.1432,177,,,,,,,,
,,,,,303530,668.2799,225,,,,,,,,
,,,,,303737,652.717,207,,,,,,,,
,,,,,303957,703.8565,220,,,,,,,,
,,,,,304000,,,-250.68765258789062,-2.3728644847869873,69.47767639160156,248.35147094726562,249.31484985351562,0.0003,0.0003,0.1
,,,,,304156,627.736,199,,,,,,,,
,,,,,304291,277.54675,135,,,,,,,,
,,,,,304495,542.97327,204,,,,,,,,
,,,,,304726,754.3401,231,,,,,,,,
,,,,,304957,734.4194,231,,,,,,,,
644.3836,55.527386,739.89136,583.0939,201.2,305000,,,-257.8003845214844,-1.6964516639709473,14.761293411254883,257.14501953125,257.11236572265625,0.0003,0.0003,0.1
,,,,,305165,674.7131,208,,,,,,,,
,,,,,305392,722.1814,227,,,,,,,,
,,,,,305610,672.50494,218,,,,,,,,
,,,,,305802,588.1853,192,,,,,,,,
,,,,,306000,,,-252.52821350097656,-1.608804702758789,8.188365936279297,250.72634887695312,251.0709991455078,0.0003,0.0003,0.1
,,,,,306036,782.8638,234,,,,,,,,
,,,,,306237,641.1431,201,,,,,,,,
,,,,,306426,612.39105,189,,,,,,,,
,,,,,306679,764.9731,253,,,,,,,,
,,,,,306868,565.50397,189,,,,,,,,
,,,,,307000,,,-255.1405029296875,-2.352464199066162,6.379613399505615,253.79165649414062,253.56219482421875,0.0003,0.0003,0.1
,,,,,307098,736.67535,230,,,,,,,,
,,,,,307318,703.448,220,,,,,,,,
,,,,,307513,623.1904,195,,,,,,,,
,,,,,307706,606.2739,193,,,,,,,,
,,,,,307944,761.55865,238,,,,,,,,
,,,,,308000,,,-251.06468200683594,-1.7921994924545288,30.046039581298828,249.33969116210938,248.74380493164062,0.0003,0.0003,0.1
,,,,,308135,586.2464,191,,,,,,,,
,,,,,308333,602.44385,198,,,,,,,,
,,,,,308532,623.3688,199,,,,,,,,
,,,,,308757,720.91473,225,,,,,,,,
,,,,,308966,681.0107,209,,,,,,,,
,,,,,309000,,,-251.48631286621094,-2.028348207473755,10.893505096435547,250.49761962890625,250.63412475585938,0.0003,0.0003,0.1
,,,,,309145,518.54834,179,,,,,,,,
,,,,,309374,735.5404,229,,,,,,,,
,,,,,309592,710.1237,218,,,,,,,,
,,,,,309798,677.64124,206,,,,,,,,
,,,,,309965,547.15015,167,,,,,,,,
646.3868,83.56066,831.13116,547.8363,204.5,310000,,,-248.8945770263672,-2.1706488132476807,88.27754211425781,247.87962341308594,247.3411865234375,0.0003,0.0003,0.1
,,,,,310157,586.8497,192,,,,,,,,
,,,,,310407,778.8258,250,,,,,,,,
,,,,,310594,603.7451,187,,,,,,,,
,,,,,310806,673.9273,212,,,,,,,,
,,,,,310991,582.27356,185,,,,,,,,
,,,,,311000,,,-252.288330078125,-2.1477086544036865,14.829715728759766,250.98443603515625,251.5515594482422,0.0003,0.0003,0.1
,,,,,311220,737.0846,229,,,,,,,,
,,,,,311422,608.26495,202,,,,,,,,
,,,,,311625,641.2237,203,,,,,,,,
,,,,,311812,586.76874,187,,,,,,,,
,,,,,311990,520.8525,178,,,,,,,,
,,,,,312000,,,-250.48123168945312,-2.0547432899475098,7.779392719268799,249.2252197265625,248.97525024414062,0.0003,0.0003,0.1
,,,,,312187,605.37103,197,,,,,,,,
,,,,,312418,743.2131,231,,,,,,,,
,,,,,312635,713.219,217,,,,,,,,
,,,,,312799,532.112,164,,,,,,,,
,,,,,313000,,,-249.35128784179688,-2.0730080604553223,7.668010711669922,246.93698120117188,246.48348999023438,0.0003,0.0003,0.1
,,,,,313002,637.04,203,,,,,,,,
,,,,,313186,539.1398,184,,,,,,,,
,,,,,313376,548.5568,190,,,,,,,,
,,,,,313569,573.4778,193,,,,,,,,
,,,,,313783,711.7468,214,,,,,,,,
,,,,,314000,,,-253.0342254638672,-1.632582187652588,9.234098434448242,252.00022888183594,252.2187957763672,0.0003,0.0003,0.1
,,,,,314016,773.2952,233,,,,,,,,
,,,,,314200,597.0412,184,,,,,,,,
,,,,,314453,806.5038,253,,,,,,,,
,,,,,314669,658.9179,216,,,,,,,,
,,,,,314855,610.3398,186,,,,,,,,
634.8982,85.77538,854.28723,515.4166,201.6,315000,,,-254.67791748046875,-2.1063647270202637,9.714037895202637,253.0806427001953,252.88034057617188,0.0003,0.0003,0.1
,,,,,315093,757.1272,238,,,,,,,,
,,,,,315308,707.5818,215,,,,,,,,
,,,,,315499,595.5996,191,,,,,,,,
,,,,,315687,626.10895,188,,,,,,,,
,,,,,315945,848.2213,258,,,,,,,,
,,,,,316000,,,-250.58648681640625,-1.9830793142318726,27.196178436279297,248.74560546875,249.55044555664062,0.0003,0.0003,0.1
,,,,,316133,601.67957,188,,,,,,,,
,,,,,316337,675.3541,204,,,,,,,,
,,,,,316556,713.4425,219,,,,,,,,
,,,,,316743,562.3982,187,,,,,,,,
,,,,,316935,587.73816,192,,,,,,,,
,,,,,317000,,,-253.85743713378906,-1.9386495351791382,22.11638832092285,251.8544158935547,251.7066192626953,0.0003,0.0003,0.1
,,,,,317164,702.71625,229,,,,,,,,
,,,,,317388,730.10254,224,,,,,,,,
,,,,,317616,729.2466,228,,,,,,,,
,,,,,317836,689.59503,220,,,,,,,,
,,,,,318000,,,-249.36170959472656,-2.616454601287842,15.07493782043457,246.8148956298828,247.18429565429688,0.0003,0.0003,0.1
,,,,,318031,615.9526,195,,,,,,,,
,,,,,318234,653.6375,203,,,,,,,,
,,,,,318450,694.71454,216,,,,,,,,
,,,,,318659,645.44495,209,,,,,,,,
,,,,,318854,641.2672,195,,,,,,,,
,,,,,319000,,,-250.21835327148438,-2.156003952026367,10.017874717712402,249.29637145996094,248.47193908691406,0.0003,0.0003,0.1
,,,,,319061,625.3022,207,,,,,,,,
,,,,,319274,660.8804,213,,,,,,,,
,,,,,319486,685.71924,212,,,,,,,,
,,,,,319733,761.016,247,,,,,,,,
,,,,,319950,706.1818,217,,,,,,,,
608.287,195.97505,821.23114,219.82455,195.5,320000,,,-248.76242065429688,-1.6659448146820068,8.44324779510498,247.50376892089844,247.43136596679688,0.0003,0.0003,0.1
,,,,,320171,713.41907,221,,,,,,,,
,,,,,320451,967.67377,280,,,,,,,,
,,,,,320693,758.5865,242,,,,,,,,
,,,,,320886,610.4936,193,,,,,,,,
,,,,,321000,,,-250.07525634765625,-2.3023531436920166,22.558441162109375,247.27212524414062,246.66128540039062,0.0003,0.0003,0.1
,,,,,321103,701.6579,217,,,,,,,,
,,,,,321333,752.8139,230,,,,,,,,
,,,,,321529,616.4624,196,,,,,,,,
,,,,,321739,655.275,210,,,,,,,,
,,,,,321948,678.7009,209,,,,,,,,
,,,,,322000,,,-254.99659729003906,-1.8384355306625366,35.20558166503906,251.87335205078125,251.59793090820312,0.0003,0.0003,0.1
,,,,,322160,676.0204,212,,,,,,,,
,,,,,322350,618.2087,190,,,,,,,,
,,,,,322559,649.53204,209,,,,,,,,
,,,,,322741,556.74414,182,,,,,,,,
,,,,,322929,592.80914,188,,,,,,,,
,,,,,323000,,,-248.1272735595703,-2.2751002311706543,9.788619995117188,246.4283905029297,246.39991760253906,0.0003,0.0003,0.1
,,,,,323089,415.06088,160,,,,,,,,
,,,,,323260,542.1061,171,,,,,,,,
,,,,,323455,624.5434,195,,,,,,,,
,,,,,323643,625.2182,188,,,,,,,,
,,,,,323856,693.5429,213,,,,,,,,
,,,,,324000,,,-253.6126251220703,-1.932665467262268,8.979525566101074,252.4613800048828,252.94110107421875,0.0003,0.0003,0.1
,,,,,324099,768.52203,243,,,,,,,,
,,,,,324196,233.20099,97,,,,,,,,
,,,,,324390,601.3292,194,,,,,,,,
,,,,,324571,609.93304,181,,,,,,,,
,,,,,324772,664.5224,201,,,,,,,,
,,,,,324999,676.0141,227,,,,,,,,
677.27826,47.247257,761.4881,589.16974,208.6,325000,,,-261.3238830566406,-1.7277822494506836,7.859872341156006,259.4698181152344,259.78411865234375,0.0003,0.0003,0.1
,,,,,325245,784.5223,246,,,,,,,,
,,,,,325472,662.3308,227,,,,,,,,
,,,,,325690,682.2302,218,,,,,,,,
,,,,,325932,747.9,242,,,,,,,,
,,,,,326000,,,-248.86032104492188,-1.999037504196167,6.708740234375,247.4351806640625,247.65509033203125,0.0003,0.0003,0.1
,,,,,326139,695.3339,207,,,,,,,,
,,,,,326382,771.51215,243,,,,,,,,
,,,,,326604,712.1433,222,,,,,,,,
,,,,,326812,683.75195,208,,,,,,,,
,,,,,327000,,,-243.8228302001953,-2.1384453773498535,12.473295211791992,241.81390380859375,241.8657684326172,0.0003,0.0003,0.1
,,,,,327028,660.069,216,,,,,,,,
,,,,,327286,820.37836,258,,,,,,,,
,,,,,327474,561.13,188,,,,,,,,
,,,,,327706,719.0453,232,,,,,,,,
,,,,,327925,717.61066,219,,,,,,,,
,,,,,328000,,,-248.31591796875,-1.8846209049224854,8.572587013244629,247.53086853027344,247.46994018554688,0.0003,0.0003,0.1
,,,,,328188,830.9941,263,,,,,,,,
,,,,,328434,784.8975,246,,,,,,,,
,,,,,328657,676.5247,223,,,,,,,,
,,,,,328858,649.13214,201,,,,,,,,
,,,,,329000,,,-246.2021026611328,-1.6824593544006348,8.19147777557373,245.28599548339844,245.6041717529297,0.0003,0.0003,0.1
,,,,,329127,843.07513,269,,,,,,,,
,,,,,329317,636.02094,190,,,,,,,,
,,,,,329536,717.9075,219,,,,,,,,
,,,,,329748,678.1146,212,,,,,,,,
,,,,,329983,701.2848,235,,,,,,,,
678.18427,156.54985,860.87573,278.46613,220.1,330000,,,-248.152099609375,-2.0891830921173096,8.230892181396484,246.576171875,247.0717315673828,0.0003,0.0003,0.1
,,,,,330208,666.65155,225,,,,,,,,
,,,,,330456,760.47736,248,,,,,,,,
,,,,,330666,672.0973,210,,,,,,,,
,,,,,330877,676.9792,211,,,,,,,,
,,,,,331000,,,-245.2886505126953,-1.7095625400543213,12.328010559082031,243.49838256835938,243.58160400390625,0.0003,0.0003,0.1
,,,,,331132,840.0756,255,,,,,,,,
,,,,,331386,835.1612,254,,,,,,,,
,,,,,331593,640.72363,207,,,,,,,,
,,,,,331859,883.40857,266,,,,,,,,
,,,,,332000,,,-253.29360961914062,-2.0100767612457275,16.533645629882812,252.1241912841797,251.87452697753906,0.0003,0.0003,0.1
,,,,,332070,691.06683,211,,,,,,,,
,,,,,332264,647.0345,194,,,,,,,,
,,,,,332542,802.0574,278,,,,,,,,
,,,,,332755,700.116,213,,,,,,,,
,,,,,332984,712.5082,229,,,,,,,,
,,,,,333000,,,-248.36756896972656,-2.0317623615264893,41.617408752441406,246.83949279785156,246.40875244140625,0.0003,0.0003,0.1
,,,,,333184,689.46936,200,,,,,,,,
,,,,,333384,574.1048,200,,,,,,,,
,,,,,333598,676.8547,214,,,,,,,,
,,,,,333838,752.29095,240,,,,,,,,
,,,,,334000,,,-252.14456176757812,-2.2557077407836914,19.202022552490234,250.14208984375,250.57424926757812,0.0003,0.0003,0.1
,,,,,334048,621.6867,210,,,,,,,,
,,,,,334159,256.58405,111,,,,,,,,
,,,,,334372,668.46094,213,,,,,,,,
,,,,,334570,659.44635,198,,,,,,,,
,,,,,334778,679.37756,208,,,,,,,,
,,,,,334984,622.6293,206,,,,,,,,
534.9141,277.9539,926.16113,227.06464,184.1,335000,,,-258.612548828125,-2.095510244369507,18.669334411621094,256.82012939453125,257.3414611816406,0.0003,0.0003,0.1
,,,,,335207,721.46906,223,,,,,,,,
,,,,,335404,601.9062,197,,,,,,,,
,,,,,335620,706.7765,216,,,,,,,,
,,,,,335823,623.6916,203,,,,,,,,
,,,,,336000,,,-245.38710021972656,-2.0368714332580566,190.4249725341797,242.70973205566406,242.9884033203125,0.0003,0.0003,0.1
,,,,,336053,722.52734,230,,,,,,,,
,,,,,336237,561.48126,184,,,,,,,,
,,,,,336457,699.31335,220,,,,,,,,
,,,,,336664,599.94635,207,,,,,,,,
,,,,,336862,687.9708,198,,,,,,,,
,,,,,337000,,,-260.08917236328125,-1.8311270475387573,11.447641372680664,259.2239685058594,259.3089904785156,0.0003,0.0003,0.1
,,,,,337091,735.6717,229,,,,,,,,
,,,,,337226,368.04694,135,,,,,,,,
,,,,,337397,569.6789,171,,,,,,,,
,,,,,337613,705.66315,216,,,,,,,,
,,,,,337826,678.66656,213,,,,,,,,
,,,,,338000,,,-253.0092010498047,-2.2160325050354004,14.141270637512207,250.82373046875,250.70236206054688,0.0003,0.0003,0.1
,,,,,338069,808.0325,243,,,,,,,,
,,,,,338292,721.7429,223,,,,,,,,
,,,,,338492,603.0467,200,,,,,,,,
,,,,,338710,713.22205,218,,,,,,,,
,,,,,338929,689.9618,219,,,,,,,,
,,,,,339000,,,-252.84017944335938,-2.2354278564453125,8.8745756149292,251.92233276367188,251.70217895507812,0.0003,0.0003,0.1
,,,,,339131,624.13824,202,,,,,,,,
,,,,,339311,601.7958,180,,,,,,,,
,,,,,339530,690.6024,219,,,,,,,,
,,,,,339729,701.72235,199,,,,,,,,
,,,,,339894,466.51633,165,,,,,,,,
684.8757,27.021723,740.1863,643.4849,212.0,340000,,,-252.72886657714844,-2.098841428756714,19.141504287719727,250.59951782226562,249.92747497558594,0.0003,0.0003,0.1
,,,,,340119,737.4385,225,,,,,,,,
,,,,,340342,707.78955,223,,,,,,,,
,,,,,340564,709.95386,222,,,,,,,,
,,,,,340781,707.53625,217,,,,,,,,
,,,,,340979,652.2872,198,,,,,,,,
,,,,,341000,,,-260.3233947753906,-2.077799081802368,14.301666259765625,259.16558837890625,258.5909423828125,0.0003,0.0003,0.1
,,,,,341183,656.2186,204,,,,,,,,
,,,,,341389,651.82294,206,,,,,,,,
,,,,,341598,659.3487,209,,,,,,,,
,,,,,341841,764.3545,243,,,,,,,,
,,,,,342000,,,-248.34303283691406,-2.1956443786621094,17.692174911499023,247.12335205078125,247.0916748046875,0.0003,0.0003,0.1
,,,,,342057,684.81195,216,,,,,,,,
,,,,,342262,639.15686,205,,,,,,,,
,,,,,342470,643.2278,208,,,,,,,,
,,,,,342684,655.1065,214,,,,,,,,
,,,,,342870,623.42365,186,,,,,,,,
,,,,,343000,,,-260.5577087402344,-1.363742470741272,7.67172908782959,259.7611999511719,259.540283203125,0.0003,0.0003,0.1
,,,,,343072,619.87305,202,,,,,,,,
,,,,,343282,663.3869,210,,,,,,,,
,,,,,343489,647.11847,207,,,,,,,,
,,,,,343748,850.78577,259,,,,,,,,
,,,,,343951,629.4635,203,,,,,,,,
,,,,,344000,,,-252.0660858154297,-1.8223084211349487,10.177806854248047,250.990966796875,250.88424682617188,0.0003,0.0003,0.1
,,,,,344150,645.5177,199,,,,,,,,
,,,,,344353,628.07623,203,,,,,,,,
,,,,,344580,714.94226,227,,,,,,,,
,,,,,344778,656.8535,198,,,,,,,,
,,,,,344971,655.3699,193,,,,,,,,
700.2196,49.863655,794.1448,604.1692,214.5,345000,,,-252.3524932861328,-1.7878843545913696,12.026629447937012,251.234619140625,251.37875366210938,0.0003,0.0003,0.1
,,,,,345192,694.18024,221,,,,,,,,
,,,,,345377,560.44183,185,,,,,,,,
,,,,,345592,706.8701,215,,,,,,,,
,,,,,345805,699.0645,213,,,,,,,,
,,,,,346000,,,-253.70068359375,-1.8277329206466675,10.677529335021973,252.6836395263672,252.5271759033203,0.0003,0.0003,0.1
,,,,,346004,605.57904,199,,,,,,,,
,,,,,346208,658.95154,204,,,,,,,,
,,,,,346413,642.035,205,,,,,,,,
,,,,,346612,672.89966,199,,,,,,,,
,,,,,346810,658.983,198,,,,,,,,
,,,,,347000,,,-247.38185119628906,-2.0915207862854004,12.450895309448242,246.3497772216797,246.1238555908203,0.0003,0.0003,0.1
,,,,,347022,725.1755,212,,,,,,,,
,,,,,347155,366.20874,133,,,,,,,,
,,,,,347370,708.51166,215,,,,,,,,
,,,,,347593,750.4736,223,,,,,,,,
,,,,,347810,709.1464,217,,,,,,,,
,,,,,348000,,,-255.48780822753906,-1.6955639123916626,8.071562767028809,254.97927856445312,254.3310089111328,0.0003,0.0003,0.1
,,,,,348038,743.80365,228,,,,,,,,
,,,,,348248,684.98145,210,,,,,,,,
,,,,,348446,657.3683,198,,,,,,,,
,,,,,348649,701.6575,203,,,,,,,,
,,,,,348903,845.0274,254,,,,,,,,
,,,,,349000,,,-252.23814392089844,-1.715578556060791,14.882331848144531,250.41647338867188,250.2076416015625,0.0003,0.0003,0.1
,,,,,349111,646.47876,208,,,,,,,,
,,,,,349383,928.88885,272,,,,,,,,
,,,,,349666,917.5406,283,,,,,,,,
,,,,,349786,296.57965,120,,,,,,,,
692.3623,218.3321,906.6247,267.31296,217.1,350000,,,-262.4949951171875,-1.6490228176116943,7.779277801513672,261.44012451171875,261.38958740234375,0.0003,0.0003,0.1
,,,,,350028,781.5787,242,,,,,,,,
,,,,,350240,679.6919,212,,,,,,,,
,,,,,350472,778.9988,232,,,,,,,,
,,,,,350691,709.491,219,,,,,,,,
,,,,,350904,678.3558,213,,,,,,,,
,,,,,351000,,,-241.8057861328125,-2.2421875,8.07261848449707,240.50625610351562,240.5405731201172,0.0003,0.0003,0.1
,,,,,351124,736.2369,220,,,,,,,,
,,,,,351330,623.0318,206,,,,,,,,
,,,,,351538,659.2098,208,,,,,,,,
,,,,,351751,714.19073,213,,,,,,,,
,,,,,351983,752.3253,232,,,,,,,,
,,,,,352000,,,-252.01480102539062,-2.0737617015838623,13.031108856201172,250.48214721679688,250.5743865966797,0.0003,0.0003,0.1
,,,,,352147,527.62177,164,,,,,,,,
,,,,,352382,754.2778,235,,,,,,,,
,,,,,352639,798.61414,257,,,,,,,,
,,,,,352855,670.4368,216,,,,,,,,
,,,,,353000,,,-254.14846801757812,-1.6189827919006348,10.398771286010742,253.1005096435547,253.05856323242188,0.0003,0.0003,0.1
,,,,,353099,791.0698,244,,,,,,,,
,,,,,353338,757.6962,239,,,,,,,,
,,,,,353557,695.0398,219,,,,,,,,
,,,,,353757,655.8224,200,,,,,,,,
,,,,,353959,680.262,202,,,,,,,,
,,,,,354000,,,-247.98028564453125,-2.013413190841675,11.767333984375,246.70980834960938,246.5205535888672,0.0003,0.0003,0.1
,,,,,354176,649.1162,217,,,,,,,,
,,,,,354411,742.9325,235,,,,,,,,
,,,,,354610,632.65155,199,,,,,,,,
,,,,,354846,765.5829,236,,,,,,,,
688.86304,48.65198,767.49005,607.87683,220.4,355000,,,-244.02532958984375,-2.3221421241760254,10.92884635925293,243.11672973632812,242.58010864257812,0.0003,0.0003,0.1
,,,,,355045,622.29663,199,,,,,,,,
,,,,,355283,734.437,238,,,,,,,,
,,,,,355541,808.63403,258,,,,,,,,
,,,,,355746,685.2787,205,,,,,,,,
,,,,,355984,801.30457,238,,,,,,,,
,,,,,356000,,,-257.251708984375,-1.9679293632507324,80.53095245361328,253.26296997070312,253.9800262451172,0.0003,0.0003,0.1
,,,,,356207,742.5876,223,,,,,,,,
,,,,,356399,599.2771,192,,,,,,,,
,,,,,356638,781.75006,239,,,,,,,,
,,,,,356842,667.7677,204,,,,,,,,
,,,,,357000,,,-258.0600891113281,-1.9939541816711426,9.980812072753906,256.337646484375,256.4089660644531,0.0003,0.0003,0.1
,,,,,357059,668.79706,217,,,,,,,,
,,,,,357257,603.687,198,,,,,,,,
,,,,,357467,676.62555,210,,,,,,,,
,,,,,357683,714.2457,216,,,,,,,,
,,,,,357899,712.8407,216,,,,,,,,
,,,,,358000,,,-246.7960968017578,-2.1545515060424805,14.363518714904785,245.34774780273438,244.8201446533203,0.0003,0.0003,0.1
,,,,,358106,625.42664,207,,,,,,,,
,,,,,358341,730.15265,235,,,,,,,,
,,,,,358586,820.5807,245,,,,,,,,
,,,,,358820,734.56604,234,,,,,,,,
,,,,,359000,,,-247.51315307617188,-2.018610715866089,8.313289642333984,246.4281463623047,246.68417358398438,0.0003,0.0003,0.1
,,,,,359006,586.67633,186,,,,,,,,
,,,,,359288,929.18085,282,,,,,,,,
,,,,,359510,683.6016,222,,,,,,,,
,,,,,359762,763.9779,252,,,,,,,,
677.36566,35.991398,754.16815,612.6257,207.0,360000,,,-254.37554931640625,-1.6948738098144531,11.400188446044922,252.9237060546875,252.94281005859375,0.0003,0.0003,0.1
,,,,,360060,963.5324,298,,,,,,,,
,,,,,360289,733.41595,229,,,,,,,,
,,,,,360494,667.2328,205,,,,,,,,
,,,,,360732,772.53424,238,,,,,,,,
,,,,,360979,833.6848,247,,,,,,,,
,,,,,361000,,,-254.1867218017578,-1.9106602668762207,7.359340667724609,253.34042358398438,253.31158447265625,0.0003,0.0003,0.1
,,,,,361193,687.3908,214,,,,,,,,
,,,,,361411,694.8882,218,,,,,,,,
,,,,,361634,691.2861,223,,,,,,,,
,,,,,361865,768.606,231,,,,,,,,
,,,,,362000,,,-252.47552490234375,-1.838587760925293,11.019735336303711,250.62200927734375,250.6563262939453,0.0003,0.0003,0.1
,,,,,362119,826.8674,254,,,,,,,,
,,,,,362322,671.6692,203,,,,,,,,
,,,,,362552,691.30756,230,,,,,,,,
,,,,,362793,757.79553,241,,,,,,,,
,,,,,363000,,,-251.8795623779297,-2.3686652183532715,6.9968132972717285,249.83612060546875,249.41827392578125,0.0003,0.0003,0.1
,,,,,363015,714.1097,222,,,,,,,,
,,,,,363261,750.9038,246,,,,,,,,
,,,,,363538,926.9358,277,,,,,,,,
,,,,,363677,313.6762,139,,,,,,,,
,,,,,363892,682.91815,215,,,,,,,,
,,,,,364000,,,-253.66522216796875,-1.7431799173355103,9.55489444732666,252.78558349609375,252.9404296875,0.0003,0.0003,0.1
,,,,,364132,780.6001,240,,,,,,,,
,,,,,364329,637.97784,197,,,,,,,,
,,,,,364566,766.5733,237,,,,,,,,
,,,,,364762,597.1377,196,,,,,,,,
,,,,,364989,717.40674,227,,,,,,,,
670.0438,82.944084,791.15784,564.818,211.0,365000,,,-248.40594482421875,-1.8691840171813965,11.988606452941895,246.4730682373047,246.75634765625,0.0003,0.0003,0.1
,,,,,365221,747.1738,232,,,,,,,,
,,,,,365462,770.1174,241,,,,,,,,
,,,,,365736,948.23505,274,,,,,,,,
,,,,,365959,711.89484,223,,,,,,,,
,,,,,366000,,,-255.02255249023438,-2.0763072967529297,7.610287666320801,253.51614379882812,253.745361328125,0.0003,0.0003,0.1
,,,,,366189,674.8098,230,,,,,,,,
,,,,,366395,605.05695,206,,,,,,,,
,,,,,366600,605.27454,205,,,,,,,,
,,,,,366820,674.0061,220,,,,,,,,
,,,,,367000,,,-253.21640014648438,-1.8544927835464478,9.627118110656738,252.29977416992188,252.0685577392578,0.0003,0.0003,0.1
,,,,,367052,780.0035,232,,,,,,,,
,,,,,367275,679.6449,223,,,,,,,,
,,,,,367481,659.14343,206,,,,,,,,
,,,,,367686,639.88586,205,,,,,,,,
,,,,,367886,613.8281,200,,,,,,,,
,,,,,368000,,,-252.3041534423828,-2.1241462230682373,9.992317199707031,250.92945861816406,251.92967224121094,0.0003,0.0003,0.1
,,,,,368090,643.1548,204,,,,,,,,
,,,,,368320,729.1996,230,,,,,,,,
,,,,,368566,811.941,246,,,,,,,,
,,,,,368780,682.8824,214,,,,,,,,
,,,,,369000,,,-241.0086669921875,-1.702319622039795,7.973171710968018,238.93287658691406,239.32666015625,0.0003,0.0003,0.1
,,,,,369022,781.6705,242,,,,,,,,
,,,,,369220,652.579,198,,,,,,,,
,,,,,369408,569.73193,188,,,,,,,,
,,,,,369640,783.6199,232,,,,,,,,
,,,,,369854,657.475,214,,,,,,,,
625.1635,24.730747,667.9322,580.3755,189.4,370000,,,-253.5511474609375,-2.0782289505004883,10.14780044555664,252.08804321289062,251.9262237548828,0.0003,0.0003,0.1
,,,,,370060,654.6741,206,,,,,,,,
,,,,,370241,525.1192,181,,,,,,,,
,,,,,370442,640.5613,201,,,,,,,,
,,,,,370630,569.45215,188,,,,,,,,
,,,,,370856,738.03674,226,,,,,,,,
,,,,,371000,,,-248.74349975585938,-1.8304728269577026,14.30233383178711,246.55259704589844,246.24044799804688,0.0003,0.0003,0.1
,,,,,371067,669.7944,211,,,,,,,,
,,,,,371303,752.29114,236,,,,,,,,
,,,,,371492,579.2451,189,,,,,,,,
,,,,,371692,682.4124,200,,,,,,,,
,,,,,371952,852.20355,260,,,,,,,,
,,,,,372000,,,-252.15390014648438,-1.4003344774246216,18.664857864379883,250.57662963867188,250.54832458496094,0.0003,0.0003,0.1
,,,,,372175,683.6273,223,,,,,,,,
,,,,,372416,740.0782,241,,,,,,,,
,,,,,372510,209.6923,94,,,,,,,,
,,,,,372603,206.82507,93,,,,,,,,
,,,,,372819,677.7623,216,,,,,,,,
,,,,,373000,,,-257.0170593261719,-1.4634461402893066,7.271178722381592,256.3287658691406,255.9003143310547,0.0003,0.0003,0.1
,,,,,373013,585.1851,194,,,,,,,,
,,,,,373204,589.153,191,,,,,,,,
,,,,,373424,720.9147,220,,,,,,,,
,,,,,373639,688.55786,215,,,,,,,,
,,,,,373873,730.9637,234,,,,,,,,
,,,,,374000,,,-259.8790588378906,-1.9138898849487305,8.17199993133545,258.2664489746094,258.7362060546875,0.0003,0.0003,0.1
,,,,,374073,636.2183,200,,,,,,,,
,,,,,374194,300.15652,121,,,,,,,,
,,,,,374447,863.9306,253,,,,,,,,
,,,,,374668,773.32007,221,,,,,,,,
,,,,,374893,669.71796,225,,,,,,,,
708.49,32.355553,781.1386,668.9173,217.9,375000,,,-254.74562072753906,-2.0757083892822266,6.429977893829346,253.60177612304688,253.8880157470703,0.0003,0.0003,0.1
,,,,,375135,746.84,242,,,,,,,,
,,,,,375364,732.538,229,,,,,,,,
,,,,,375585,658.8989,221,,,,,,,,
,,,,,375812,746.9065,227,,,,,,,,
,,,,,376000,,,-256.4881591796875,-1.9256749153137207,9.743908882141113,255.35397338867188,255.7466583251953,0.0003,0.0003,0.1
,,,,,376014,639.1724,202,,,,,,,,
,,,,,376215,672.724,201,,,,,,,,
,,,,,376441,679.81226,226,,,,,,,,
,,,,,376664,717.5728,223,,,,,,,,
,,,,,376886,665.0761,222,,,,,,,,
,,,,,377000,,,-257.478759765625,-1.7725423574447632,11.009749412536621,256.4492492675781,256.4989318847656,0.0003,0.0003,0.1
,,,,,377098,673.50824,212,,,,,,,,
,,,,,377320,667.6369,222,,,,,,,,
,,,,,377518,549.4687,198,,,,,,,,
,,,,,377808,855.8124,290,,,,,,,,
,,,,,378000,,,-247.1683807373047,-1.7719101905822754,18.63330078125,245.4952850341797,244.47923278808594,0.0003,0.0003,0.1
,,,,,378011,627.4504,203,,,,,,,,
,,,,,378184,501.82852,173,,,,,,,,
,,,,,378390,661.10736,206,,,,,,,,
,,,,,378590,621.4112,200,,,,,,,,
,,,,,378785,621.21936,195,,,,,,,,
,,,,,378976,557.6797,191,,,,,,,,
,,,,,379000,,,-245.66824340820312,-2.09032940864563,16.4744815826416,243.22836303710938,243.32754516601562,0.0003,0.0003,0.1
,,,,,379168,589.96234,192,,,,,,,,
,,,,,379399,670.42474,231,,,,,,,,
,,,,,379590,583.5483,191,,,,,,,,
,,,,,379785,613.0644,195,,,,,,,,
,,,,,379982,555.5941,197,,,,,,,,
655.1437,44.691044,768.0481,602.3931,201.7,380000,,,-253.7100830078125,-1.7067557573318481,10.171618461608887,252.49264526367188,252.7294921875,0.0003,0.0003,0.1
,,,,,380189,666.28564,207,,,,,,,,
,,,,,380431,775.8063,242,,,,,,,,
,,,,,380637,669.1682,206,,,,,,,,
,,,,,380865,718.12396,228,,,,,,,,
,,,,,381000,,,-243.94766235351562,-2.1473023891448975,9.82599925994873,242.8844757080078,242.96836853027344,0.0003,0.0003,0.1
,,,,,381087,741.5352,222,,,,,,,,
,,,,,381296,665.32855,209,,,,,,,,
,,,,,381505,695.8104,209,,,,,,,,
,,,,,381713,633.2138,208,,,,,,,,
,,,,,381919,613.8748,206,,,,,,,,
,,,,,382000,,,-260.44317626953125,-2.0283145904541016,16.982145309448242,259.32403564453125,259.6489562988281,0.0003,0.0003,0.1
,,,,,382159,779.58435,240,,,,,,,,
,,,,,382364,637.0544,205,,,,,,,,
,,,,,382555,609.7765,191,,,,,,,,
,,,,,382772,690.5805,217,,,,,,,,
,,,,,382985,672.4478,213,,,,,,,,
,,,,,383000,,,-248.4583740234375,-2.1010305881500244,8.798062324523926,247.01150512695312,247.4474334716797,0.0003,0.0003,0.1
,,,,,383188,670.49744,203,,,,,,,,
,,,,,383413,753.468,225,,,,,,,,
,,,,,383605,570.10565,192,,,,,,,,
,,,,,383793,603.6277,188,,,,,,,,
,,,,,384000,,,-252.36007690429688,-2.0854849815368652,9.810394287109375,250.39633178710938,250.21630859375,0.0003,0.0003,0.1
,,,,,384005,674.72974,212,,,,,,,,
,,,,,384222,679.6175,217,,,,,,,,
,,,,,384472,826.30334,250,,,,,,,,
,,,,,384673,679.6409,201,,,,,,,,
,,,,,384888,695.2438,215,,,,,,,,
613.78796,90.17981,742.06647,478.8703,197.0,385000,,,-259.9330749511719,-2.271214246749878,9.234806060791016,257.93524169921875,257.303466796875,0.0003,0.0003,0.1
,,,,,385144,841.73944,256,,,,,,,,
,,,,,385330,578.79877,186,,,,,,,,
,,,,,385502,482.21762,172,,,,,,,,
,,,,,385709,708.127,207,,,,,,,,
,,,,,385994,943.42847,285,,,,,,,,
,,,,,386000,,,-252.90379333496094,-2.09499192237854,9.73054313659668,250.71121215820312,250.89154052734375,0.0003,0.0003,0.1
,,,,,386199,704.26086,205,,,,,,,,
,,,,,386381,582.08905,182,,,,,,,,
,,,,,386598,631.692,217,,,,,,,,
,,,,,386772,497.5968,174,,,,,,,,
,,,,,386993,707.48987,221,,,,,,,,
,,,,,387000,,,-254.92601013183594,-1.8226479291915894,6.66847038269043,254.05360412597656,254.42642211914062,0.0003,0.0003,0.1
,,,,,387161,464.76288,168,,,,,,,,
,,,,,387361,612.07324,200,,,,,,,,
,,,,,387516,432.99594,155,,,,,,,,
,,,,,387677,459.27753,161,,,,,,,,
,,,,,387842,462.64374,165,,,,,,,,
,,,,,388000,,,-250.41812133789062,-2.0303494930267334,19.204547882080078,249.31260681152344,248.75289916992188,0.0003,0.0003,0.1
,,,,,388049,627.71796,207,,,,,,,,
,,,,,388238,573.33344,189,,,,,,,,
,,,,,388440,651.1305,202,,,,,,,,
,,,,,388659,683.0279,219,,,,,,,,
,,,,,388874,753.88873,215,,,,,,,,
,,,,,389000,,,-255.3638153076172,-1.816008448600769,9.922233581542969,254.32916259765625,254.38079833984375,0.0003,0.0003,0.1
,,,,,389058,623.6234,184,,,,,,,,
,,,,,389267,691.71326,209,,,,,,,,
,,,,,389473,678.6881,206,,,,,,,,
,,,,,389739,899.8914,266,,,,,,,,
,,,,,389957,735.7594,218,,,,,,,,
652.2895,80.03384,765.7788,472.0341,194.9,390000,,,-251.27096557617188,-1.9446747303009033,25.808961868286133,249.17465209960938,249.66806030273438,0.0003,0.0003,0.1
,,,,,390183,731.64764,226,,,,,,,,
,,,,,390411,744.6605,228,,,,,,,,
,,,,,390612,698.5995,201,,,,,,,,
,,,,,390774,453.9302,162,,,,,,,,
,,,,,390976,699.9293,202,,,,,,,,
,,,,,391000,,,-264.68157958984375,-2.0769455432891846,7.8809590339660645,263.26055908203125,263.74102783203125,0.0003,0.0003,0.1
,,,,,391174,654.06726,198,,,,,,,,
,,,,,391373,686.50916,199,,,,,,,,
,,,,,391573,655.69025,200,,,,,,,,
,,,,,391791,699.0813,218,,,,,,,,
,,,,,391994,698.2721,203,,,,,,,,
,,,,,392000,,,-262.8669738769531,-1.7574186325073242,39.13618850708008,261.41729736328125,261.5263977050781,0.0003,0.0003,0.1
,,,,,392215,718.2998,221,,,,,,,,
,,,,,392423,666.31995,208,,,,,,,,
,,,,,392620,635.16925,197,,,,,,,,
,,,,,392820,662.86945,200,,,,,,,,
,,,,,393000,,,-249.2549591064453,-1.6605786085128784,17.194700241088867,248.111572265625,248.80348205566406,0.0003,0.0003,0.1
,,,,,393029,730.00165,209,,,,,,,,
,,,,,393189,505.91144,160,,,,,,,,
,,,,,393412,743.02356,223,,,,,,,,
,,,,,393604,624.2697,192,,,,,,,,
,,,,,393780,579.09656,176,,,,,,,,
,,,,,394000,,,-253.1163330078125,-2.239917278289795,18.96184730529785,251.2270965576172,251.92453002929688,0.0003,0.0003,0.1
,,,,,394003,732.92834,223,,,,,,,,
,,,,,394197,624.0284,194,,,,,,,,
,,,,,394442,800.765,245,,,,,,,,
,,,,,394660,711.92285,218,,,,,,,,
,,,,,394899,740.67993,239,,,,,,,,
535.7643,256.25046,750.8894,34.207066,168.9,395000,,,-256.1330261230469,-1.9185508489608765,9.182195663452148,255.0445556640625,255.57130432128906,0.0003,0.0003,0.1
,,,,,395068,524.4908,169,,,,,,,,
,,,,,395245,528.40424,177,,,,,,,,
,,,,,395545,941.794,300,,,,,,,,
,,,,,395735,617.0611,190,,,,,,,,
,,,,,395924,642.977,189,,,,,,,,
,,,,,396000,,,-245.90292358398438,-2.136688709259033,10.633293151855469,244.73007202148438,245.61175537109375,0.0003,0.0003,0.1
,,,,,396102,484.0551,178,,,,,,,,
,,,,,396400,941.7472,298,,,,,,,,
,,,,,396596,562.1509,196,,,,,,,,
,,,,,396782,598.0433,186,,,,,,,,
,,,,,396972,597.9987,190,,,,,,,,
,,,,,397000,,,-252.64700317382812,-1.6644344329833984,6.323155403137207,251.37860107421875,251.44235229492188,0.0003,0.0003,0.1
,,,,,397197,698.3861,225,,,,,,,,
,,,,,397376,600.3659,179,,,,,,,,
,,,,,397572,667.3823,196,,,,,,,,
,,,,,397757,600.68164,185,,,,,,,,
,,,,,397946,635.1888,189,,,,,,,,
,,,,,398000,,,-251.25352478027344,-2.36993670463562,356.60760498046875,249.29331970214844,248.69847106933594,0.0003,0.0003,0.1
,,,,,398124,582.19415,178,,,,,,,,
,,,,,398324,680.7143,200,,,,,,,,
,,,,,398527,674.4724,203,,,,,,,,
,,,,,398716,663.7115,189,,,,,,,,
,,,,,398897,606.06915,181,,,,,,,,
,,,,,399000,,,-255.8553924560547,-1.9840772151947021,14.786293029785156,253.5863494873047,254.67233276367188,0.0003,0.0003,0.1
,,,,,399109,691.221,212,,,,,,,,
,,,,,399444,1039.8038,335,,,,,,,,
,,,,,399639,662.43555,195,,,,,,,,
,,,,,399902,857.5796,263,,,,,,,,
696.054,78.30519,815.79504,574.36554,212.0,400000,,,-251.42434692382812,-2.0576236248016357,12.149112701416016,249.6929931640625,249.66009521484375,0.0003,0.0003,0.1
,,,,,400137,773.2706,235,,,,,,,,
,,,,,400332,657.16736,195,,,,,,,,
,,,,,400550,675.66895,218,,,,,,,,
,,,,,400706,482.58685,156,,,,,,,,
,,,,,400883,565.02765,177,,,,,,,,
,,,,,401000,,,-263.3667297363281,-1.7571560144424438,8.83741283416748,262.4387512207031,261.8800048828125,0.0003,0.0003,0.1
,,,,,401067,589.1106,184,,,,,,,,
,,,,,401247,579.889,180,,,,,,,,
,,,,,401459,645.26074,212,,,,,,,,
,,,,,401757,925.8893,298,,,,,,,,
,,,,,401920,445.526,163,,,,,,,,
,,,,,402000,,,-259.32147216796875,-1.5782195329666138,28.010520935058594,257.9910888671875,257.8324279785156,0.0003,0.0003,0.1
,,,,,402098,568.97736,178,,,,,,,,
,,,,,402311,655.1774,213,,,,,,,,
,,,,,402510,658.334,199,,,,,,,,
,,,,,402698,605.0424,188,,,,,,,,
,,,,,402915,646.74194,217,,,,,,,,
,,,,,403000,,,-249.34210205078125,-1.7427842617034912,7.5892767906188965,248.14218139648438,247.98269653320312,0.0003,0.0003,0.1
,,,,,403131,693.19745,216,,,,,,,,
,,,,,403322,643.4463,191,,,,,,,,
,,,,,403533,727.4253,211,,,,,,,,
,,,,,403713,557.888,180,,,,,,,,
,,,,,403958,804.0908,245,,,,,,,,
,,,,,404000,,,-261.9892578125,-1.6764038801193237,8.43549919128418,260.7105407714844,260.1918640136719,0.0003,0.0003,0.1
,,,,,404194,762.5842,236,,,,,,,,
,,,,,404417,713.7711,223,,,,,,,,
,,,,,404586,543.758,169,,,,,,,,
,,,,,404797,709.02185,211,,,,,,,,
,,,,,404992,639.98376,195,,,,,,,,
629.88794,101.61113,799.2294,470.71652,196.0,405000,,,-259.146240234375,-1.5061914920806885,9.102177619934082,257.6164245605469,256.8991394042969,0.0003,0.0003,0.1
,,,,,405184,628.8777,192,,,,,,,,
,,,,,405408,684.21497,224,,,,,,,,
,,,,,405602,625.37994,194,,,,,,,,
,,,,,405797,658.9213,195,,,,,,,,
,,,,,405981,585.8851,184,,,,,,,,
,,,,,406000,,,-251.78965759277344,-1.8550502061843872,8.458605766296387,250.60003662109375,250.72166442871094,0.0003,0.0003,0.1
,,,,,406183,650.3145,202,,,,,,,,
,,,,,406399,717.7685,216,,,,,,,,
,,,,,406622,738.3634,223,,,,,,,,
,,,,,406828,661.14417,206,,,,,,,,
,,,,,406963,341.27878,135,,,,,,,,
,,,,,407000,,,-258.5003967285156,-2.2045836448669434,11.672325134277344,256.0068054199219,255.79443359375,0.0003,0.0003,0.1
,,,,,407093,329.28702,130,,,,,,,,
,,,,,407299,724.48193,206,,,,,,,,
,,,,,407514,703.43494,215,,,,,,,,
,,,,,407680,484.27295,166,,,,,,,,
,,,,,407892,701.0761,212,,,,,,,,
,,,,,408000,,,-253.42514038085938,-2.3578288555145264,16.518468856811523,252.62939453125,251.5006866455078,0.0003,0.0003,0.1
,,,,,408098,679.94183,206,,,,,,,,
,,,,,408275,466.59607,177,,,,,,,,
,,,,,408513,780.0421,238,,,,,,,,
,,,,,408716,677.43207,203,,,,,,,,
,,,,,408921,685.50165,205,,,,,,,,
,,,,,409000,,,-247.7991485595703,-2.1915414333343506,7.6124958992004395,246.36761474609375,246.73873901367188,0.0003,0.0003,0.1
,,,,,409190,881.50366,269,,,,,,,,
,,,,,409405,729.9208,215,,,,,,,,
,,,,,409615,700.2978,210,,,,,,,,
,,,,,409826,702.77716,211,,,,,,,,
692.9445,47.587856,762.6537,619.7181,214.0,410000,,,-258.3990173339844,-1.8524024486541748,8.515268325805664,256.887939453125,256.8186340332031,0.0003,0.0003,0.1
,,,,,410040,704.9758,214,,,,,,,,
,,,,,410238,646.7809,198,,,,,,,,
,,,,,410456,753.4545,218,,,,,,,,
,,,,,410679,711.924,223,,,,,,,,
,,,,,410879,647.8752,200,,,,,,,,
,,,,,411000,,,-262.341064453125,-1.8820302486419678,11.051880836486816,259.8965148925781,259.954833984375,0.0003,0.0003,0.1
,,,,,411058,537.4876,179,,,,,,,,
,,,,,411266,688.9805,208,,,,,,,,
,,,,,411467,663.7817,201,,,,,,,,
,,,,,411667,686.2904,200,,,,,,,,
,,,,,411852,546.93616,185,,,,,,,,
,,,,,412000,,,-266.4400634765625,-1.5889220237731934,12.507545471191406,264.6084899902344,264.3554992675781,0.0003,0.0003,0.1
,,,,,412012,469.01276,160,,,,,,,,
,,,,,412225,673.2098,213,,,,,,,,
,,,,,412400,535.1897,175,,,,,,,,
,,,,,412488,196.88719,88,,,,,,,,
,,,,,412696,705.4813,208,,,,,,,,
,,,,,412888,654.7018,192,,,,,,,,
,,,,,413000,,,-264.1045837402344,-1.6123876571655273,13.888712882995605,262.3550720214844,262.46478271484375,0.0003,0.0003,0.1
,,,,,413086,683.9191,198,,,,,,,,
,,,,,413334,749.3419,248,,,,,,,,
,,,,,413556,726.751,222,,,,,,,,
,,,,,413724,509.28537,168,,,,,,,,
,,,,,413889,510.912,165,,,,,,,,
,,,,,414000,,,-257.54931640625,-1.7407019138336182,9.129979133605957,255.43540954589844,255.89227294921875,0.0003,0.0003,0.1
,,,,,414069,551.6253,180,,,,,,,,
,,,,,414324,806.9212,255,,,,,,,,
,,,,,414502,562.9622,178,,,,,,,,
,,,,,414701,640.5634,199,,,,,,,,
,,,,,414932,732.83496,231,,,,,,,,
660.32635,64.19369,808.46155,555.1396,200.0,415000,,,-256.52850341796875,-1.787980079650879,11.848753929138184,255.40957641601562,255.4067840576172,0.0003,0.0003,0.1
,,,,,415146,719.28217,214,,,,,,,,
,,,,,415332,602.963,186,,,,,,,,
,,,,,415522,635.40875,190,,,,,,,,
,,,,,415702,532.7962,180,,,,,,,,
,,,,,415854,460.3447,152,,,,,,,,
,,,,,416000,,,-257.08001708984375,-1.927359938621521,10.61343765258789,255.34274291992188,255.10276794433594,0.0003,0.0003,0.1
,,,,,416032,572.5036,178,,,,,,,,
,,,,,416220,611.04114,188,,,,,,,,
,,,,,416420,682.48395,200,,,,,,,,
,,,,,416616,629.63947,196,,,,,,,,
,,,,,416845,717.3159,229,,,,,,,,
,,,,,417000,,,-248.50242614746094,-2.1818275451660156,15.087148666381836,247.28045654296875,247.5128631591797,0.0003,0.0003,0.1
,,,,,417055,708.5239,210,,,,,,,,
,,,,,417242,600.0855,187,,,,,,,,
,,,,,417459,656.701,217,,,,,,,,
,,,,,417685,750.3246,226,,,,,,,,
,,,,,417891,690.31,206,,,,,,,,
,,,,,418000,,,-262.6534423828125,-1.7853835821151733,10.886662483215332,261.8128356933594,262.2795104980469,0.0003,0.0003,0.1
,,,,,418129,779.7364,238,,,,,,,,
,,,,,418349,715.6758,220,,,,,,,,
,,,,,418556,717.4354,207,,,,,,,,
,,,,,418755,658.7311,199,,,,,,,,
,,,,,418968,682.6631,213,,,,,,,,
,,,,,419000,,,-252.1846923828125,-2.2549221515655518,14.276398658752441,251.0997772216797,250.6267547607422,0.0003,0.0003,0.1
,,,,,419178,635.87524,210,,,,,,,,
,,,,,419376,679.44556,198,,,,,,,,
,,,,,419398,32.940502,22,,,,,,,,
,,,,,419584,581.0185,186,,,,,,,,
,,,,,419780,649.1637,196,,,,,,,,
,,,,,419978,664.41547,198,,,,,,,,
647.4977,156.65947,800.1492,207.93663,199.2,420000,,,-262.1192626953125,-1.5940334796905518,8.354877471923828,260.8044738769531,260.82232666015625,0.0003,0.0003,0.1
,,,,,420210,780.26434,232,,,,,,,,
,,,,,420363,461.0183,153,,,,,,,,
,,,,,420585,740.6557,222,,,,,,,,
,,,,,420795,588.4672,210,,,,,,,,
,,,,,420826,49.61978,31,,,,,,,,
,,,,,421000,,,-257.16357421875,-2.0319983959198,20.68401527404785,255.44886779785156,255.3309783935547,0.0003,0.0003,0.1
,,,,,421073,826.4218,247,,,,,,,,
,,,,,421293,706.40674,220,,,,,,,,
,,,,,421495,625.2627,202,,,,,,,,
,,,,,421697,677.60657,202,,,,,,,,
,,,,,421916,690.1361,219,,,,,,,,
,,,,,422000,,,-255.4594268798828,-1.9647881984710693,86.6095962524414,253.70826721191406,253.34695434570312,0.0003,0.0003,0.1
,,,,,422137,661.40906,221,,,,,,,,
,,,,,422344,667.74243,207,,,,,,,,
,,,,,422376,51.70491,32,,,,,,,,
,,,,,422584,702.03705,208,,,,,,,,
,,,,,422802,736.7404,218,,,,,,,,
,,,,,423000,,,-252.04922485351562,-2.171168088912964,17.865188598632812,250.7815399169922,250.1427001953125,0.0003,0.0003,0.1
,,,,,423031,801.102,229,,,,,,,,
,,,,,423260,721.90344,229,,,,,,,,
,,,,,423455,636.19086,195,,,,,,,,
,,,,,423651,595.09906,196,,,,,,,,
,,,,,423851,657.5823,200,,,,,,,,
,,,,,424000,,,-258.35894775390625,-1.944676399230957,8.372661590576172,257.5938720703125,257.7300720214844,0.0003,0.0003,0.1
,,,,,424061,672.4558,210,,,,,,,,
,,,,,424267,713.8283,206,,,,,,,,
,,,,,424484,651.0593,217,,,,,,,,
,,,,,424681,616.4716,197,,,,,,,,
,,,,,424893,722.2458,212,,,,,,,,
692.8212,27.2016,734.28424,644.308,203.0,425000,,,-259.95013427734375,-1.7196134328842163,12.532564163208008,258.73016357421875,258.2308349609375,0.0003,0.0003,0.1
,,,,,425105,701.65546,212,,,,,,,,
,,,,,425316,692.1401,211,,,,,,,,
,,,,,425535,769.413,219,,,,,,,,
,,,,,425747,720.18195,212,,,,,,,,
,,,,,425962,696.11597,215,,,,,,,,
,,,,,426000,,,-259.92333984375,-1.5239065885543823,38.222900390625,258.4941711425781,259.3603515625,0.0003,0.0003,0.1
,,,,,426184,715.92944,222,,,,,,,,
,,,,,426388,651.07697,204,,,,,,,,
,,,,,426601,646.0624,213,,,,,,,,
,,,,,426821,739.427,220,,,,,,,,
,,,,,427000,,,-256.3744201660156,-1.5845685005187988,13.306931495666504,255.0471649169922,255.75819396972656,0.0003,0.0003,0.1
,,,,,427020,636.5377,199,,,,,,,,
,,,,,427209,534.1647,189,,,,,,,,
,,,,,427413,659.7429,204,,,,,,,,
,,,,,427545,345.78854,132,,,,,,,,
,,,,,427762,739.28644,217,,,,,,,,
,,,,,427952,619.4463,190,,,,,,,,
,,,,,428000,,,-256.52081298828125,-1.6429691314697266,9.8123779296875,255.36325073242188,255.17044067382812,0.0003,0.0003,0.1
,,,,,428160,643.1005,208,,,,,,,,
,,,,,428444,884.83966,284,,,,,,,,
,,,,,428650,661.0174,206,,,,,,,,
,,,,,428901,858.2366,251,,,,,,,,
,,,,,429000,,,-260.0395202636719,-1.6890168190002441,9.443849563598633,259.0264892578125,258.3924255371094,0.0003,0.0003,0.1
,,,,,429052,417.32394,151,,,,,,,,
,,,,,429263,692.70245,211,,,,,,,,
,,,,,429489,733.5775,226,,,,,,,,
,,,,,429702,713.5821,213,,,,,,,,
,,,,,429938,755.6888,236,,,,,,,,
661.6113,101.50885,889.3326,550.23615,207.0,430000,,,-263.2446594238281,-1.613095760345459,20.282697677612305,260.7930908203125,260.2815246582031,0.0003,0.0003,0.1
,,,,,430139,602.45807,201,,,,,,,,
,,,,,430326,576.011,187,,,,,,,,
,,,,,430463,343.22943,137,,,,,,,,
,,,,,430663,635.7292,200,,,,,,,,
,,,,,430884,708.20197,221,,,,,,,,
,,,,,431000,,,-257.3833312988281,-2.0609378814697266,9.059410095214844,256.48504638671875,256.8142395019531,0.0003,0.0003,0.1
,,,,,431088,632.2269,204,,,,,,,,
,,,,,431265,560.63794,177,,,,,,,,
,,,,,431480,719.9014,215,,,,,,,,
,,,,,431710,795.12714,230,,,,,,,,
,,,,,431896,598.15375,186,,,,,,,,
,,,,,432000,,,-259.29058837890625,-1.6128675937652588,14.967619895935059,258.0064697265625,257.58074951171875,0.0003,0.0003,0.1
,,,,,432090,607.5137,194,,,,,,,,
,,,,,432307,736.82324,217,,,,,,,,
,,,,,432517,628.76685,210,,,,,,,,
,,,,,432757,682.56775,240,,,,,,,,
,,,,,432957,620.89655,200,,,,,,,,
,,,,,433000,,,-258.9115295410156,-1.7987099885940552,7.971562385559082,256.90887451171875,256.5989074707031,0.0003,0.0003,0.1
,,,,,433180,732.6142,223,,,,,,,,
,,,,,433394,708.57806,214,,,,,,,,
,,,,,433602,675.66626,208,,,,,,,,
,,,,,433843,781.26733,241,,,,,,,,
,,,,,434000,,,-262.73870849609375,-1.9126938581466675,58.69041061401367,262.06640625,261.971435546875,0.0003,0.0003,0.1
,,,,,434038,598.8667,195,,,,,,,,
,,,,,434229,582.8626,191,,,,,,,,
,,,,,434490,874.1539,261,,,,,,,,
,,,,,434700,666.84753,210,,,,,,,,
,,,,,434902,642.6107,202,,,,,,,,
639.575,134.73769,855.5219,422.63733,202.3,435000,,,-271.158935546875,-1.4284405708312988,6.7777862548828125,270.2445373535156,270.29022216796875,0.0003,0.0003,0.1
,,,,,435155,870.2818,253,,,,,,,,
,,,,,435360,634.0825,205,,,,,,,,
,,,,,435604,818.33813,244,,,,,,,,
,,,,,435753,380.81274,149,,,,,,,,
,,,,,435992,775.0313,239,,,,,,,,
,,,,,436000,,,-257.8794860839844,-2.0683016777038574,13.423722267150879,256.20404052734375,256.24237060546875,0.0003,0.0003,0.1
,,,,,436208,597.8598,216,,,,,,,,
,,,,,436438,759.5049,230,,,,,,,,
,,,,,436660,743.89014,222,,,,,,,,
,,,,,436867,665.4408,207,,,,,,,,
,,,,,437000,,,-266.5711364746094,-1.574861764907837,20.745033264160156,264.6427917480469,264.64471435546875,0.0003,0.0003,0.1
,,,,,437073,649.8756,206,,,,,,,,
,,,,,437270,625.5799,197,,,,,,,,
,,,,,437494,693.1982,224,,,,,,,,
,,,,,437716,682.5863,222,,,,,,,,
,,,,,437922,661.8318,206,,,,,,,,
,,,,,438000,,,-263.4820556640625,-1.834693193435669,18.39434814453125,262.8008117675781,262.15521240234375,0.0003,0.0003,0.1
,,,,,438136,720.9706,214,,,,,,,,
,,,,,438339,649.1493,203,,,,,,,,
,,,,,438545,679.7308,206,,,,,,,,
,,,,,438748,667.413,203,,,,,,,,
,,,,,438989,791.785,241,,,,,,,,
,,,,,439000,,,-257.57000732421875,-1.5754045248031616,16.57352066040039,256.7185363769531,256.8906555175781,0.0003,0.0003,0.1
,,,,,439216,730.94403,227,,,,,,,,
,,,,,439409,641.7205,193,,,,,,,,
,,,,,439611,638.77185,202,,,,,,,,
,,,,,439848,766.585,237,,,,,,,,
614.29626,104.49851,760.5096,382.3757,201.5,440000,,,-260.3085021972656,-1.7804044485092163,27.00430679321289,258.7940979003906,258.8631286621094,0.0003,0.0003,0.1
,,,,,440043,628.7784,195,,,,,,,,
,,,,,440253,678.2157,210,,,,,,,,
,,,,,440472,693.9353,219,,,,,,,,
,,,,,440673,615.4873,201,,,,,,,,
,,,,,440884,636.6061,211,,,,,,,,
,,,,,441000,,,-259.9942321777344,-1.8221023082733154,12.619619369506836,259.0834045410156,259.45556640625,0.0003,0.0003,0.1
,,,,,441124,760.66785,240,,,,,,,,
,,,,,441365,792.01953,241,,,,,,,,
,,,,,441588,709.67896,223,,,,,,,,
,,,,,441786,617.78845,198,,,,,,,,
,,,,,441985,639.00653,199,,,,,,,,
,,,,,442000,,,-268.69964599609375,-2.0824859142303467,6.899400234222412,267.8611145019531,268.35467529296875,0.0003,0.0003,0.1
,,,,,442200,701.6924,215,,,,,,,,
,,,,,442409,660.9391,209,,,,,,,,
,,,,,442634,729.90546,225,,,,,,,,
,,,,,442854,709.66174,220,,,,,,,,
,,,,,443000,,,-260.7547607421875,-1.6292343139648438,11.279664039611816,259.35931396484375,259.01568603515625,0.0003,0.0003,0.1
,,,,,443059,631.3332,205,,,,,,,,
,,,,,443267,652.21606,208,,,,,,,,
,,,,,443480,703.6946,213,,,,,,,,
,,,,,443701,715.6109,221,,,,,,,,
,,,,,443926,677.0181,225,,,,,,,,
,,,,,444000,,,-249.63111877441406,-2.025223970413208,39.86265563964844,248.546630859375,248.8338165283203,0.0003,0.0003,0.1
,,,,,444124,640.02325,198,,,,,,,,
,,,,,444334,717.4248,210,,,,,,,,
,,,,,444569,733.58276,235,,,,,,,,
,,,,,444662,199.67578,93,,,,,,,,
,,,,,444898,769.3428,236,,,,,,,,
635.33936,49.227394,696.18634,529.3264,199.2,445000,,,-262.8453063964844,-1.939955711364746,10.042816162109375,262.0590515136719,262.61163330078125,0.0003,0.0003,0.1
,,,,,445083,580.833,185,,,,,,,,
,,,,,445307,751.35187,224,,,,,,,,
,,,,,445534,729.42914,227,,,,,,,,
,,,,,445741,681.16296,207,,,,,,,,
,,,,,445902,514.1116,161,,,,,,,,
,,,,,446000,,,-258.15753173828125,-1.710168719291687,9.838130950927734,256.2016296386719,256.20367431640625,0.0003,0.0003,0.1
,,,,,446127,717.1899,225,,,,,,,,
,,,,,446352,717.0339,225,,,,,,,,
,,,,,446550,655.4223,198,,,,,,,,
,,,,,446757,694.6439,207,,,,,,,,
,,,,,446956,677.82007,199,,,,,,,,
,,,,,447000,,,-260.7456359863281,-1.88932204246521,75.57455444335938,258.59942626953125,259.8828430175781,0.0003,0.0003,0.1
,,,,,447157,641.7186,201,,,,,,,,
,,,,,447372,696.7683,215,,,,,,,,
,,,,,447561,613.6201,189,,,,,,,,
,,,,,447761,599.5732,200,,,,,,,,
,,,,,447977,717.81085,216,,,,,,,,
,,,,,448000,,,-258.2607727050781,-1.946211814880371,15.43314266204834,257.4148254394531,256.8042297363281,0.0003,0.0003,0.1
,,,,,448184,697.9481,207,,,,,,,,
,,,,,448370,568.01245,186,,,,,,,,
,,,,,448612,789.6437,242,,,,,,,,
,,,,,448781,538.706,169,,,,,,,,
,,,,,448961,551.4517,180,,,,,,,,
,,,,,449000,,,-268.5445556640625,-1.4892568588256836,17.751718521118164,267.41094970703125,268.4056091308594,0.0003,0.0003,0.1
,,,,,449133,472.42505,172,,,,,,,,
,,,,,449330,623.79083,197,,,,,,,,
,,,,,449620,798.3947,290,,,,,,,,
,,,,,449849,720.6618,229,,,,,,,,
668.8595,57.25366,739.4273,550.57306,207.7,450000,,,-268.90716552734375,-1.7101248502731323,9.116154670715332,267.5611877441406,268.44830322265625,0.0003,0.0003,0.1
,,,,,450028,513.1718,179,,,,,,,,
,,,,,450219,663.7452,191,,,,,,,,
,,,,,450431,718.8345,212,,,,,,,,
,,,,,450634,674.32025,203,,,,,,,,
,,,,,450775,364.7456,141,,,,,,,,
,,,,,450915,386.92905,140,,,,,,,,
,,,,,451000,,,-249.92198181152344,-1.9319508075714111,60.195289611816406,248.06214904785156,247.7535858154297,0.0003,0.0003,0.1
,,,,,451113,562.87787,198,,,,,,,,
,,,,,451338,719.54803,225,,,,,,,,
,,,,,451542,616.52374,204,,,,,,,,
,,,,,451754,710.5981,212,,,,,,,,
,,,,,451975,762.6558,221,,,,,,,,
,,,,,452000,,,-256.5077819824219,-1.7843472957611084,28.728471755981445,255.65280151367188,255.29629516601562,0.0003,0.0003,0.1
,,,,,452195,718.6481,220,,,,,,,,
,,,,,452370,505.5625,175,,,,,,,,
,,,,,452551,530.4676,181,,,,,,,,
,,,,,452745,593.6796,194,,,,,,,,
,,,,,452948,673.0596,203,,,,,,,,
,,,,,453000,,,-264.2319030761719,-1.9050084352493286,6.11978816986084,261.5628662109375,261.0323791503906,0.0003,0.0003,0.1
,,,,,453157,678.553,209,,,,,,,,
,,,,,453386,741.1342,229,,,,,,,,
,,,,,453597,680.7836,211,,,,,,,,
,,,,,453810,715.13727,213,,,,,,,,
,,,,,453999,589.16986,189,,,,,,,,
,,,,,454000,,,-261.92901611328125,-1.6742825508117676,7.42909049987793,261.0671081542969,261.0530700683594,0.0003,0.0003,0.1
,,,,,454218,715.05786,219,,,,,,,,
,,,,,454418,664.1459,200,,,,,,,,
,,,,,454625,675.76825,207,,,,,,,,
,,,,,454849,759.5554,224,,,,,,,,
624.9146,78.89936,793.12476,469.81522,199.0,455000,,,-262.0545959472656,-1.9269897937774658,14.814094543457031,260.9410095214844,260.5243225097656,0.0003,0.0003,0.1
,,,,,455054,646.0942,205,,,,,,,,
,,,,,455248,614.66486,194,,,,,,,,
,,,,,455444,620.45325,196,,,,,,,,
,,,,,455637,615.8489,193,,,,,,,,
,,,,,455861,673.09467,224,,,,,,,,
,,,,,456000,,,-258.3043212890625,-1.985684871673584,9.157429695129395,257.1484069824219,257.4550476074219,0.0003,0.0003,0.1
,,,,,456065,682.5395,204,,,,,,,,
,,,,,456244,559.8307,179,,,,,,,,
,,,,,456464,738.3363,220,,,,,,,,
,,,,,456689,735.65607,225,,,,,,,,
,,,,,456889,616.0753,200,,,,,,,,
,,,,,457000,,,-262.74176025390625,-2.0939383506774902,7.872706413269043,260.54779052734375,260.176513671875,0.0003,0.0003,0.1
,,,,,457092,621.6917,203,,,,,,,,
,,,,,457330,763.6031,238,,,,,,,,
,,,,,457543,712.7584,213,,,,,,,,
,,,,,457758,723.3071,215,,,,,,,,
,,,,,457992,777.15967,234,,,,,,,,
,,,,,458000,,,-256.8661804199219,-1.7504279613494873,12.694465637207031,253.9447479248047,254.31768798828125,0.0003,0.0003,0.1
,,,,,458201,670.46844,209,,,,,,,,
,,,,,458427,753.3318,226,,,,,,,,
,,,,,458640,703.33093,213,,,,,,,,
,,,,,458870,746.55176,230,,,,,,,,
,,,,,459000,,,-253.29441833496094,-1.7142326831817627,12.53616714477539,252.34007263183594,252.11968994140625,0.0003,0.0003,0.1
,,,,,459101,741.0174,231,,,,,,,,
,,,,,459330,778.4103,229,,,,,,,,
,,,,,459536,650.53107,206,,,,,,,,
,,,,,459782,820.7835,246,,,,,,,,
699.0953,39.053493,758.49756,641.1816,214.5,460000,,,-258.9532775878906,-1.7228059768676758,6.340489864349365,256.8564758300781,256.8876647949219,0.0003,0.0003,0.1
,,,,,460014,759.6224,232,,,,,,,,
,,,,,460234,678.6327,220,,,,,,,,
,,,,,460413,514.779,179,,,,,,,,
,,,,,460636,724.02,223,,,,,,,,
,,,,,460863,781.5719,227,,,,,,,,
,,,,,461000,,,-259.40478515625,-1.5351581573486328,7.990990161895752,258.4818115234375,258.08648681640625,0.0003,0.0003,0.1
,,,,,461060,602.2175,197,,,,,,,,
,,,,,461308,826.8204,248,,,,,,,,
,,,,,461525,739.3033,217,,,,,,,,
,,,,,461732,680.56445,207,,,,,,,,
,,,,,461950,697.2329,218,,,,,,,,
,,,,,462000,,,-259.10137939453125,-1.7095177173614502,8.17873477935791,256.88592529296875,257.00567626953125,0.0003,0.0003,0.1
,,,,,462169,731.132,219,,,,,,,,
,,,,,462404,760.3912,235,,,,,,,,
,,,,,462601,605.1462,197,,,,,,,,
,,,,,462812,683.1472,211,,,,,,,,
,,,,,463000,,,-262.1914367675781,-1.6645386219024658,13.40986442565918,261.6512145996094,261.42626953125,0.0003,0.0003,0.1
,,,,,463015,650.0009,203,,,,,,,,
,,,,,463238,735.3286,223,,,,,,,,
,,,,,463446,678.7539,208,,,,,,,,
,,,,,463680,805.60156,234,,,,,,,,
,,,,,463907,768.9975,227,,,,,,,,
,,,,,464000,,,-262.0788269042969,-1.9478631019592285,7.931171894073486,260.5739440917969,260.633544921875,0.0003,0.0003,0.1
,,,,,464113,683.7059,206,,,,,,,,
,,,,,464348,768.79987,235,,,,,,,,
,,,,,464568,725.8549,220,,,,,,,,
,,,,,464802,775.13336,234,,,,,,,,
609.8641,48.592484,687.55396,535.0623,195.7,465000,,,-263.2433776855469,-1.7650586366653442,7.015416622161865,262.1361999511719,262.55145263671875,0.0003,0.0003,0.1
,,,,,465032,771.7925,230,,,,,,,,
,,,,,465231,639.79517,199,,,,,,,,
,,,,,465421,597.0337,190,,,,,,,,
,,,,,465636,713.9442,215,,,,,,,,
,,,,,465851,722.9125,215,,,,,,,,
,,,,,466000,,,-259.90338134765625,-1.6046243906021118,16.047117233276367,258.5917663574219,258.0562744140625,0.0003,0.0003,0.1
,,,,,466045,628.7995,194,,,,,,,,
,,,,,466236,590.01874,191,,,,,,,,
,,,,,466409,529.0039,173,,,,,,,,
,,,,,466607,624.28864,198,,,,,,,,
,,,,,466782,501.32373,175,,,,,,,,
,,,,,467000,,,-254.52825927734375,-1.6868635416030884,13.528531074523926,253.4264678955078,253.13339233398438,0.0003,0.0003,0.1
,,,,,467003,719.30994,221,,,,,,,,
,,,,,467098,207.39651,95,,,,,,,,
,,,,,467334,777.142,236,,,,,,,,
,,,,,467535,651.19916,201,,,,,,,,
,,,,,467719,558.94354,184,,,,,,,,
,,,,,467936,743.37494,217,,,,,,,,
,,,,,468000,,,-252.42247009277344,-1.9027396440505981,6.080681800842285,250.54067993164062,250.51199340820312,0.0003,0.0003,0.1
,,,,,468140,692.7899,204,,,,,,,,
,,,,,468340,682.26556,200,,,,,,,,
,,,,,468509,521.3098,169,,,,,,,,
,,,,,468694,613.87756,185,,,,,,,,
,,,,,468893,605.5155,199,,,,,,,,
,,,,,469000,,,-266.1264343261719,-2.1130151748657227,9.211383819580078,264.7461853027344,264.3679504394531,0.0003,0.0003,0.1
,,,,,469121,764.2108,228,,,,,,,,
,,,,,469343,707.13617,222,,,,,,,,
,,,,,469532,542.5116,189,,,,,,,,
,,,,,469745,669.9354,213,,,,,,,,
,,,,,469960,722.6851,215,,,,,,,,
647.0951,162.43314,777.2599,190.52469,204.1,470000,,,-249.60604858398438,-1.3805655241012573,98.66084289550781,248.16468811035156,247.6238250732422,0.0003,0.0003,0.1
,,,,,470177,663.2833,217,,,,,,,,
,,,,,470411,791.4564,234,,,,,,,,
,,,,,470618,653.65015,207,,,,,,,,
,,,,,470820,585.52795,202,,,,,,,,
,,,,,471000,,,-263.10687255859375,-1.4861805438995361,5.69964599609375,262.52001953125,262.79296875,0.0003,0.0003,0.1
,,,,,471035,689.8918,215,,,,,,,,
,,,,,471254,728.259,219,,,,,,,,
,,,,,471471,731.617,217,,,,,,,,
,,,,,471739,886.9731,268,,,,,,,,
,,,,,471943,607.9593,204,,,,,,,,
,,,,,472000,,,-256.1131286621094,-1.6456313133239746,12.591863632202148,254.89723205566406,254.68275451660156,0.0003,0.0003,0.1
,,,,,472161,699.05444,218,,,,,,,,
,,,,,472378,699.33765,217,,,,,,,,
,,,,,472580,656.6283,202,,,,,,,,
,,,,,472777,623.9031,197,,,,,,,,
,,,,,472981,617.4302,204,,,,,,,,
,,,,,473000,,,-259.96002197265625,-1.7701547145843506,16.391754150390625,258.07720947265625,257.8529968261719,0.0003,0.0003,0.1
,,,,,473201,690.80865,220,,,,,,,,
,,,,,473385,538.94727,184,,,,,,,,
,,,,,473569,533.6998,184,,,,,,,,
,,,,,473780,724.9222,211,,,,,,,,
,,,,,473992,691.7794,212,,,,,,,,
,,,,,474000,,,-261.1090087890625,-1.7163227796554565,15.916723251342773,259.9060974121094,259.8668212890625,0.0003,0.0003,0.1
,,,,,474213,704.01917,221,,,,,,,,
,,,,,474449,749.7528,236,,,,,,,,
,,,,,474614,539.089,165,,,,,,,,
,,,,,474795,553.15924,181,,,,,,,,
,,,,,474994,629.16766,199,,,,,,,,
622.7626,62.681835,739.1749,548.4954,201.9,475000,,,-253.9655303955078,-1.4813133478164673,19.093795776367188,251.27081298828125,251.4973602294922,0.0003,0.0003,0.1
,,,,,475169,539.55084,175,,,,,,,,
,,,,,475341,498.28406,172,,,,,,,,
,,,,,475538,599.72754,197,,,,,,,,
,,,,,475777,775.06415,239,,,,,,,,
,,,,,475960,582.6427,183,,,,,,,,
,,,,,476000,,,-254.9818572998047,-1.6176235675811768,7.84712028503418,253.02850341796875,253.27281188964844,0.0003,0.0003,0.1
,,,,,476189,770.2245,229,,,,,,,,
,,,,,476387,612.2173,198,,,,,,,,
,,,,,476584,612.8694,197,,,,,,,,
,,,,,476809,748.30066,225,,,,,,,,
,,,,,477000,,,-257.61492919921875,-1.7917811870574951,23.09170150756836,256.2598876953125,256.1603698730469,0.0003,0.0003,0.1
,,,,,477012,687.8045,203,,,,,,,,
,,,,,477238,747.52246,226,,,,,,,,
,,,,,477587,1113.081,349,,,,,,,,
,,,,,477777,571.72144,190,,,,,,,,
,,,,,477961,551.93994,184,,,,,,,,
,,,,,478000,,,-253.3542022705078,-1.916590929031372,7.608242511749268,251.4302215576172,251.509765625,0.0003,0.0003,0.1
,,,,,478182,753.83307,221,,,,,,,,
,,,,,478405,742.712,223,,,,,,,,
,,,,,478629,721.36255,224,,,,,,,,
,,,,,478848,734.1002,219,,,,,,,,
,,,,,479000,,,-264.84124755859375,-1.8013901710510254,9.913597106933594,263.54620361328125,263.6707458496094,0.0003,0.0003,0.1
,,,,,479080,769.5268,232,,,,,,,,
,,,,,479284,696.8801,204,,,,,,,,
,,,,,479504,762.6321,220,,,,,,,,
,,,,,479687,571.90283,183,,,,,,,,
,,,,,479880,606.3398,193,,,,,,,,
496.79315,201.23996,714.69574,178.24254,168.6,480000,,,-261.95635986328125,-1.5211719274520874,6.496429443359375,261.109619140625,261.29913330078125,0.0003,0.0003,0.1
,,,,,480108,766.3709,228,,,,,,,,
,,,,,480322,712.626,214,,,,,,,,
,,,,,480528,608.2433,206,,,,,,,,
,,,,,480769,811.31665,241,,,,,,,,
,,,,,480825,105.73808,56,,,,,,,,
,,,,,481000,,,-258.0664367675781,-1.8173182010650635,9.996030807495117,256.9324645996094,256.9518737792969,0.0003,0.0003,0.1
,,,,,481035,713.1425,210,,,,,,,,
,,,,,481252,756.70746,217,,,,,,,,
,,,,,481479,770.2845,227,,,,,,,,
,,,,,481658,574.2952,179,,,,,,,,
,,,,,481860,644.88745,202,,,,,,,,
,,,,,482000,,,-261.8381042480469,-1.9031707048416138,13.49358081817627,259.710205078125,260.17498779296875,0.0003,0.0003,0.1
,,,,,482046,572.8225,186,,,,,,,,
,,,,,482231,566.0901,185,,,,,,,,
,,,,,482424,647.0461,193,,,,,,,,
,,,,,482615,638.5084,191,,,,,,,,
,,,,,482796,557.2608,181,,,,,,,,
,,,,,482984,611.7723,188,,,,,,,,
,,,,,483000,,,-258.89141845703125,-1.7352017164230347,12.421440124511719,257.7613830566406,257.44305419921875,0.0003,0.0003,0.1
,,,,,483201,659.00824,217,,,,,,,,
,,,,,483450,836.0406,249,,,,,,,,
,,,,,483666,706.81854,216,,,,,,,,
,,,,,483926,902.7811,260,,,,,,,,
,,,,,484000,,,-265.7539367675781,-1.7227847576141357,10.662895202636719,264.5806884765625,264.32781982421875,0.0003,0.0003,0.1
,,,,,484138,703.2782,212,,,,,,,,
,,,,,484320,550.8127,182,,,,,,,,
,,,,,484499,570.7323,179,,,,,,,,
,,,,,484714,722.791,215,,,,,,,,
,,,,,484914,670.61633,200,,,,,,,,
555.3319,39.833942,622.0438,482.01422,184.5,485000,,,-265.7757568359375,-1.441899061203003,21.44952392578125,263.6553955078125,263.54437255859375,0.0003,0.0003,0.1
,,,,,485104,573.3995,190,,,,,,,,
,,,,,485303,643.788,199,,,,,,,,
,,,,,485487,594.246,184,,,,,,,,
,,,,,485699,700.3918,212,,,,,,,,
,,,,,485911,712.6066,212,,,,,,,,
,,,,,486000,,,-258.5872497558594,-1.6692497730255127,13.020529747009277,257.296875,257.82452392578125,0.0003,0.0003,0.1
,,,,,486160,833.07733,249,,,,,,,,
,,,,,486387,754.0488,227,,,,,,,,
,,,,,486573,609.0158,186,,,,,,,,
,,,,,486589,20.17947,16,,,,,,,,
,,,,,486602,14.769623,13,,,,,,,,
,,,,,486804,661.257,202,,,,,,,,
,,,,,487000,,,-253.86328125,-1.676663875579834,9.750736236572266,253.23553466796875,253.07969665527344,0.0003,0.0003,0.1
,,,,,487034,707.2902,230,,,,,,,,
,,,,,487221,557.4847,187,,,,,,,,
,,,,,487451,773.43774,230,,,,,,,,
,,,,,487670,692.37964,219,,,,,,,,
,,,,,487894,738.6144,224,,,,,,,,
,,,,,488000,,,-253.7355499267578,-1.7870242595672607,13.699262619018555,251.80886840820312,251.67178344726562,0.0003,0.0003,0.1
,,,,,488147,824.6149,253,,,,,,,,
,,,,,488336,562.0513,189,,,,,,,,
,,,,,488546,694.64386,210,,,,,,,,
,,,,,488722,451.9862,176,,,,,,,,
,,,,,488964,795.1947,242,,,,,,,,
,,,,,489000,,,-265.00360107421875,-1.6176992654800415,8.46656322479248,264.1823425292969,264.38983154296875,0.0003,0.0003,0.1
,,,,,489169,675.1188,205,,,,,,,,
,,,,,489348,561.7808,179,,,,,,,,
,,,,,489545,543.70593,197,,,,,,,,
,,,,,489758,724.8564,213,,,,,,,,
648.5196,49.237816,707.2475,552.3706,195.0,490000,,,-253.49209594726562,-2.0765907764434814,6.89146089553833,251.5536651611328,251.7613983154297,0.0003,0.0003,0.1
,,,,,490146,1005.6676,388,,,,,,,,
,,,,,490342,649.6326,196,,,,,,,,
,,,,,490525,548.0978,183,,,,,,,,
,,,,,490716,652.6365,191,,,,,,,,
,,,,,490939,736.4348,223,,,,,,,,
,,,,,491000,,,-255.71653747558594,-1.5459281206130981,5.757948398590088,254.71353149414062,254.49020385742188,0.0003,0.0003,0.1
,,,,,491171,763.85974,232,,,,,,,,
,,,,,491390,683.76263,219,,,,,,,,
,,,,,491579,631.1197,189,,,,,,,,
,,,,,491787,640.27246,208,,,,,,,,
,,,,,491990,696.6632,203,,,,,,,,
,,,,,492000,,,-254.80752563476562,-1.780096173286438,11.224170684814453,253.13571166992188,253.200927734375,0.0003,0.0003,0.1
,,,,,492220,779.88,230,,,,,,,,
,,,,,492431,699.3307,211,,,,,,,,
,,,,,492662,657.3021,231,,,,,,,,
,,,,,492866,662.04236,204,,,,,,,,
,,,,,493000,,,-263.27593994140625,-2.0095648765563965,124.0783920288086,260.6184997558594,259.92333984375,0.0003,0.0003,0.1
,,,,,493060,622.4617,194,,,,,,,,
,,,,,493265,686.77295,205,,,,,,,,
,,,,,493508,812.78705,243,,,,,,,,
,,,,,493728,719.774,220,,,,,,,,
,,,,,493934,690.8326,206,,,,,,,,
,,,,,494000,,,-262.8994140625,-1.6492491960525513,8.381077766418457,262.0883483886719,262.41595458984375,0.0003,0.0003,0.1
,,,,,494111,553.62646,177,,,,,,,,
,,,,,494323,704.677,212,,,,,,,,
,,,,,494538,680.8253,215,,,,,,,,
,,,,,494741,642.385,203,,,,,,,,
,,,,,494963,742.6385,222,,,,,,,,
699.5944,82.547325,805.07227,577.12994,214.3,495000,,,-262.7292785644531,-1.637238621711731,6.925957202911377,261.175048828125,260.91326904296875,0.0003,0.0003,0.1
,,,,,495144,596.90094,181,,,,,,,,
,,,,,495341,640.7051,197,,,,,,,,
,,,,,495532,625.2929,191,,,,,,,,
,,,,,495734,725.94055,202,,,,,,,,
,,,,,495883,475.29446,149,,,,,,,,
,,,,,496000,,,-247.38848876953125,-2.2135403156280518,15.86040210723877,245.1576690673828,245.3536376953125,0.0003,0.0003,0.1
,,,,,496113,773.9783,230,,,,,,,,
,,,,,496307,630.06024,194,,,,,,,,
,,,,,496498,594.0033,191,,,,,,,,
,,,,,496703,629.91394,205,,,,,,,,
,,,,,496949,820.8889,246,,,,,,,,
,,,,,497000,,,-264.8636474609375,-1.6141084432601929,17.788846969604492,264.223388671875,264.13031005859375,0.0003,0.0003,0.1
,,,,,497163,742.127,214,,,,,,,,
,,,,,497362,657.1601,199,,,,,,,,
,,,,,497546,573.11035,184,,,,,,,,
,,,,,497717,563.8662,171,,,,,,,,
,,,,,497909,630.4994,192,,,,,,,,
,,,,,498000,,,-265.0057067871094,-1.4979979991912842,6.198483943939209,264.15924072265625,263.7410888671875,0.0003,0.0003,0.1
,,,,,498089,584.99066,180,,,,,,,,
,,,,,498273,585.9538,184,,,,,,,,
,,,,,498465,672.02484,192,,,,,,,,
,,,,,498666,647.8757,201,,,,,,,,
,,,,,498860,634.0116,194,,,,,,,,
,,,,,499000,,,-261.6126708984375,-1.674353837966919,9.744110107421875,260.76361083984375,261.0951232910156,0.0003,0.0003,0.1
,,,,,499051,646.4321,191,,,,,,,,
,,,,,499224,520.06726,173,,,,,,,,
,,,,,499444,788.2804,220,,,,,,,,
,,,,,499661,744.82495,217,,,,,,,,
,,,,,499857,626.91846,196,,,,,,,,
