Eval_AverageReturn,Eval_StdReturn,Eval_MaxReturn,Eval_MinReturn,Eval_AverageEpLen,step,Train_EpisodeReturn,Train_EpisodeLen,actor_loss,entropy,critic_loss,q_values,target_values,alpha,alpha_loss,actor_lr,critic_lr,temperature
-290.15475,107.64237,-137.56752,-483.00415,1000.0,0,,,,,,,,,,,,
,,,,,999,-377.14078,1000,,,,,,,,,,
,,,,,1999,-210.99591,1000,,,,,,,,,,
,,,,,2999,-284.01926,1000,,,,,,,,,,
,,,,,3999,-294.817,1000,,,,,,,,,,
,,,,,4999,-260.12985,1000,,,,,,,,,,
-257.6513,60.435444,-141.23734,-341.32016,1000.0,5000,,,,,,,,,,,,
,,,,,5999,-197.52773,1000,,,,,,,,,,
,,,,,6999,-332.96127,1000,,,,,,,,,,
,,,,,7999,-368.45685,1000,,,,,,,,,,
,,,,,8999,-175.20251,1000,,,,,,,,,,
,,,,,9999,-271.98068,1000,,,,,,,,,,
-262.34637,94.73492,-140.67168,-446.3075,1000.0,10000,,,-0.37436747550964355,3.7933225631713867,0.4327423870563507,-0.014780852012336254,0.08289483189582825,0.09999999403953552,0.9793322086334229,0.0003,0.0003,0.09999001026153564
,,,,,10999,-235.98875,1000,,,,,,,,,,
,,,,,11000,,,-2.1895344257354736,2.3756561279296875,0.3772974908351898,1.4162652492523193,1.4860689640045166,0.09099792689085007,0.7621673345565796,0.0003,0.0003,0.09098942577838898
,,,,,11999,-258.5885,1000,,,,,,,,,,
,,,,,12000,,,-2.9746787548065186,2.7639036178588867,0.6163126230239868,2.498552083969116,2.508831262588501,0.08259090781211853,0.7238186597824097,0.0003,0.0003,0.082582987844944
,,,,,12999,-227.64366,1000,,,,,,,,,,
,,,,,13000,,,-4.261058330535889,2.0685181617736816,0.5728874206542969,3.634483814239502,3.6623551845550537,0.075583815574646,0.6098494529724121,0.0003,0.0003,0.0755772590637207
,,,,,13999,-228.47678,1000,,,,,,,,,,
,,,,,14000,,,-6.658260822296143,1.0640636682510376,0.49904921650886536,5.8738226890563965,5.925057888031006,0.06941408663988113,0.4903455078601837,0.0003,0.0003,0.06940822303295135
,,,,,14999,-102.718796,1000,,,,,,,,,,
-42.47798,24.068436,-0.44759125,-74.30853,1000.0,15000,,,-8.635188102722168,0.8912996649742126,0.497294157743454,7.673642158508301,7.729937553405762,0.06374943256378174,0.43931645154953003,0.0003,0.0003,0.06374388933181763
,,,,,15999,-41.573383,1000,,,,,,,,,,
,,,,,16000,,,-10.850809097290039,0.6443606019020081,0.44844764471054077,10.08561897277832,9.966703414916992,0.05848746746778488,0.3886118531227112,0.0003,0.0003,0.0584823377430439
,,,,,16999,122.75259,1000,,,,,,,,,,
,,,,,17000,,,-11.73112964630127,0.6090841293334961,0.40384307503700256,11.051558494567871,11.02820873260498,0.05362522602081299,0.35441362857818604,0.0003,0.0003,0.05362054705619812
,,,,,17999,185.11116,1000,,,,,,,,,,
,,,,,18000,,,-12.93755054473877,0.001453794538974762,0.41458219289779663,12.27639102935791,12.438004493713379,0.04920525848865509,0.295303076505661,0.0003,0.0003,0.049201130867004395
,,,,,18999,268.44833,1000,,,,,,,,,,
,,,,,19000,,,-15.127144813537598,-0.8557825684547424,0.35053354501724243,14.43136978149414,14.500630378723145,0.04526475816965103,0.2328517585992813,0.0003,0.0003,0.045261140912771225
,,,,,19999,1050.431,1000,,,,,,,,,,
1038.0095,168.24236,1172.4441,619.4567,1000.0,20000,,,-16.04171371459961,-1.6907553672790527,0.4511178731918335,15.243941307067871,15.280097961425781,0.04181591421365738,0.18019501864910126,0.0003,0.0003,0.04181275516748428
,,,,,20999,545.4799,1000,,,,,,,,,,
,,,,,21000,,,-20.5865421295166,-2.3139724731445312,0.5055024027824402,19.686437606811523,19.807376861572266,0.03881995752453804,0.14309142529964447,0.0003,0.0003,0.03881709650158882
,,,,,21999,1089.8384,1000,,,,,,,,,,
,,,,,22000,,,-22.13266372680664,-2.6188273429870605,0.47693467140197754,21.390548706054688,21.310274124145508,0.036028265953063965,0.12181778997182846,0.0003,0.0003,0.03602546453475952
,,,,,22999,410.1902,1000,,,,,,,,,,
,,,,,23000,,,-23.86174964904785,-2.904921054840088,0.49846625328063965,23.069047927856445,23.02041244506836,0.033392056822776794,0.10335105657577515,0.0003,0.0003,0.033389437943696976
,,,,,23999,729.9545,1000,,,,,,,,,,
,,,,,24000,,,-26.555051803588867,-2.953172445297241,0.6441433429718018,25.80548095703125,25.698314666748047,0.03084735758602619,0.09398658573627472,0.0003,0.0003,0.030844923108816147
,,,,,24999,895.67206,1000,,,,,,,,,,
836.0128,272.34772,1421.6886,447.05762,1000.0,25000,,,-33.240562438964844,-3.7165989875793457,0.47246721386909485,32.30208969116211,32.406822204589844,0.028496218845248222,0.06506829708814621,0.0003,0.0003,0.02849411964416504
,,,,,25999,1294.9277,1000,,,,,,,,,,
,,,,,26000,,,-35.23143005371094,-4.067389965057373,0.741281270980835,34.37516784667969,34.37897491455078,0.026472974568605423,0.05116194114089012,0.0003,0.0003,0.026471087709069252
,,,,,26999,846.9686,1000,,,,,,,,,,
,,,,,27000,,,-38.0926513671875,-4.150017261505127,0.5103447437286377,37.345611572265625,37.28249740600586,0.024690255522727966,0.04567654803395271,0.0003,0.0003,0.024688435718417168
,,,,,27999,1579.4369,1000,,,,,,,,,,
,,,,,28000,,,-38.408653259277344,-4.75533390045166,0.5486382246017456,37.4271240234375,37.47333526611328,0.023104995489120483,0.02875799871981144,0.0003,0.0003,0.02310348115861416
,,,,,28999,1711.8354,1000,,,,,,,,,,
,,,,,29000,,,-46.99483108520508,-4.841925621032715,0.7136193513870239,46.31048583984375,46.078147888183594,0.021894175559282303,0.025355083867907524,0.0003,0.0003,0.021893054246902466
,,,,,29999,1921.7693,1000,,,,,,,,,,
1876.3832,33.909042,1936.5354,1818.5925,1000.0,30000,,,-53.339839935302734,-4.987276554107666,0.583496630191803,52.40794372558594,52.311885833740234,0.02095535583794117,0.02122197300195694,0.0003,0.0003,0.020954256877303123
,,,,,30999,2022.9464,1000,,,,,,,,,,
,,,,,31000,,,-58.89928436279297,-6.253966808319092,0.5163939595222473,57.754844665527344,57.86214828491211,0.020522672683000565,-0.005212076008319855,0.0003,0.0003,0.02052248828113079
,,,,,31999,2132.0447,1000,,,,,,,,,,
,,,,,32000,,,-61.75770950317383,-6.143504619598389,0.604723334312439,60.62897491455078,60.77191162109375,0.020706070587038994,-0.0029714161064475775,0.0003,0.0003,0.020706528797745705
,,,,,32999,2159.8503,1000,,,,,,,,,,
,,,,,33000,,,-64.40943908691406,-6.432077884674072,0.5453301668167114,63.438331604003906,63.44899368286133,0.021612804383039474,-0.00933841522783041,0.0003,0.0003,0.021614423021674156
,,,,,33999,2295.4084,1000,,,,,,,,,,
,,,,,34000,,,-68.97010040283203,-6.335981369018555,0.5672149062156677,68.00873565673828,67.98915100097656,0.022904518991708755,-0.007695505395531654,0.0003,0.0003,0.022906288504600525
,,,,,34999,2419.2024,1000,,,,,,,,,,
2521.7666,35.088173,2586.1382,2478.0776,1000.0,35000,,,-76.67003631591797,-6.054780960083008,0.4888564944267273,75.65142822265625,75.76175689697266,0.024342549964785576,-0.0013335113180801272,0.0003,0.0003,0.02434346079826355
,,,,,35999,2574.095,1000,,,,,,,,,,
,,,,,36000,,,-81.65252685546875,-6.061572551727295,0.6114652156829834,80.60556030273438,80.63261413574219,0.025674182921648026,-0.0015808293828740716,0.0003,0.0003,0.02567467838525772
,,,,,36999,2619.0159,1000,,,,,,,,,,
,,,,,37000,,,-90.45428466796875,-6.076834678649902,0.8507604002952576,89.22185516357422,89.39035034179688,0.026675796136260033,-0.002049627946689725,0.0003,0.0003,0.02667616493999958
,,,,,37999,2712.9128,1000,,,,,,,,,,
,,,,,38000,,,-95.86073303222656,-6.2032151222229,0.610223114490509,94.65113830566406,94.53591918945312,0.027980687096714973,-0.005686100572347641,0.0003,0.0003,0.027981486171483994
,,,,,38999,2620.5188,1000,,,,,,,,,,
,,,,,39000,,,-105.45323944091797,-6.091946601867676,0.6068100929260254,104.19381713867188,104.11285400390625,0.028872385621070862,-0.0026547126471996307,0.0003,0.0003,0.028873639181256294
,,,,,39999,2699.492,1000,,,,,,,,,,
2731.4287,64.02787,2829.2307,2616.1306,1000.0,40000,,,-105.94112396240234,-5.915081024169922,0.7671870589256287,104.72853088378906,104.80601501464844,0.029739148914813995,0.0025254127103835344,0.0003,0.0003,0.02974024787545204
,,,,,40999,2801.813,1000,,,,,,,,,,
,,,,,41000,,,-112.23541259765625,-5.9093918800354,0.6027563214302063,110.90601348876953,110.7637710571289,0.03039776347577572,0.0027542931493371725,0.0003,0.0003,0.030398285016417503
,,,,,41999,2774.0874,1000,,,,,,,,,,
,,,,,42000,,,-118.4078140258789,-6.137794494628906,0.7422729730606079,117.43550109863281,117.28244018554688,0.031492650508880615,-0.004339523613452911,0.0003,0.0003,0.031493593007326126
,,,,,42999,2856.3958,1000,,,,,,,,,,
,,,,,43000,,,-123.58435821533203,-6.390165328979492,0.905439019203186,122.31967163085938,122.26846313476562,0.03273960202932358,-0.012773851864039898,0.0003,0.0003,0.03274284675717354
,,,,,43999,2927.7112,1000,,,,,,,,,,
,,,,,44000,,,-130.469482421875,-5.806250095367432,0.8921006917953491,128.9904327392578,128.92808532714844,0.03417064622044563,0.006620544008910656,0.0003,0.0003,0.034171249717473984
,,,,,44999,2952.738,1000,,,,,,,,,,
2861.26,37.38234,2905.8364,2782.727,1000.0,45000,,,-136.46510314941406,-6.374240875244141,0.9222574234008789,134.6917724609375,134.9333038330078,0.035884544253349304,-0.013429454527795315,0.0003,0.0003,0.03588513284921646
,,,,,45999,2946.801,1000,,,,,,,,,,
,,,,,46000,,,-143.74447631835938,-6.660071849822998,0.9132975339889526,142.3448944091797,142.22886657714844,0.03792289271950722,-0.025031834840774536,0.0003,0.0003,0.03792642802000046
,,,,,46999,3011.6692,1000,,,,,,,,,,
,,,,,47000,,,-150.5426025390625,-6.119020938873291,0.901763916015625,149.0852508544922,148.98367309570312,0.03970880061388016,-0.004726179409772158,0.0003,0.0003,0.03970957547426224
,,,,,47999,2971.318,1000,,,,,,,,,,
,,,,,48000,,,-158.15487670898438,-6.27610969543457,0.9584013223648071,156.68251037597656,156.65615844726562,0.04058821499347687,-0.011206782422959805,0.0003,0.0003,0.04058759659528732
,,,,,48999,2979.971,1000,,,,,,,,,,
,,,,,49000,,,-161.75662231445312,-5.689488410949707,0.8164495229721069,160.1396942138672,160.18568420410156,0.04073178395628929,0.012647693045437336,0.0003,0.0003,0.040730465203523636
,,,,,49999,3045.2517,1000,,,,,,,,,,
2957.4353,92.6033,3034.9424,2698.6672,1000.0,50000,,,-167.34274291992188,-5.943338394165039,0.9352786540985107,165.82308959960938,165.93960571289062,0.03988468274474144,0.002259924542158842,0.0003,0.0003,0.03988340124487877
,,,,,50999,3021.2236,1000,,,,,,,,,,
,,,,,51000,,,-173.7316131591797,-6.129697322845459,0.9256227016448975,172.04356384277344,172.19915771484375,0.03931426256895065,-0.005098945926874876,0.0003,0.0003,0.03931451588869095
,,,,,51999,3035.8083,1000,,,,,,,,,,
,,,,,52000,,,-180.39938354492188,-5.599512100219727,0.8398741483688354,178.9979248046875,178.9375762939453,0.039600443094968796,0.015859520062804222,0.0003,0.0003,0.03959869593381882
,,,,,52999,3092.1575,1000,,,,,,,,,,
,,,,,53000,,,-187.6353302001953,-5.654026985168457,1.0848137140274048,186.2312774658203,186.09793090820312,0.040004462003707886,0.013840483501553535,0.0003,0.0003,0.04000362008810043
,,,,,53999,2983.8748,1000,,,,,,,,,,
,,,,,54000,,,-191.04364013671875,-6.136627674102783,0.8194735050201416,189.53005981445312,189.70819091796875,0.04028068110346794,-0.0055034649558365345,0.0003,0.0003,0.040281977504491806
,,,,,54999,3069.8171,1000,,,,,,,,,,
3124.0903,56.461544,3163.9185,2975.1948,1000.0,55000,,,-195.06390380859375,-6.236097812652588,0.8031671047210693,193.6939239501953,193.77357482910156,0.040554214268922806,-0.009574749507009983,0.0003,0.0003,0.04055541381239891
,,,,,55999,3137.6335,1000,,,,,,,,,,
,,,,,56000,,,-197.04005432128906,-6.19176721572876,1.0138896703720093,195.5408477783203,195.51036071777344,0.040562957525253296,-0.007778664585202932,0.0003,0.0003,0.040564727038145065
,,,,,56999,3192.303,1000,,,,,,,,,,
,,,,,57000,,,-204.6389617919922,-5.98553991317749,0.8702424764633179,203.44505310058594,203.33200073242188,0.040053725242614746,0.000579170766286552,0.0003,0.0003,0.040053773671388626
,,,,,57999,3205.2332,1000,,,,,,,,,,
,,,,,58000,,,-209.94097900390625,-5.976956367492676,0.7029972672462463,208.59829711914062,208.74378967285156,0.03965136408805847,0.0009137179586105049,0.0003,0.0003,0.039651837199926376
,,,,,58999,3162.8904,1000,,,,,,,,,,
,,,,,59000,,,-214.15016174316406,-6.111607551574707,0.7124271392822266,213.0168914794922,213.0269012451172,0.039320994168519974,-0.004388508386909962,0.0003,0.0003,0.03932178020477295
,,,,,59999,3196.3406,1000,,,,,,,,,,
3191.4844,95.75364,3254.4138,2908.9019,1000.0,60000,,,-217.93832397460938,-6.256713390350342,0.6287735104560852,216.7525634765625,216.8406982421875,0.03911213576793671,-0.010040615685284138,0.0003,0.0003,0.03911164030432701
,,,,,60999,3241.5803,1000,,,,,,,,,,
,,,,,61000,,,-216.5623016357422,-6.067705154418945,0.8167285919189453,214.96685791015625,215.0450897216797,0.038999538868665695,-0.002640459919348359,0.0003,0.0003,0.039000097662210464
,,,,,61999,3245.938,1000,,,,,,,,,,
,,,,,62000,,,-222.11044311523438,-6.168206214904785,0.6540468335151672,220.67921447753906,220.68997192382812,0.03903535380959511,-0.006565991323441267,0.0003,0.0003,0.0390339195728302
,,,,,62999,3319.6323,1000,,,,,,,,,,
,,,,,63000,,,-229.81674194335938,-5.769343376159668,0.5627515912055969,228.61773681640625,228.72764587402344,0.03903813660144806,0.009004402905702591,0.0003,0.0003,0.03903822973370552
,,,,,63999,3242.7087,1000,,,,,,,,,,
,,,,,64000,,,-230.69400024414062,-6.161818981170654,0.5849637985229492,229.2198944091797,229.2657928466797,0.03929944708943367,-0.006359390448778868,0.0003,0.0003,0.03930117189884186
,,,,,64999,2812.1401,1000,,,,,,,,,,
3343.2004,35.765545,3381.8135,3273.7896,1000.0,65000,,,-234.92800903320312,-6.3307037353515625,0.7665774822235107,233.6939697265625,233.7834930419922,0.039667677134275436,-0.013118252158164978,0.0003,0.0003,0.039670493453741074
,,,,,65999,3251.7188,1000,,,,,,,,,,
,,,,,66000,,,-236.6126251220703,-6.0587992668151855,0.6954982876777649,235.39773559570312,235.40403747558594,0.03796635940670967,-0.0022323904559016228,0.0003,0.0003,0.03796547278761864
,,,,,66999,3190.5105,1000,,,,,,,,,,
,,,,,67000,,,-243.17544555664062,-5.831772804260254,0.6809868812561035,242.20570373535156,242.17330932617188,0.03677701577544212,0.006186900194734335,0.0003,0.0003,0.03677624464035034
,,,,,67999,3347.7883,1000,,,,,,,,,,
,,,,,68000,,,-241.3243408203125,-5.929699897766113,0.5498361587524414,240.16610717773438,240.30844116210938,0.03657419607043266,0.0025711923372000456,0.0003,0.0003,0.03657368943095207
,,,,,68999,3321.925,1000,,,,,,,,,,
,,,,,69000,,,-245.43707275390625,-5.936975479125977,0.7242668867111206,244.37969970703125,244.2769012451172,0.036338482052087784,0.002290224190801382,0.0003,0.0003,0.0363382063806057
,,,,,69999,3339.6748,1000,,,,,,,,,,
3311.3892,24.916227,3362.433,3265.516,1000.0,70000,,,-249.14059448242188,-6.184309005737305,0.7040701508522034,248.12791442871094,248.15170288085938,0.03634645417332649,-0.006698971148580313,0.0003,0.0003,0.036345310509204865
,,,,,70999,3355.4026,1000,,,,,,,,,,
,,,,,71000,,,-249.0006103515625,-6.502330780029297,0.6398048400878906,247.8760986328125,247.88011169433594,0.036501552909612656,-0.018335862085223198,0.0003,0.0003,0.036503903567790985
,,,,,71999,3384.5295,1000,,,,,,,,,,
,,,,,72000,,,-253.1282196044922,-5.822207450866699,0.7042796611785889,252.24256896972656,252.38626098632812,0.037245191633701324,0.006621912587434053,0.0003,0.0003,0.03724754601716995
,,,,,72999,3340.4714,1000,,,,,,,,,,
,,,,,73000,,,-257.8880920410156,-5.941755294799805,0.4838781952857971,256.91131591796875,257.0400085449219,0.037900157272815704,0.0022074738517403603,0.0003,0.0003,0.03789976239204407
,,,,,73999,3443.521,1000,,,,,,,,,,
,,,,,74000,,,-257.6568908691406,-6.072484016418457,0.5558052062988281,256.4608154296875,256.4980773925781,0.0383889302611351,-0.0027825997676700354,0.0003,0.0003,0.03838823363184929
,,,,,74999,3429.7122,1000,,,,,,,,,,
3460.444,41.06568,3512.314,3383.4827,1000.0,75000,,,-261.2733459472656,-5.8232102394104,0.6277812719345093,260.3205871582031,260.1615905761719,0.03972875326871872,0.007023633923381567,0.0003,0.0003,0.03972923383116722
,,,,,75999,3397.923,1000,,,,,,,,,,
,,,,,76000,,,-260.3466796875,-5.654807090759277,0.6367020606994629,259.1618957519531,259.1640319824219,0.04039474204182625,0.013943984173238277,0.0003,0.0003,0.040394704788923264
,,,,,76999,3437.0679,1000,,,,,,,,,,
,,,,,77000,,,-265.9973449707031,-5.957747936248779,0.704730212688446,264.8370361328125,264.8039245605469,0.04067474231123924,0.0017185878241434693,0.0003,0.0003,0.04067527502775192
,,,,,77999,3481.9644,1000,,,,,,,,,,
,,,,,78000,,,-268.89434814453125,-5.867542266845703,0.5811769962310791,267.7430114746094,267.6214599609375,0.041048917919397354,0.005437247920781374,0.0003,0.0003,0.0410497710108757
,,,,,78999,3456.2102,1000,,,,,,,,,,
,,,,,79000,,,-272.56488037109375,-6.345468044281006,0.6584540605545044,271.38397216796875,271.313720703125,0.04136243835091591,-0.014289433136582375,0.0003,0.0003,0.0413631945848465
,,,,,79999,3534.2058,1000,,,,,,,,,,
3553.5305,26.135561,3586.7021,3502.0508,1000.0,80000,,,-273.2106018066406,-5.988612651824951,0.6119208335876465,272.0615234375,272.01251220703125,0.04217126965522766,0.000480233778944239,0.0003,0.0003,0.04217104986310005
,,,,,80999,3521.1812,1000,,,,,,,,,,
,,,,,81000,,,-277.23516845703125,-5.858403205871582,0.5896788835525513,276.042236328125,276.09722900390625,0.04182390123605728,0.005922132637351751,0.0003,0.0003,0.041822176426649094
,,,,,81999,3596.3718,1000,,,,,,,,,,
,,,,,82000,,,-276.8110046386719,-6.08828067779541,0.6003591418266296,275.5751647949219,275.5897521972656,0.042218320071697235,-0.00372705003246665,0.0003,0.0003,0.04221877455711365
,,,,,82999,3527.851,1000,,,,,,,,,,
,,,,,83000,,,-281.4631652832031,-5.7550201416015625,0.6741122603416443,280.2436828613281,280.4197998046875,0.04236814007163048,0.0103793665766716,0.0003,0.0003,0.042367011308670044
,,,,,83999,3595.8508,1000,,,,,,,,,,
,,,,,84000,,,-284.14324951171875,-5.90040397644043,0.6312256455421448,282.9008483886719,282.7940673828125,0.04247266799211502,0.004230112303048372,0.0003,0.0003,0.04247219115495682
,,,,,84999,3666.9338,1000,,,,,,,,,,
3670.8823,78.23605,3752.7495,3452.0525,1000.0,85000,,,-285.24859619140625,-5.716940402984619,0.430326908826828,284.0760192871094,284.16900634765625,0.04254025220870972,0.012041416950523853,0.0003,0.0003,0.04253999888896942
,,,,,85999,3682.1465,1000,,,,,,,,,,
,,,,,86000,,,-288.3750915527344,-5.690577983856201,0.5232126116752625,287.41082763671875,287.31646728515625,0.04281731694936752,0.013248637318611145,0.0003,0.0003,0.0428183488547802
,,,,,86999,2259.4807,1000,,,,,,,,,,
,,,,,87000,,,-288.4831237792969,-6.176030158996582,0.6669793128967285,287.1856689453125,287.27459716796875,0.042783644050359726,-0.007531226146966219,0.0003,0.0003,0.042782776057720184
,,,,,87999,3673.781,1000,,,,,,,,,,
,,,,,88000,,,-289.8866271972656,-5.674639701843262,1.0933902263641357,289.00286865234375,288.86407470703125,0.04111785814166069,0.01337810605764389,0.0003,0.0003,0.041117433458566666
,,,,,88999,3734.8125,1000,,,,,,,,,,
,,,,,89000,,,-288.4007873535156,-5.685096740722656,0.7881361246109009,287.2817077636719,287.3976135253906,0.039180900901556015,0.012338193133473396,0.0003,0.0003,0.03917892277240753
,,,,,89999,3711.8245,1000,,,,,,,,,,
3768.0332,56.279087,3837.408,3644.7314,1000.0,90000,,,-290.91253662109375,-5.918936252593994,0.8968762159347534,289.8580017089844,289.81280517578125,0.03810757026076317,0.0030891569331288338,0.0003,0.0003,0.038106389343738556
,,,,,90999,3785.753,1000,,,,,,,,,,
,,,,,91000,,,-296.0563659667969,-5.800217628479004,0.6625901460647583,295.0436096191406,295.0343017578125,0.038113828748464584,0.007614488247781992,0.0003,0.0003,0.038113784044981
,,,,,91999,3817.2375,1000,,,,,,,,,,
,,,,,92000,,,-295.886474609375,-6.368743896484375,0.732481062412262,294.8858642578125,294.94305419921875,0.03825002536177635,-0.014104473404586315,0.0003,0.0003,0.03825192153453827
,,,,,92999,3805.5022,1000,,,,,,,,,,
,,,,,93000,,,-292.1122131347656,-6.855223655700684,0.7972519397735596,290.9833984375,290.99920654296875,0.039148248732089996,-0.03348049893975258,0.0003,0.0003,0.03915069252252579
,,,,,93999,3750.3916,1000,,,,,,,,,,
,,,,,94000,,,-298.3292541503906,-6.450887680053711,0.8014498949050903,297.3648681640625,297.43212890625,0.0405145138502121,-0.01826748438179493,0.0003,0.0003,0.04051709547638893
,,,,,94999,3760.9978,1000,,,,,,,,,,
3774.6763,37.26114,3870.1147,3719.869,1000.0,95000,,,-300.9497375488281,-5.572815895080566,0.6578978300094604,300.09967041015625,300.1001281738281,0.041580427438020706,0.017762500792741776,0.0003,0.0003,0.041580911725759506
,,,,,95999,3855.6543,1000,,,,,,,,,,
,,,,,96000,,,-302.5490417480469,-6.1458611488342285,0.8036848306655884,301.74688720703125,301.56103515625,0.04177524894475937,-0.006093392614275217,0.0003,0.0003,0.041774969547986984
,,,,,96999,3870.268,1000,,,,,,,,,,
,,,,,97000,,,-305.176025390625,-6.040794372558594,0.7480089068412781,304.09027099609375,304.0272521972656,0.04288461431860924,-0.0017494595376774669,0.0003,0.0003,0.04288630187511444
,,,,,97999,3859.589,1000,,,,,,,,,,
,,,,,98000,,,-308.3857421875,-6.319316864013672,0.9931079149246216,307.27020263671875,307.23101806640625,0.044128019362688065,-0.014090821146965027,0.0003,0.0003,0.04412927106022835
,,,,,98999,3859.0044,1000,,,,,,,,,,
,,,,,99000,,,-306.9391784667969,-6.152230739593506,0.9825010299682617,305.89544677734375,305.76171875,0.045458097010850906,-0.006920128595083952,0.0003,0.0003,0.045462921261787415
,,,,,99999,3846.5195,1000,,,,,,,,,,
3563.7358,987.6995,3949.2864,603.8679,1000.0,100000,,,-314.0386047363281,-6.493048191070557,0.8968918919563293,312.6553955078125,312.54986572265625,0.04774456098675728,-0.023540357127785683,0.0003,0.0003,0.04774806648492813
,,,,,100999,3940.613,1000,,,,,,,,,,
,,,,,101000,,,-312.59552001953125,-5.862094879150391,0.8792184591293335,311.2705078125,311.3078308105469,0.04933466389775276,0.0068034827709198,0.0003,0.0003,0.049336206167936325
,,,,,101999,3892.2603,1000,,,,,,,,,,
,,,,,102000,,,-315.0014953613281,-6.350940227508545,0.7173588871955872,313.88812255859375,313.9052734375,0.04912840947508812,-0.017241131514310837,0.0003,0.0003,0.049127764999866486
,,,,,102999,3961.2317,1000,,,,,,,,,,
,,,,,103000,,,-317.3612060546875,-6.220144271850586,0.8677749037742615,316.1368103027344,316.139892578125,0.04887714982032776,-0.010760034434497356,0.0003,0.0003,0.04887770861387253
,,,,,103999,4011.9949,1000,,,,,,,,,,
,,,,,104000,,,-315.0519104003906,-5.873584747314453,0.8828415870666504,313.7835693359375,313.8495178222656,0.048775557428598404,0.0061659920029342175,0.0003,0.0003,0.04877716302871704
,,,,,104999,3938.18,1000,,,,,,,,,,
3949.149,57.18876,4036.7205,3835.7764,1000.0,105000,,,-321.5149841308594,-5.729559421539307,0.8144235014915466,320.30059814453125,320.3973083496094,0.048995330929756165,0.01325034350156784,0.0003,0.0003,0.04899127408862114
,,,,,105999,4049.3198,1000,,,,,,,,,,
,,,,,106000,,,-321.10888671875,-5.970035076141357,0.7924717664718628,319.9945068359375,319.9024353027344,0.048735037446022034,0.0014603266026824713,0.0003,0.0003,0.04873824492096901
,,,,,106999,4015.3818,1000,,,,,,,,,,
,,,,,107000,,,-322.9350891113281,-6.146293640136719,0.8026218414306641,321.7906799316406,321.8869934082031,0.04919486865401268,-0.007196868769824505,0.0003,0.0003,0.049197494983673096
,,,,,107999,4141.0166,1000,,,,,,,,,,
,,,,,108000,,,-327.4660949707031,-6.321328639984131,0.6842694282531738,326.4347229003906,326.4277038574219,0.049702730029821396,-0.015970909968018532,0.0003,0.0003,0.049703262746334076
,,,,,108999,3933.11,1000,,,,,,,,,,
,,,,,109000,,,-327.27801513671875,-5.994556427001953,0.9759246110916138,326.1851806640625,326.10931396484375,0.0501546710729599,0.00027301994850859046,0.0003,0.0003,0.050155773758888245
,,,,,109999,4013.3264,1000,,,,,,,,,,
4065.3276,38.975704,4106.1553,3963.2378,1000.0,110000,,,-328.51312255859375,-6.275561332702637,0.7393355369567871,327.208251953125,327.2896728515625,0.0504668653011322,-0.013906706124544144,0.0003,0.0003,0.050467804074287415
,,,,,110999,4127.8564,1000,,,,,,,,,,
,,,,,111000,,,-333.9319763183594,-6.374566555023193,0.7493686079978943,332.7539367675781,332.8747863769531,0.05109648406505585,-0.01913902722299099,0.0003,0.0003,0.051097240298986435
,,,,,111999,4157.3506,1000,,,,,,,,,,
,,,,,112000,,,-331.0856628417969,-6.089116096496582,0.9013702869415283,329.674560546875,329.63775634765625,0.05168831720948219,-0.004606240428984165,0.0003,0.0003,0.05168687552213669
,,,,,112999,3958.6526,1000,,,,,,,,,,
,,,,,113000,,,-338.4896240234375,-5.379281997680664,0.5812894701957703,337.3773193359375,337.37774658203125,0.05223989486694336,0.03242628648877144,0.0003,0.0003,0.05223553627729416
,,,,,113999,4214.5073,1000,,,,,,,,,,
,,,,,114000,,,-336.31365966796875,-6.090975761413574,0.8155955672264099,335.083740234375,335.0578308105469,0.05309142917394638,-0.004830047953873873,0.0003,0.0003,0.0530950129032135
,,,,,114999,4158.2593,1000,,,,,,,,,,
4168.273,41.604576,4226.8335,4089.4014,1000.0,115000,,,-343.025146484375,-5.8903326988220215,0.7573527693748474,342.0812072753906,342.0743103027344,0.05392454192042351,0.005913774948567152,0.0003,0.0003,0.053929053246974945
,,,,,115999,4205.076,1000,,,,,,,,,,
,,,,,116000,,,-340.8072509765625,-6.460657596588135,0.6906028985977173,339.80120849609375,339.6335754394531,0.05451066046953201,-0.0251107569783926,0.0003,0.0003,0.0545111820101738
,,,,,116999,4167.9126,1000,,,,,,,,,,
,,,,,117000,,,-347.5320129394531,-6.061277389526367,0.7665355801582336,346.580322265625,346.55731201171875,0.05412745103240013,-0.003316771239042282,0.0003,0.0003,0.054127953946590424
,,,,,117999,4182.8027,1000,,,,,,,,,,
,,,,,118000,,,-346.0548400878906,-6.163222312927246,0.8112238049507141,344.9425048828125,344.8530578613281,0.05445178225636482,-0.008887775242328644,0.0003,0.0003,0.05445216968655586
,,,,,118999,4207.0693,1000,,,,,,,,,,
,,,,,119000,,,-346.4539489746094,-5.9724650382995605,0.7896538376808167,345.46697998046875,345.4193420410156,0.054697636514902115,0.001506072236225009,0.0003,0.0003,0.05469857528805733
,,,,,119999,4267.9604,1000,,,,,,,,,,
4014.1277,399.64664,4274.0024,2852.6458,1000.0,120000,,,-347.2730407714844,-6.365248680114746,0.8467366099357605,345.90509033203125,345.8829650878906,0.05503607168793678,-0.020101869478821754,0.0003,0.0003,0.05503689870238304
,,,,,120999,4350.327,1000,,,,,,,,,,
,,,,,121000,,,-349.23028564453125,-5.794917106628418,0.7339794039726257,347.87860107421875,347.8472595214844,0.05538288876414299,0.011358099058270454,0.0003,0.0003,0.05538339167833328
,,,,,121999,4330.1616,1000,,,,,,,,,,
,,,,,122000,,,-353.521240234375,-5.992053508758545,0.661766767501831,352.3323974609375,352.2471008300781,0.05599416419863701,0.00044495880138128996,0.0003,0.0003,0.05599590018391609
,,,,,122999,4309.1206,1000,,,,,,,,,,
,,,,,123000,,,-358.6734924316406,-5.627429962158203,0.6966112852096558,357.91192626953125,358.05084228515625,0.05621717870235443,0.020944824442267418,0.0003,0.0003,0.05621495470404625
,,,,,123999,4345.871,1000,,,,,,,,,,
,,,,,124000,,,-354.1266784667969,-5.959506988525391,0.8083791136741638,353.0301818847656,353.01666259765625,0.05650879815220833,0.002288194140419364,0.0003,0.0003,0.05651022493839264
,,,,,124999,4229.9775,1000,,,,,,,,,,
4328.163,37.019665,4385.319,4252.985,1000.0,125000,,,-354.9375,-6.146027565002441,0.8436345458030701,353.8365478515625,353.9129333496094,0.05684767663478851,-0.00830131210386753,0.0003,0.0003,0.05684845149517059
,,,,,125999,3877.068,1000,,,,,,,,,,
,,,,,126000,,,-355.90887451171875,-5.989058971405029,0.9565198421478271,354.6181640625,354.4907531738281,0.05706971138715744,0.000624357140623033,0.0003,0.0003,0.057072337716817856
,,,,,126999,4366.2715,1000,,,,,,,,,,
,,,,,127000,,,-359.4854431152344,-5.8781938552856445,1.0129008293151855,358.41278076171875,358.3755798339844,0.05712948739528656,0.006958715617656708,0.0003,0.0003,0.05712857469916344
,,,,,127999,4237.356,1000,,,,,,,,,,
,,,,,128000,,,-358.1761169433594,-6.342353820800781,0.9480826258659363,357.048583984375,356.9737548828125,0.05750929191708565,-0.019688542932271957,0.0003,0.0003,0.05750962346792221
,,,,,128999,4404.472,1000,,,,,,,,,,
,,,,,129000,,,-361.3875732421875,-6.224421501159668,0.8941611051559448,360.3367004394531,360.407958984375,0.05749299377202988,-0.012902692891657352,0.0003,0.0003,0.05749310180544853
,,,,,129999,4365.0776,1000,,,,,,,,,,
4277.1553,328.9642,4496.927,3304.115,1000.0,130000,,,-367.2381286621094,-5.613759994506836,0.789640486240387,366.2972412109375,366.16217041015625,0.057364657521247864,0.022156529128551483,0.0003,0.0003,0.05736353620886803
,,,,,130999,4397.6445,1000,,,,,,,,,,
,,,,,131000,,,-369.71783447265625,-5.538891792297363,0.5908051133155823,368.9823913574219,368.8309631347656,0.057916540652513504,0.026705829426646233,0.0003,0.0003,0.057918474078178406
,,,,,131999,4458.548,1000,,,,,,,,,,
,,,,,132000,,,-368.275634765625,-6.09193229675293,0.5809653401374817,367.2841796875,367.2401428222656,0.05792443826794624,-0.005325129255652428,0.0003,0.0003,0.05792416259646416
,,,,,132999,4453.757,1000,,,,,,,,,,
,,,,,133000,,,-367.294921875,-6.202523708343506,0.8033450841903687,366.18072509765625,366.297607421875,0.05827035382390022,-0.011801124550402164,0.0003,0.0003,0.058270614594221115
,,,,,133999,4387.7876,1000,,,,,,,,,,
,,,,,134000,,,-365.9141540527344,-6.235655307769775,0.8641269207000732,364.8525695800781,364.9278869628906,0.058420877903699875,-0.013767190277576447,0.0003,0.0003,0.05842074006795883
,,,,,134999,4305.977,1000,,,,,,,,,,
4458.6045,32.958546,4491.082,4410.2515,1000.0,135000,,,-370.1523742675781,-6.181912422180176,0.8478149175643921,369.0444641113281,369.27020263671875,0.05833617225289345,-0.010612056590616703,0.0003,0.0003,0.058336157351732254
,,,,,135999,4421.151,1000,,,,,,,,,,
,,,,,136000,,,-373.0162048339844,-5.99003791809082,1.0471112728118896,371.9765625,372.18109130859375,0.05853556841611862,0.000583135464694351,0.0003,0.0003,0.05853259563446045
,,,,,136999,4344.1216,1000,,,,,,,,,,
,,,,,137000,,,-378.087158203125,-6.008260250091553,0.8353599905967712,377.01416015625,377.2376708984375,0.05854007601737976,-0.0004835659055970609,0.0003,0.0003,0.058537229895591736
,,,,,137999,4327.084,1000,,,,,,,,,,
,,,,,138000,,,-377.71429443359375,-6.616992950439453,0.7073235511779785,376.6329040527344,376.6715393066406,0.05876779556274414,-0.036259282380342484,0.0003,0.0003,0.05877000838518143
,,,,,138999,4487.3086,1000,,,,,,,,,,
,,,,,139000,,,-379.7782897949219,-5.959452152252197,0.6445385813713074,378.68585205078125,378.8309326171875,0.05902135744690895,0.0023931937757879496,0.0003,0.0003,0.05902380496263504
,,,,,139999,4424.132,1000,,,,,,,,,,
4264.778,532.15985,4536.165,2688.3333,1000.0,140000,,,-383.3423767089844,-6.266922473907471,0.6711274981498718,382.4842224121094,382.52490234375,0.05955487862229347,-0.015896549448370934,0.0003,0.0003,0.0595567524433136
,,,,,140999,4486.407,1000,,,,,,,,,,
,,,,,141000,,,-380.0039978027344,-5.63142728805542,0.6830408573150635,378.70135498046875,378.75933837890625,0.05925772711634636,0.021840790286660194,0.0003,0.0003,0.059254392981529236
,,,,,141999,4413.218,1000,,,,,,,,,,
,,,,,142000,,,-380.85870361328125,-6.0230183601379395,0.9446285963058472,379.5290832519531,379.36273193359375,0.05914251133799553,-0.001361363218165934,0.0003,0.0003,0.05914048105478287
,,,,,142999,3221.8525,1000,,,,,,,,,,
,,,,,143000,,,-385.499755859375,-5.966561794281006,1.3699665069580078,384.50347900390625,384.2625732421875,0.05866621807217598,0.0019616829231381416,0.0003,0.0003,0.058665573596954346
,,,,,143999,4494.597,1000,,,,,,,,,,
,,,,,144000,,,-381.5714111328125,-6.132223129272461,0.8698762655258179,380.5340881347656,380.5002746582031,0.05777924135327339,-0.007639760617166758,0.0003,0.0003,0.05777993053197861
,,,,,144999,4439.4077,1000,,,,,,,,,,
3956.0327,854.2459,4473.4956,1848.5099,1000.0,145000,,,-384.4808044433594,-6.039056777954102,1.0916924476623535,383.3974914550781,383.57879638671875,0.05694848299026489,-0.0022242215927690268,0.0003,0.0003,0.05694791302084923
,,,,,145999,4516.462,1000,,,,,,,,,,
,,,,,146000,,,-384.45166015625,-5.656883239746094,0.9617957472801208,383.25469970703125,383.5486145019531,0.056711018085479736,0.019458506256341934,0.0003,0.0003,0.05670946463942528
,,,,,146999,4465.204,1000,,,,,,,,,,
,,,,,147000,,,-388.55224609375,-6.135033130645752,1.175864338874817,387.64508056640625,387.54327392578125,0.05624672770500183,-0.0075951432809233665,0.0003,0.0003,0.05624920874834061
,,,,,147999,4572.117,1000,,,,,,,,,,
,,,,,148000,,,-389.6734619140625,-5.932692527770996,1.0024943351745605,388.49285888671875,388.7877197265625,0.05695565417408943,0.003833554685115814,0.0003,0.0003,0.056955043226480484
,,,,,148999,4383.943,1000,,,,,,,,,,
,,,,,149000,,,-393.3635559082031,-5.764883518218994,0.8625128865242004,392.6184387207031,392.4814758300781,0.05688230320811272,0.013373950496315956,0.0003,0.0003,0.056880202144384384
,,,,,149999,4473.21,1000,,,,,,,,,,
4464.327,101.58697,4598.4106,4207.032,1000.0,150000,,,-390.56207275390625,-6.213446617126465,1.2075457572937012,389.4009704589844,389.4808654785156,0.05773015320301056,-0.012322265654802322,0.0003,0.0003,0.05773477628827095
,,,,,150999,4519.334,1000,,,,,,,,,,
,,,,,151000,,,-387.33984375,-5.913786888122559,1.0472241640090942,386.0931396484375,386.0861511230469,0.05886003375053406,0.005074542481452227,0.0003,0.0003,0.058857858180999756
,,,,,151999,4087.3086,1000,,,,,,,,,,
,,,,,152000,,,-393.9688415527344,-5.769070148468018,0.9177831411361694,392.9098205566406,392.88409423828125,0.05846976116299629,0.013502418994903564,0.0003,0.0003,0.058471810072660446
,,,,,152999,4560.6743,1000,,,,,,,,,,
,,,,,153000,,,-392.3473205566406,-5.876727104187012,1.045278549194336,391.1187438964844,391.2725524902344,0.05881166830658913,0.007249875925481319,0.0003,0.0003,0.05881202965974808
,,,,,153999,4562.2373,1000,,,,,,,,,,
,,,,,154000,,,-393.6068420410156,-5.715524673461914,1.0457292795181274,392.3343811035156,392.3082275390625,0.05908285453915596,0.01680758409202099,0.0003,0.0003,0.059082671999931335
,,,,,154999,4512.843,1000,,,,,,,,,,
4570.3906,59.127583,4651.5664,4467.6357,1000.0,155000,,,-393.22027587890625,-6.308254241943359,0.9191842675209045,391.8879699707031,391.8144226074219,0.05994809418916702,-0.018479235470294952,0.0003,0.0003,0.05994883552193642
,,,,,155999,4652.6255,1000,,,,,,,,,,
,,,,,156000,,,-399.76495361328125,-5.727208137512207,1.054636836051941,398.7746887207031,398.8367919921875,0.060653310269117355,0.016545724123716354,0.0003,0.0003,0.06065261736512184
,,,,,156999,4623.561,1000,,,,,,,,,,
,,,,,157000,,,-398.0657043457031,-6.439423084259033,0.885355532169342,396.8557434082031,396.7808532714844,0.0607525072991848,-0.026696082204580307,0.0003,0.0003,0.06075562164187431
,,,,,157999,4433.2505,1000,,,,,,,,,,
,,,,,158000,,,-399.70538330078125,-5.9267048835754395,0.9872522354125977,398.6119384765625,398.48553466796875,0.06068332493305206,0.004447821993380785,0.0003,0.0003,0.06068550795316696
,,,,,158999,4691.051,1000,,,,,,,,,,
,,,,,159000,,,-402.835205078125,-5.44791841506958,1.0243475437164307,401.81756591796875,401.62078857421875,0.061211127787828445,0.03379354253411293,0.0003,0.0003,0.06121000275015831
,,,,,159999,4677.9814,1000,,,,,,,,,,
4625.2344,50.04804,4708.456,4549.3755,1000.0,160000,,,-403.4999694824219,-6.056072235107422,0.9077804088592529,402.40753173828125,402.62579345703125,0.06123388558626175,-0.0034335479140281677,0.0003,0.0003,0.061233535408973694
,,,,,160999,4616.1606,1000,,,,,,,,,,
,,,,,161000,,,-402.8793640136719,-6.249605655670166,0.8022668361663818,401.90814208984375,401.90771484375,0.06170137599110603,-0.015401015058159828,0.0003,0.0003,0.061703555285930634
,,,,,161999,4575.466,1000,,,,,,,,,,
,,,,,162000,,,-404.93072509765625,-5.925313949584961,0.7588750123977661,403.7944641113281,403.81640625,0.061313312500715256,0.004579239524900913,0.0003,0.0003,0.06131081283092499
,,,,,162999,4766.0195,1000,,,,,,,,,,
,,,,,163000,,,-404.4378356933594,-6.097311973571777,1.0204765796661377,403.3876953125,403.19110107421875,0.06146510690450668,-0.005981271155178547,0.0003,0.0003,0.06146758049726486
,,,,,163999,4505.302,1000,,,,,,,,,,
,,,,,164000,,,-404.3406982421875,-6.243419647216797,1.2965316772460938,403.2685546875,403.12860107421875,0.061952855437994,-0.015080571174621582,0.0003,0.0003,0.06195514276623726
,,,,,164999,2190.6846,1000,,,,,,,,,,
4677.1597,86.66063,4808.4614,4554.8706,1000.0,165000,,,-407.3645935058594,-5.769733428955078,0.9067726135253906,406.1421813964844,406.1954650878906,0.06188872456550598,0.014250906184315681,0.0003,0.0003,0.06188682094216347
,,,,,165999,4636.1187,1000,,,,,,,,,,
,,,,,166000,,,-404.7842102050781,-6.477752685546875,1.1923675537109375,403.7139892578125,403.59503173828125,0.06081434339284897,-0.02905423194169998,0.0003,0.0003,0.060814082622528076
,,,,,166999,4756.1987,1000,,,,,,,,,,
,,,,,167000,,,-407.96990966796875,-6.200317859649658,1.2253226041793823,407.0263977050781,407.1077575683594,0.05962766706943512,-0.011944470927119255,0.0003,0.0003,0.05962730944156647
,,,,,167999,4332.666,1000,,,,,,,,,,
,,,,,168000,,,-410.2276611328125,-6.645430564880371,1.2765330076217651,409.1636657714844,409.0417175292969,0.05864312872290611,-0.037850093096494675,0.0003,0.0003,0.058643996715545654
,,,,,168999,4782.25,1000,,,,,,,,,,
,,,,,169000,,,-413.22589111328125,-6.2405900955200195,1.5595688819885254,412.3022766113281,412.349853515625,0.05789954587817192,-0.013930048793554306,0.0003,0.0003,0.05789833143353462
,,,,,169999,4706.1553,1000,,,,,,,,,,
4711.372,35.27925,4758.468,4648.2637,1000.0,170000,,,-410.59466552734375,-6.042575359344482,0.9608300924301147,409.5361022949219,409.5556640625,0.05744454264640808,-0.002445726655423641,0.0003,0.0003,0.05744326859712601
,,,,,170999,4755.7856,1000,,,,,,,,,,
,,,,,171000,,,-407.53045654296875,-6.3797101974487305,1.4519782066345215,406.5080871582031,406.29412841796875,0.05781809985637665,-0.021954122930765152,0.0003,0.0003,0.05781809985637665
,,,,,171999,4680.093,1000,,,,,,,,,,
,,,,,172000,,,-405.0569763183594,-5.829789161682129,1.1799193620681763,403.6817626953125,403.7891540527344,0.058780912309885025,0.010005120187997818,0.0003,0.0003,0.05877792462706566
,,,,,172999,-207.28996,1000,,,,,,,,,,
,,,,,173000,,,-410.13580322265625,-6.208473205566406,2.300976276397705,409.1409912109375,409.22515869140625,0.0589284710586071,-0.012285011820495129,0.0003,0.0003,0.058926306664943695
,,,,,173999,4694.1963,1000,,,,,,,,,,
,,,,,174000,,,-412.57806396484375,-6.177852153778076,1.3109111785888672,411.43829345703125,411.33984375,0.05660850182175636,-0.010067964904010296,0.0003,0.0003,0.05660848692059517
,,,,,174999,4691.8516,1000,,,,,,,,,,
4790.973,56.36097,4856.001,4660.189,1000.0,175000,,,-412.0501403808594,-5.774310111999512,1.89173424243927,411.2189025878906,411.19769287109375,0.05502001568675041,0.012417446821928024,0.0003,0.0003,0.0550183467566967
,,,,,175999,4795.495,1000,,,,,,,,,,
,,,,,176000,,,-413.4127502441406,-6.013278007507324,1.3149237632751465,412.30157470703125,412.2769775390625,0.05601690337061882,-0.0007437799358740449,0.0003,0.0003,0.05602123215794563
,,,,,176999,4692.5376,1000,,,,,,,,,,
,,,,,177000,,,-413.3309326171875,-6.090240955352783,1.71354079246521,412.31329345703125,412.2876892089844,0.057267580181360245,-0.005167854018509388,0.0003,0.0003,0.05726765841245651
,,,,,177999,4821.939,1000,,,,,,,,,,
,,,,,178000,,,-422.073974609375,-6.483430862426758,1.074253797531128,421.19073486328125,421.3321228027344,0.058148860931396484,-0.028110958635807037,0.0003,0.0003,0.05815017968416214
,,,,,178999,4720.071,1000,,,,,,,,,,
,,,,,179000,,,-419.70794677734375,-5.872286319732666,1.928346872329712,419.0982666015625,419.0370178222656,0.059751246124506,0.007631049957126379,0.0003,0.0003,0.05974959582090378
,,,,,179999,4883.241,1000,,,,,,,,,,
4788.3594,44.859062,4839.1396,4681.8877,1000.0,180000,,,-413.07421875,-5.9246826171875,2.0400283336639404,411.8538818359375,411.8131103515625,0.061535295099020004,0.004634672310203314,0.0003,0.0003,0.061538390815258026
,,,,,180999,4848.0825,1000,,,,,,,,,,
,,,,,181000,,,-412.2998352050781,-6.250594139099121,1.5144237279891968,411.1043395996094,411.14453125,0.06232418864965439,-0.015618054196238518,0.0003,0.0003,0.06232435256242752
,,,,,181999,4824.6904,1000,,,,,,,,,,
,,,,,182000,,,-417.2249450683594,-6.204598426818848,2.0411665439605713,415.8923645019531,415.8188171386719,0.062452588230371475,-0.012777678668498993,0.0003,0.0003,0.06245261803269386
,,,,,182999,4954.877,1000,,,,,,,,,,
,,,,,183000,,,-418.7822570800781,-6.102346420288086,1.9265854358673096,417.7179260253906,417.7091979980469,0.06226392090320587,-0.0063724759966135025,0.0003,0.0003,0.06226404011249542
,,,,,183999,4923.886,1000,,,,,,,,,,
,,,,,184000,,,-416.45013427734375,-5.804713249206543,2.0771565437316895,415.2017517089844,415.2984313964844,0.06340797990560532,0.012382716871798038,0.0003,0.0003,0.06340773403644562
,,,,,184999,4939.782,1000,,,,,,,,,,
4804.159,104.72022,4981.323,4662.902,1000.0,185000,,,-421.6482238769531,-6.511236667633057,1.3121957778930664,420.5816650390625,420.62823486328125,0.06498663127422333,-0.03322352096438408,0.0003,0.0003,0.06499162316322327
,,,,,185999,4897.855,1000,,,,,,,,,,
,,,,,186000,,,-422.6686706542969,-6.117622375488281,1.1773322820663452,421.22930908203125,421.1126403808594,0.06639223545789719,-0.0078092277981340885,0.0003,0.0003,0.0663943737745285
,,,,,186999,4781.837,1000,,,,,,,,,,
,,,,,187000,,,-426.16058349609375,-5.996579647064209,1.2229374647140503,425.11029052734375,425.2242126464844,0.06674835085868835,0.0002283425856148824,0.0003,0.0003,0.06674753874540329
,,,,,187999,4928.1533,1000,,,,,,,,,,
,,,,,188000,,,-428.5042419433594,-6.246072769165039,1.6407957077026367,427.7275390625,427.37969970703125,0.06544683128595352,-0.01610467955470085,0.0003,0.0003,0.0654422789812088
,,,,,188999,5000.1523,1000,,,,,,,,,,
,,,,,189000,,,-425.6234130859375,-5.9620866775512695,1.1488215923309326,424.3290710449219,424.3207702636719,0.06456338614225388,0.0024478230625391006,0.0003,0.0003,0.06456274539232254
,,,,,189999,4810.2886,1000,,,,,,,,,,
4961.4053,77.69203,5031.2456,4796.3843,1000.0,190000,,,-423.76971435546875,-6.005570888519287,1.3313078880310059,422.270751953125,422.3798828125,0.0634661316871643,-0.0003535854339133948,0.0003,0.0003,0.06346315145492554
,,,,,190999,5004.8423,1000,,,,,,,,,,
,,,,,191000,,,-433.8453674316406,-5.745580673217773,1.0566256046295166,433.0029296875,432.9306640625,0.06324215978384018,0.01609000749886036,0.0003,0.0003,0.063239686191082
,,,,,191999,4875.6694,1000,,,,,,,,,,
,,,,,192000,,,-428.4649353027344,-5.897006988525391,1.584625482559204,427.2489013671875,427.33172607421875,0.06293321400880814,0.006481677293777466,0.0003,0.0003,0.06293585151433945
,,,,,192999,4755.4365,1000,,,,,,,,,,
,,,,,193000,,,-428.7503662109375,-5.972623348236084,1.8407812118530273,427.506103515625,427.70361328125,0.06325628608465195,0.0017317611491307616,0.0003,0.0003,0.06325417757034302
,,,,,193999,4545.102,1000,,,,,,,,,,
,,,,,194000,,,-437.03887939453125,-6.155558109283447,1.4644042253494263,435.7926940917969,436.0277099609375,0.06383714824914932,-0.009930379688739777,0.0003,0.0003,0.06383897364139557
,,,,,194999,4869.0195,1000,,,,,,,,,,
4901.2,114.774635,5136.5605,4738.819,1000.0,195000,,,-439.4303283691406,-6.1300458908081055,1.334160566329956,438.321533203125,438.2773742675781,0.06437716633081436,-0.0083719901740551,0.0003,0.0003,0.06437613815069199
,,,,,195999,4980.8857,1000,,,,,,,,,,
,,,,,196000,,,-434.27239990234375,-6.3145318031311035,1.2434991598129272,433.1315612792969,433.00341796875,0.06598920375108719,-0.020755676552653313,0.0003,0.0003,0.06599228829145432
,,,,,196999,4971.985,1000,,,,,,,,,,
,,,,,197000,,,-434.9862365722656,-5.662976264953613,1.3340034484863281,433.78955078125,434.0130615234375,0.0655052587389946,0.02207685261964798,0.0003,0.0003,0.06550126522779465
,,,,,197999,5021.8105,1000,,,,,,,,,,
,,,,,198000,,,-436.9156188964844,-5.706141948699951,1.2400113344192505,435.6866760253906,435.79351806640625,0.06503753364086151,0.019111812114715576,0.0003,0.0003,0.06503520905971527
,,,,,198999,4983.16,1000,,,,,,,,,,
,,,,,199000,,,-437.116943359375,-6.361641883850098,1.0812914371490479,435.7813415527344,436.1002197265625,0.06553180515766144,-0.023699073120951653,0.0003,0.0003,0.06553197652101517
,,,,,199999,4907.0776,1000,,,,,,,,,,
4958.493,114.74423,5079.5005,4662.762,1000.0,200000,,,-439.1952209472656,-6.230428218841553,1.1502883434295654,438.11474609375,438.1541442871094,0.06550273299217224,-0.015093686059117317,0.0003,0.0003,0.06550176441669464
,,,,,200999,4853.5527,1000,,,,,,,,,,
,,,,,201000,,,-437.15728759765625,-5.948261260986328,1.103354573249817,436.08544921875,435.9955139160156,0.06575676798820496,0.0034021593164652586,0.0003,0.0003,0.06575459986925125
,,,,,201999,4961.222,1000,,,,,,,,,,
,,,,,202000,,,-437.353759765625,-6.253648281097412,1.391533374786377,436.0949401855469,436.1680603027344,0.06599302589893341,-0.01673903688788414,0.0003,0.0003,0.06599245965480804
,,,,,202999,5072.305,1000,,,,,,,,,,
,,,,,203000,,,-441.198486328125,-5.7618560791015625,1.1458251476287842,440.0706481933594,440.02313232421875,0.06580395996570587,0.015670837834477425,0.0003,0.0003,0.06580231338739395
,,,,,203999,4964.981,1000,,,,,,,,,,
,,,,,204000,,,-437.29083251953125,-5.807001113891602,1.2994731664657593,436.1159362792969,435.9996643066406,0.0653301253914833,0.012608646415174007,0.0003,0.0003,0.06532862782478333
,,,,,204999,2997.4753,1000,,,,,,,,,,
4664.656,1068.2078,5065.14,1461.6193,1000.0,205000,,,-442.049560546875,-5.621689796447754,1.8599531650543213,440.9358825683594,441.0506591796875,0.06445867568254471,0.02438535913825035,0.0003,0.0003,0.06445371359586716
,,,,,205999,5103.0186,1000,,,,,,,,,,
,,,,,206000,,,-443.09698486328125,-5.961492538452148,1.5665197372436523,442.2054443359375,442.18951416015625,0.06387341022491455,0.002459572860971093,0.0003,0.0003,0.06387275457382202
,,,,,206999,4981.748,1000,,,,,,,,,,
,,,,,207000,,,-445.97528076171875,-5.959291458129883,1.401515245437622,444.9529724121094,444.8853759765625,0.06336058676242828,0.002579342108219862,0.0003,0.0003,0.06336382031440735
,,,,,207999,5080.012,1000,,,,,,,,,,
,,,,,208000,,,-444.2085266113281,-5.990519046783447,1.563359022140503,443.32427978515625,443.3770446777344,0.062752366065979,0.000594967685174197,0.0003,0.0003,0.06275147199630737
,,,,,208999,5069.9985,1000,,,,,,,,,,
,,,,,209000,,,-443.61932373046875,-6.2141923904418945,1.2388602495193481,442.66900634765625,442.5760803222656,0.061877597123384476,-0.01325372513383627,0.0003,0.0003,0.06187761202454567
,,,,,209999,5006.338,1000,,,,,,,,,,
4887.123,421.05496,5090.928,3632.4197,1000.0,210000,,,-449.341552734375,-5.546947479248047,1.0775387287139893,448.45159912109375,448.71923828125,0.06187448650598526,0.028032395988702774,0.0003,0.0003,0.061873115599155426
,,,,,210999,5160.2207,1000,,,,,,,,,,
,,,,,211000,,,-446.2911071777344,-6.299569606781006,2.462468147277832,444.9241027832031,445.04766845703125,0.06248230114579201,-0.01871779002249241,0.0003,0.0003,0.062485530972480774
,,,,,211999,5053.134,1000,,,,,,,,,,
,,,,,212000,,,-442.22662353515625,-6.171159744262695,1.4476500749588013,441.16961669921875,441.2279052734375,0.06335871666669846,-0.010844503529369831,0.0003,0.0003,0.06335785239934921
,,,,,212999,5217.2075,1000,,,,,,,,,,
,,,,,213000,,,-452.7071838378906,-5.752103805541992,0.911220908164978,451.5276794433594,451.42327880859375,0.0646771788597107,0.016033193096518517,0.0003,0.0003,0.06467488408088684
,,,,,213999,5034.6655,1000,,,,,,,,,,
,,,,,214000,,,-454.6314392089844,-6.317218780517578,1.5420379638671875,453.77752685546875,453.6508483886719,0.06507673114538193,-0.0206435676664114,0.0003,0.0003,0.06507959961891174
,,,,,214999,5138.2397,1000,,,,,,,,,,
5010.755,506.7779,5232.054,3497.0432,1000.0,215000,,,-452.49615478515625,-6.369994163513184,1.1249538660049438,451.335205078125,451.4041442871094,0.06540409475564957,-0.024199115112423897,0.0003,0.0003,0.0654078796505928
,,,,,215999,5143.5205,1000,,,,,,,,,,
,,,,,216000,,,-453.0294494628906,-6.291524887084961,1.1264764070510864,452.28216552734375,452.2621765136719,0.06724978238344193,-0.01960497908294201,0.0003,0.0003,0.06725199520587921
,,,,,216999,5137.7153,1000,,,,,,,,,,
,,,,,217000,,,-446.7181091308594,-6.176062107086182,1.3918991088867188,445.5502624511719,445.54229736328125,0.06766044348478317,-0.011912406422197819,0.0003,0.0003,0.06765972077846527
,,,,,217999,5021.831,1000,,,,,,,,,,
,,,,,218000,,,-452.9412841796875,-5.743088245391846,1.6607719659805298,452.01947021484375,452.1275329589844,0.06813172996044159,0.017503876239061356,0.0003,0.0003,0.06813358515501022
,,,,,218999,5249.2656,1000,,,,,,,,,,
,,,,,219000,,,-453.5331115722656,-5.866024971008301,1.3837209939956665,452.3561096191406,452.51251220703125,0.06768237054347992,0.009067745879292488,0.0003,0.0003,0.06768088787794113
,,,,,219999,5232.903,1000,,,,,,,,,,
5063.999,397.83533,5286.321,3886.1052,1000.0,220000,,,-454.3844299316406,-6.061670303344727,1.3870924711227417,453.34881591796875,453.2682800292969,0.06863787770271301,-0.004232929088175297,0.0003,0.0003,0.06863923370838165
,,,,,220999,5241.4,1000,,,,,,,,,,
,,,,,221000,,,-454.87872314453125,-6.063930034637451,1.1703193187713623,453.67401123046875,453.779541015625,0.06847679615020752,-0.0043777176178991795,0.0003,0.0003,0.06847766041755676
,,,,,221999,5048.1147,1000,,,,,,,,,,
,,,,,222000,,,-459.3868103027344,-5.474040985107422,1.576062560081482,458.5002136230469,458.56805419921875,0.06898854672908783,0.036285169422626495,0.0003,0.0003,0.06899071484804153
,,,,,222999,5194.662,1000,,,,,,,,,,
,,,,,223000,,,-461.6280822753906,-5.654177665710449,1.2648446559906006,460.7586364746094,460.6192321777344,0.06870055198669434,0.02375817857682705,0.0003,0.0003,0.0686989277601242
,,,,,223999,5139.51,1000,,,,,,,,,,
,,,,,224000,,,-457.87646484375,-6.125358581542969,1.0914310216903687,456.44744873046875,456.5386962890625,0.06846077740192413,-0.008582164533436298,0.0003,0.0003,0.06846136599779129
,,,,,224999,5206.2246,1000,,,,,,,,,,
4718.7207,591.7117,5125.9204,3352.9946,1000.0,225000,,,-460.1928405761719,-6.373739242553711,1.5692284107208252,459.0377197265625,459.1048889160156,0.06919402629137039,-0.025860488414764404,0.0003,0.0003,0.06919372826814651
,,,,,225999,5265.805,1000,,,,,,,,,,
,,,,,226000,,,-461.9163818359375,-6.036769390106201,0.9707292318344116,461.02276611328125,461.1134948730469,0.0696772113442421,-0.0025620004162192345,0.0003,0.0003,0.06967730820178986
,,,,,226999,5133.2466,1000,,,,,,,,,,
,,,,,227000,,,-460.59490966796875,-6.237893104553223,1.1704367399215698,459.6191101074219,459.49383544921875,0.06972108036279678,-0.01658615656197071,0.0003,0.0003,0.06972184032201767
,,,,,227999,5157.3604,1000,,,,,,,,,,
,,,,,228000,,,-463.6299743652344,-6.105669975280762,1.3870108127593994,462.4153137207031,462.2978515625,0.07050129771232605,-0.007449904922395945,0.0003,0.0003,0.07050438970327377
,,,,,228999,5296.2144,1000,,,,,,,,,,
,,,,,229000,,,-464.4282531738281,-5.85357666015625,1.0902354717254639,463.5012512207031,463.6653137207031,0.07077542692422867,0.010363193228840828,0.0003,0.0003,0.07077164947986603
,,,,,229999,5225.1704,1000,,,,,,,,,,
5215.4517,95.10273,5326.984,5019.7764,1000.0,230000,,,-464.2200927734375,-5.944204807281494,1.364483118057251,463.30975341796875,463.1449279785156,0.07093238085508347,0.003957684617489576,0.0003,0.0003,0.07093239575624466
,,,,,230999,5412.123,1000,,,,,,,,,,
,,,,,231000,,,-467.7592468261719,-5.857647895812988,1.2819818258285522,466.88134765625,466.9162902832031,0.07103652507066727,0.010112179443240166,0.0003,0.0003,0.07103732228279114
,,,,,231999,5336.904,1000,,,,,,,,,,
,,,,,232000,,,-468.93499755859375,-5.79150390625,2.1154608726501465,467.51678466796875,467.48486328125,0.07107522338628769,0.01481892541050911,0.0003,0.0003,0.0710739865899086
,,,,,232999,5333.1445,1000,,,,,,,,,,
,,,,,233000,,,-466.6241455078125,-5.817622184753418,1.1687860488891602,465.347412109375,465.4721984863281,0.0709710344672203,0.012943519279360771,0.0003,0.0003,0.07097267359495163
,,,,,233999,5171.0146,1000,,,,,,,,,,
,,,,,234000,,,-472.1501770019531,-6.142243385314941,1.548848032951355,471.1849060058594,471.4043273925781,0.07094098627567291,-0.010090901516377926,0.0003,0.0003,0.07094695419073105
,,,,,234999,5381.79,1000,,,,,,,,,,
5278.948,123.93896,5422.613,5003.188,1000.0,235000,,,-467.7915954589844,-5.846869945526123,1.6867320537567139,466.8466491699219,466.6462097167969,0.07120529562234879,0.010903649963438511,0.0003,0.0003,0.07120390236377716
,,,,,235999,5293.1562,1000,,,,,,,,,,
,,,,,236000,,,-471.1809387207031,-6.246795177459717,1.253310203552246,470.1061706542969,470.18603515625,0.07042901962995529,-0.017381561920046806,0.0003,0.0003,0.07042719423770905
,,,,,236999,5414.94,1000,,,,,,,,,,
,,,,,237000,,,-472.1375427246094,-6.239376544952393,1.2826919555664062,470.9125671386719,470.855712890625,0.07070329040288925,-0.016924742609262466,0.0003,0.0003,0.07070509344339371
,,,,,237999,5336.8525,1000,,,,,,,,,,
,,,,,238000,,,-471.3504638671875,-5.89919900894165,1.5238282680511475,470.3442077636719,470.2759094238281,0.07104822993278503,0.007161757908761501,0.0003,0.0003,0.07104696333408356
,,,,,238999,5353.359,1000,,,,,,,,,,
,,,,,239000,,,-469.9232177734375,-5.849383354187012,1.9037973880767822,468.9892578125,468.7134704589844,0.07052542269229889,0.01062229834496975,0.0003,0.0003,0.07052402943372726
,,,,,239999,5302.542,1000,,,,,,,,,,
5420.728,60.61916,5492.131,5289.015,1000.0,240000,,,-471.13824462890625,-6.020839214324951,1.7398794889450073,469.7313232421875,470.1963806152344,0.07136008888483047,-0.0014870977029204369,0.0003,0.0003,0.07136023789644241
,,,,,240999,4783.941,1000,,,,,,,,,,
,,,,,241000,,,-477.94366455078125,-5.814427375793457,1.2717950344085693,477.0576171875,477.05767822265625,0.07159572094678879,0.013286223635077477,0.0003,0.0003,0.07159459590911865
,,,,,241999,5342.4824,1000,,,,,,,,,,
,,,,,242000,,,-477.57708740234375,-6.16160774230957,1.4836784601211548,476.3765869140625,476.10736083984375,0.07225104421377182,-0.011676330119371414,0.0003,0.0003,0.07225074619054794
,,,,,242999,5458.9116,1000,,,,,,,,,,
,,,,,243000,,,-482.07012939453125,-5.704690456390381,1.4156835079193115,481.1946105957031,481.0027160644531,0.07226339727640152,0.021340083330869675,0.0003,0.0003,0.07225893437862396
,,,,,243999,5550.9727,1000,,,,,,,,,,
,,,,,244000,,,-477.0551452636719,-6.08082914352417,1.2660014629364014,475.8774719238281,475.8857727050781,0.07212541997432709,-0.00582982087507844,0.0003,0.0003,0.07212486863136292
,,,,,244999,5430.2583,1000,,,,,,,,,,
5399.4956,92.80905,5602.982,5256.276,1000.0,245000,,,-477.7659912109375,-6.088018894195557,1.4226495027542114,476.5985107421875,476.4040222167969,0.07238811999559402,-0.006371523253619671,0.0003,0.0003,0.07238797843456268
,,,,,245999,5285.885,1000,,,,,,,,,,
,,,,,246000,,,-479.06573486328125,-6.284749984741211,1.677945852279663,477.72369384765625,477.5035400390625,0.07269556075334549,-0.020700059831142426,0.0003,0.0003,0.07269705086946487
,,,,,246999,5394.7285,1000,,,,,,,,,,
,,,,,247000,,,-482.23046875,-6.005344390869141,1.2954087257385254,481.065185546875,481.19744873046875,0.07281335443258286,-0.0003891582309734076,0.0003,0.0003,0.0728151947259903
,,,,,247999,5404.5737,1000,,,,,,,,,,
,,,,,248000,,,-478.923095703125,-5.869021415710449,1.409435510635376,477.7584228515625,477.80621337890625,0.073561891913414,0.00963501911610365,0.0003,0.0003,0.07356446981430054
,,,,,248999,5525.415,1000,,,,,,,,,,
,,,,,249000,,,-477.9802551269531,-5.83652925491333,1.5238971710205078,476.7054443359375,476.828857421875,0.07340484112501144,0.011999529786407948,0.0003,0.0003,0.07340186834335327
,,,,,249999,5586.371,1000,,,,,,,,,,
5532.7485,54.25501,5636.7046,5462.1084,1000.0,250000,,,-483.6114196777344,-5.798949241638184,1.3209336996078491,482.3280029296875,482.310546875,0.07362178713083267,0.014801652170717716,0.0003,0.0003,0.07362363487482071
,,,,,250999,5475.0713,1000,,,,,,,,,,
,,,,,251000,,,-477.8194885253906,-5.893634796142578,1.8979017734527588,476.63336181640625,476.4184265136719,0.07333371788263321,0.007800196297466755,0.0003,0.0003,0.07333369553089142
,,,,,251999,5543.953,1000,,,,,,,,,,
,,,,,252000,,,-479.6309814453125,-6.273166179656982,3.3079826831817627,478.6729431152344,478.477783203125,0.07412189245223999,-0.02024761214852333,0.0003,0.0003,0.07412312924861908
,,,,,252999,5533.607,1000,,,,,,,,,,
,,,,,253000,,,-484.744384765625,-5.868498802185059,1.0548739433288574,483.687255859375,483.81109619140625,0.07461359351873398,0.009811763651669025,0.0003,0.0003,0.07461398839950562
,,,,,253999,5165.7295,1000,,,,,,,,,,
,,,,,254000,,,-483.943603515625,-6.238671779632568,2.0233967304229736,482.7681884765625,482.87396240234375,0.07500065863132477,-0.017900560051202774,0.0003,0.0003,0.07500071078538895
,,,,,254999,5384.077,1000,,,,,,,,,,
5539.379,55.17532,5635.472,5433.669,1000.0,255000,,,-484.43743896484375,-5.6590704917907715,1.517297387123108,483.3255615234375,483.4677429199219,0.07546841353178024,0.025729423388838768,0.0003,0.0003,0.07546643167734146
,,,,,255999,5547.976,1000,,,,,,,,,,
,,,,,256000,,,-492.29205322265625,-6.287189960479736,1.1443159580230713,491.12518310546875,491.0959777832031,0.07567790895700455,-0.02173391729593277,0.0003,0.0003,0.07567999511957169
,,,,,256999,5544.2593,1000,,,,,,,,,,
,,,,,257000,,,-488.6537170410156,-6.0900349617004395,1.4217252731323242,487.54443359375,487.1922607421875,0.07570647448301315,-0.006816253066062927,0.0003,0.0003,0.07570614665746689
,,,,,257999,5360.9263,1000,,,,,,,,,,
,,,,,258000,,,-491.52618408203125,-6.544112205505371,2.6103291511535645,490.2286376953125,490.0137939453125,0.07622846215963364,-0.041476838290691376,0.0003,0.0003,0.07622884213924408
,,,,,258999,5638.5493,1000,,,,,,,,,,
,,,,,259000,,,-486.1728820800781,-5.879448413848877,1.5187997817993164,485.0926208496094,485.1867370605469,0.07650647312402725,0.009222973138093948,0.0003,0.0003,0.07650313526391983
,,,,,259999,5651.8164,1000,,,,,,,,,,
5533.191,93.41118,5706.612,5344.3013,1000.0,260000,,,-488.8692626953125,-6.322509288787842,1.8301633596420288,487.6305847167969,487.74530029296875,0.07699908316135406,-0.02483292482793331,0.0003,0.0003,0.07700005918741226
,,,,,260999,5666.3984,1000,,,,,,,,,,
,,,,,261000,,,-492.0863037109375,-5.771313190460205,1.0406363010406494,491.06585693359375,491.0823974609375,0.07735710591077805,0.017690526321530342,0.0003,0.0003,0.07735948264598846
,,,,,261999,5633.3833,1000,,,,,,,,,,
,,,,,262000,,,-487.6470642089844,-6.199636459350586,1.395011305809021,486.4426574707031,486.4434509277344,0.07728858292102814,-0.015429561026394367,0.0003,0.0003,0.07728730887174606
,,,,,262999,5733.8823,1000,,,,,,,,,,
,,,,,263000,,,-492.9986572265625,-5.822914123535156,1.2002227306365967,491.96246337890625,492.22467041015625,0.07771749794483185,0.013762648217380047,0.0003,0.0003,0.07771939039230347
,,,,,263999,5651.7583,1000,,,,,,,,,,
,,,,,264000,,,-493.681884765625,-5.970088958740234,1.8875060081481934,492.57501220703125,492.7791748046875,0.07774662971496582,0.0023254556581377983,0.0003,0.0003,0.07774568349123001
,,,,,264999,5772.0454,1000,,,,,,,,,,
5693.723,89.07972,5798.48,5523.145,1000.0,265000,,,-495.0777282714844,-6.062156677246094,1.456824541091919,493.823974609375,493.4539794921875,0.07754266262054443,-0.00481978477910161,0.0003,0.0003,0.07754316180944443
,,,,,265999,5722.947,1000,,,,,,,,,,
,,,,,266000,,,-492.0650939941406,-6.050800323486328,1.346360445022583,491.05426025390625,491.05316162109375,0.07856419682502747,-0.0039910911582410336,0.0003,0.0003,0.07856328040361404
,,,,,266999,5746.4233,1000,,,,,,,,,,
,,,,,267000,,,-494.0032653808594,-6.128599643707275,1.587517499923706,492.87164306640625,492.6630859375,0.07909192889928818,-0.010171224363148212,0.0003,0.0003,0.07909274101257324
,,,,,267999,5588.982,1000,,,,,,,,,,
,,,,,268000,,,-493.8971252441406,-6.244256496429443,1.4729009866714478,492.4544677734375,492.6622619628906,0.07943876832723618,-0.019403427839279175,0.0003,0.0003,0.07943885028362274
,,,,,268999,5723.0933,1000,,,,,,,,,,
,,,,,269000,,,-501.3623962402344,-5.747875690460205,1.7517391443252563,500.2431640625,500.0167541503906,0.07980591058731079,0.02012099139392376,0.0003,0.0003,0.07980772107839584
,,,,,269999,5720.393,1000,,,,,,,,,,
5731.7407,86.39436,5827.9805,5575.888,1000.0,270000,,,-503.693359375,-5.718788146972656,1.7452846765518188,502.51513671875,502.4766845703125,0.08064622431993484,0.022678673267364502,0.0003,0.0003,0.08064603060483932
,,,,,270999,5698.632,1000,,,,,,,,,,
,,,,,271000,,,-503.2443542480469,-5.894617080688477,1.4172816276550293,502.03851318359375,502.1319885253906,0.08045126497745514,0.008478201925754547,0.0003,0.0003,0.08044988662004471
,,,,,271999,5699.4272,1000,,,,,,,,,,
,,,,,272000,,,-498.7355041503906,-6.036503791809082,1.8390324115753174,497.64398193359375,497.6838684082031,0.08041028678417206,-0.0029352756682783365,0.0003,0.0003,0.08041321486234665
,,,,,272999,5668.3774,1000,,,,,,,,,,
,,,,,273000,,,-500.6025085449219,-5.39296293258667,1.7826154232025146,499.33319091796875,499.44354248046875,0.08069676905870438,0.048985954374074936,0.0003,0.0003,0.08069711923599243
,,,,,273999,5800.705,1000,,,,,,,,,,
,,,,,274000,,,-503.8787841796875,-6.074509620666504,1.5251355171203613,502.68560791015625,502.490478515625,0.08120246976613998,-0.00605039345100522,0.0003,0.0003,0.08120548725128174
,,,,,274999,5549.81,1000,,,,,,,,,,
3756.3992,1016.4717,4826.098,1595.559,1000.0,275000,,,-501.66949462890625,-6.392046928405762,2.4298653602600098,500.87060546875,500.52667236328125,0.08110521733760834,-0.03179702162742615,0.0003,0.0003,0.08110802620649338
,,,,,275999,5729.756,1000,,,,,,,,,,
,,,,,276000,,,-501.9614562988281,-6.427457332611084,1.599992275238037,500.8777770996094,500.82440185546875,0.08153087645769119,-0.03485099971294403,0.0003,0.0003,0.08153212070465088
,,,,,276999,5681.965,1000,,,,,,,,,,
,,,,,277000,,,-508.3825378417969,-5.842895984649658,1.669567584991455,507.2659606933594,507.3804931640625,0.08170776814222336,0.012836595065891743,0.0003,0.0003,0.08170203864574432
,,,,,277999,5830.2153,1000,,,,,,,,,,
,,,,,278000,,,-509.200927734375,-6.032891273498535,1.5754890441894531,508.0704345703125,508.04962158203125,0.08149778097867966,-0.002680559176951647,0.0003,0.0003,0.0814993754029274
,,,,,278999,5871.7124,1000,,,,,,,,,,
,,,,,279000,,,-509.79656982421875,-5.99970817565918,1.7577252388000488,508.5625,508.5313415527344,0.08253946900367737,2.4085335098789074e-05,0.0003,0.0003,0.0825386643409729
,,,,,279999,5730.2827,1000,,,,,,,,,,
5722.558,138.34187,5915.0273,5399.598,1000.0,280000,,,-505.3943176269531,-6.239587783813477,1.5829942226409912,503.76544189453125,503.671142578125,0.08196160197257996,-0.0196369718760252,0.0003,0.0003,0.08196437358856201
,,,,,280999,5796.9854,1000,,,,,,,,,,
,,,,,281000,,,-514.025634765625,-5.407712459564209,1.605897307395935,512.670166015625,512.9476318359375,0.08257176727056503,0.04890624061226845,0.0003,0.0003,0.08256524801254272
,,,,,281999,5756.8623,1000,,,,,,,,,,
,,,,,282000,,,-512.8278198242188,-6.541478157043457,1.6039206981658936,511.6415100097656,511.5931701660156,0.08295635133981705,-0.04491906240582466,0.0003,0.0003,0.08295692503452301
,,,,,282999,5818.6475,1000,,,,,,,,,,
,,,,,283000,,,-511.48590087890625,-5.39572811126709,1.552518606185913,510.31005859375,510.41583251953125,0.0839540883898735,0.05073108524084091,0.0003,0.0003,0.08395356684923172
,,,,,283999,5837.2793,1000,,,,,,,,,,
,,,,,284000,,,-511.2247009277344,-6.040798187255859,2.035233974456787,509.9935302734375,510.19635009765625,0.08448523283004761,-0.0034468129742890596,0.0003,0.0003,0.0844893604516983
,,,,,284999,5982.527,1000,,,,,,,,,,
5151.9844,1849.828,5890.0054,-381.95972,1000.0,285000,,,-516.585693359375,-5.3155646324157715,1.464523434638977,515.4575805664062,515.285888671875,0.08411990851163864,0.05757465213537216,0.0003,0.0003,0.0841139703989029
,,,,,285999,5909.134,1000,,,,,,,,,,
,,,,,286000,,,-514.150146484375,-5.917794227600098,1.453661322593689,512.879638671875,512.8972778320312,0.08384595066308975,0.0068926261737942696,0.0003,0.0003,0.08384375274181366
,,,,,286999,5850.564,1000,,,,,,,,,,
,,,,,287000,,,-513.809326171875,-5.803111553192139,2.8580944538116455,512.1264038085938,511.9925537109375,0.08403393626213074,0.016545264050364494,0.0003,0.0003,0.0840340107679367
,,,,,287999,5599.727,1000,,,,,,,,,,
,,,,,288000,,,-518.8194580078125,-5.457409858703613,1.6326574087142944,517.5380249023438,517.4610595703125,0.08452605456113815,0.04586298391222954,0.0003,0.0003,0.08452311158180237
,,,,,288999,5931.411,1000,,,,,,,,,,
,,,,,289000,,,-518.9520874023438,-5.8086042404174805,1.5436004400253296,517.7619018554688,517.8856201171875,0.08377958834171295,0.016035055741667747,0.0003,0.0003,0.083776094019413
,,,,,289999,5924.0474,1000,,,,,,,,,,
5796.8193,112.30741,5955.667,5597.5283,1000.0,290000,,,-516.9144897460938,-6.415338516235352,2.2770309448242188,515.7041015625,515.4334716796875,0.08436217159032822,-0.03503883257508278,0.0003,0.0003,0.08436217159032822
,,,,,290999,5965.6465,1000,,,,,,,,,,
,,,,,291000,,,-517.1298217773438,-5.965364456176758,1.7809016704559326,515.674560546875,515.7554931640625,0.0850924551486969,0.0029472196474671364,0.0003,0.0003,0.08509141951799393
,,,,,291999,4199.3,1000,,,,,,,,,,
,,,,,292000,,,-521.321533203125,-6.288486480712891,2.06894850730896,520.1253662109375,520.2709350585938,0.08517230302095413,-0.024571053683757782,0.0003,0.0003,0.08517500758171082
,,,,,292999,6017.0015,1000,,,,,,,,,,
,,,,,293000,,,-522.261474609375,-5.8814263343811035,1.6477327346801758,521.0865478515625,521.373779296875,0.08553328365087509,0.010142012499272823,0.0003,0.0003,0.08552978187799454
,,,,,293999,6064.3047,1000,,,,,,,,,,
,,,,,294000,,,-517.2807006835938,-6.43324089050293,2.0933542251586914,515.7792358398438,515.8418579101562,0.08519155532121658,-0.03690847381949425,0.0003,0.0003,0.08519308269023895
,,,,,294999,6085.137,1000,,,,,,,,,,
6003.132,131.65326,6142.184,5698.268,1000.0,295000,,,-522.3631591796875,-6.195644855499268,2.0125255584716797,521.649169921875,521.4293823242188,0.08520914614200592,-0.0166707132011652,0.0003,0.0003,0.08520904928445816
,,,,,295999,5896.6685,1000,,,,,,,,,,
,,,,,296000,,,-526.9475708007812,-5.910367965698242,1.6113792657852173,525.905517578125,525.8543090820312,0.08534970134496689,0.0076500787399709225,0.0003,0.0003,0.08534878492355347
,,,,,296999,6088.6655,1000,,,,,,,,,,
,,,,,297000,,,-528.8402709960938,-6.049560546875,2.3413610458374023,527.5060424804688,527.1184692382812,0.08513975888490677,-0.004219610244035721,0.0003,0.0003,0.0851401835680008
,,,,,297999,5939.9263,1000,,,,,,,,,,
,,,,,298000,,,-523.85546875,-5.907425880432129,1.712998390197754,522.6182861328125,522.7554931640625,0.08500858396291733,0.0078695984557271,0.0003,0.0003,0.08500605076551437
,,,,,298999,5735.3774,1000,,,,,,,,,,
,,,,,299000,,,-530.5261840820312,-6.089571475982666,1.7548444271087646,529.2384643554688,529.3389892578125,0.0849856287240982,-0.007612277287989855,0.0003,0.0003,0.08498518168926239
,,,,,299999,6062.3022,1000,,,,,,,,,,
5970.912,156.25932,6184.7065,5668.974,1000.0,300000,,,-524.2278442382812,-5.930116176605225,1.685150384902954,523.0402221679688,523.1491088867188,0.08533861488103867,0.0059638237580657005,0.0003,0.0003,0.08533749729394913
,,,,,300999,6110.9565,1000,,,,,,,,,,
,,,,,301000,,,-524.36279296875,-5.8704729080200195,1.9326269626617432,522.882568359375,522.8251342773438,0.085722416639328,0.011103414930403233,0.0003,0.0003,0.08572259545326233
,,,,,301999,6053.234,1000,,,,,,,,,,
,,,,,302000,,,-525.1858520507812,-5.727114200592041,2.6467981338500977,524.1142578125,523.8145751953125,0.08533523976802826,0.023286789655685425,0.0003,0.0003,0.08533501625061035
,,,,,302999,6066.3716,1000,,,,,,,,,,
,,,,,303000,,,-530.6148681640625,-6.229454040527344,2.078202962875366,529.5252685546875,529.4224853515625,0.08576679229736328,-0.019679568707942963,0.0003,0.0003,0.08577071875333786
,,,,,303999,6016.063,1000,,,,,,,,,,
,,,,,304000,,,-534.3544921875,-5.986917018890381,2.0093626976013184,532.9302978515625,533.0457153320312,0.08631066232919693,0.0011291969567537308,0.0003,0.0003,0.08631031215190887
,,,,,304999,5369.9487,1000,,,,,,,,,,
5933.7373,82.24412,6062.1626,5790.3594,1000.0,305000,,,-528.2166137695312,-5.889689922332764,2.010158061981201,526.88427734375,527.1472778320312,0.08732887357473373,0.009633253328502178,0.0003,0.0003,0.08732575178146362
,,,,,305999,5945.3086,1000,,,,,,,,,,
,,,,,306000,,,-534.991455078125,-5.905439376831055,1.7734134197235107,533.7132568359375,533.7982788085938,0.08735179901123047,0.00826005358248949,0.0003,0.0003,0.08735482394695282
,,,,,306999,6067.2583,1000,,,,,,,,,,
,,,,,307000,,,-533.1740112304688,-5.761326313018799,3.2367959022521973,531.81689453125,531.8607788085938,0.0881737619638443,0.0210447758436203,0.0003,0.0003,0.08817195892333984
,,,,,307999,6166.193,1000,,,,,,,,,,
,,,,,308000,,,-537.2910766601562,-6.269808292388916,2.0297136306762695,535.9982299804688,536.086669921875,0.08838775753974915,-0.023847755044698715,0.0003,0.0003,0.0883888527750969
,,,,,308999,5843.599,1000,,,,,,,,,,
,,,,,309000,,,-539.797119140625,-6.115187168121338,1.4874264001846313,538.660400390625,538.7102661132812,0.08839024603366852,-0.010181409306824207,0.0003,0.0003,0.088385209441185
,,,,,309999,6079.6157,1000,,,,,,,,,,
6183.857,139.55707,6327.733,5952.3677,1000.0,310000,,,-539.6843872070312,-5.628756046295166,1.9621953964233398,538.8085327148438,538.4708251953125,0.0890984907746315,0.03307728469371796,0.0003,0.0003,0.08909464627504349
,,,,,310999,6214.3384,1000,,,,,,,,,,
,,,,,311000,,,-532.3240966796875,-5.848769664764404,3.183361053466797,530.8755493164062,530.594970703125,0.08954525738954544,0.0135419350117445,0.0003,0.0003,0.08954154700040817
,,,,,311999,6231.6426,1000,,,,,,,,,,
,,,,,312000,,,-533.4549560546875,-5.4650468826293945,2.099529266357422,531.9396362304688,531.8417358398438,0.08954816311597824,0.047904111444950104,0.0003,0.0003,0.08954507112503052
,,,,,312999,6201.5317,1000,,,,,,,,,,
,,,,,313000,,,-540.1746826171875,-5.405942916870117,2.265545129776001,539.1510009765625,539.1123046875,0.08928500860929489,0.05304039642214775,0.0003,0.0003,0.08928292244672775
,,,,,313999,6131.574,1000,,,,,,,,,,
,,,,,314000,,,-540.56494140625,-5.941991329193115,2.022676467895508,539.1282958984375,539.0338134765625,0.09045432507991791,0.005247120279818773,0.0003,0.0003,0.09045855700969696
,,,,,314999,6093.6113,1000,,,,,,,,,,
5949.2554,152.4937,6216.644,5658.168,1000.0,315000,,,-540.2356567382812,-6.018837928771973,2.815082311630249,538.8486328125,538.767333984375,0.08995747566223145,-0.001694610808044672,0.0003,0.0003,0.08995640277862549
,,,,,315999,6175.4473,1000,,,,,,,,,,
,,,,,316000,,,-537.448486328125,-5.517335891723633,2.3268203735351562,536.1982421875,536.1182861328125,0.08938142657279968,0.043141160160303116,0.0003,0.0003,0.08938244730234146
,,,,,316999,6223.053,1000,,,,,,,,,,
,,,,,317000,,,-539.68896484375,-5.741152286529541,2.094714403152466,538.4904174804688,538.6249389648438,0.09045516699552536,0.023414097726345062,0.0003,0.0003,0.09045333415269852
,,,,,317999,6182.6006,1000,,,,,,,,,,
,,,,,318000,,,-538.906982421875,-5.783647537231445,2.135077953338623,537.7484741210938,537.8496704101562,0.09066535532474518,0.019615674391388893,0.0003,0.0003,0.09066084027290344
,,,,,318999,6231.5933,1000,,,,,,,,,,
,,,,,319000,,,-545.1915283203125,-5.881382942199707,2.0787785053253174,543.9966430664062,543.9487915039062,0.09078484773635864,0.010768622159957886,0.0003,0.0003,0.09078363329172134
,,,,,319999,6318.5127,1000,,,,,,,,,,
6107.5273,261.35626,6339.9927,5353.702,1000.0,320000,,,-547.8820190429688,-6.089080810546875,2.2230589389801025,546.7073974609375,546.966552734375,0.09136460721492767,-0.008138816803693771,0.0003,0.0003,0.09136584401130676
,,,,,320999,5894.572,1000,,,,,,,,,,
,,,,,321000,,,-545.9650268554688,-5.935868263244629,2.6311001777648926,544.72314453125,544.6963500976562,0.09191957116127014,0.005894968751817942,0.0003,0.0003,0.0919186919927597
,,,,,321999,6125.4785,1000,,,,,,,,,,
,,,,,322000,,,-550.0377807617188,-6.0926947593688965,2.072449207305908,549.07763671875,549.236083984375,0.09252120554447174,-0.008576194755733013,0.0003,0.0003,0.09252148866653442
,,,,,322999,6235.3677,1000,,,,,,,,,,
,,,,,323000,,,-545.8583374023438,-6.149039268493652,1.8432950973510742,544.2332763671875,544.1135864257812,0.0923897996544838,-0.013769755139946938,0.0003,0.0003,0.0923938974738121
,,,,,323999,6253.193,1000,,,,,,,,,,
,,,,,324000,,,-548.6129760742188,-6.0116424560546875,1.6340959072113037,547.42724609375,547.2960815429688,0.09296070784330368,-0.0010822464246302843,0.0003,0.0003,0.0929613932967186
,,,,,324999,6312.277,1000,,,,,,,,,,
6286.396,171.56143,6457.6494,5896.816,1000.0,325000,,,-549.552490234375,-6.272183895111084,2.181992769241333,548.7059326171875,549.02734375,0.09393642097711563,-0.025568008422851562,0.0003,0.0003,0.09394463896751404
,,,,,325999,5940.047,1000,,,,,,,,,,
,,,,,326000,,,-551.9886474609375,-6.184399604797363,1.9556939601898193,550.8660278320312,550.796875,0.09418011456727982,-0.017366768792271614,0.0003,0.0003,0.09418222308158875
,,,,,326999,6281.64,1000,,,,,,,,,,
,,,,,327000,,,-547.6161499023438,-6.207413673400879,2.311696767807007,546.0098266601562,546.1538696289062,0.09469161927700043,-0.019640350714325905,0.0003,0.0003,0.09468897432088852
,,,,,327999,6211.9014,1000,,,,,,,,,,
,,,,,328000,,,-557.0108032226562,-6.076362133026123,3.1539409160614014,556.0809936523438,555.6451416015625,0.09463877975940704,-0.007226840127259493,0.0003,0.0003,0.0946405827999115
,,,,,328999,6215.383,1000,,,,,,,,,,
,,,,,329000,,,-552.0354614257812,-5.592536449432373,2.435725688934326,550.934814453125,551.0612182617188,0.09535439312458038,0.03885342925786972,0.0003,0.0003,0.09535519033670425
,,,,,329999,6240.1694,1000,,,,,,,,,,
5947.7905,1090.1886,6445.2925,2692.7363,1000.0,330000,,,-556.4840698242188,-6.120018005371094,2.273733377456665,555.0748291015625,555.160400390625,0.09492979943752289,-0.011393253691494465,0.0003,0.0003,0.09493174403905869
,,,,,330999,6169.6675,1000,,,,,,,,,,
,,,,,331000,,,-555.746826171875,-5.770659923553467,2.8752808570861816,554.3446044921875,554.51416015625,0.09528087824583054,0.021851757541298866,0.0003,0.0003,0.09528675675392151
,,,,,331999,6195.2554,1000,,,,,,,,,,
,,,,,332000,,,-555.6896362304688,-5.770302772521973,2.6423301696777344,554.3854370117188,554.5654296875,0.09465872496366501,0.021742835640907288,0.0003,0.0003,0.09466049075126648
,,,,,332999,6352.8027,1000,,,,,,,,,,
,,,,,333000,,,-558.005126953125,-5.989077091217041,2.864147424697876,556.7359619140625,556.9860229492188,0.09512627869844437,0.001039064140059054,0.0003,0.0003,0.09512752294540405
,,,,,333999,6301.9556,1000,,,,,,,,,,
,,,,,334000,,,-554.5899658203125,-6.02900505065918,3.601705551147461,552.8912353515625,552.9130859375,0.0956185907125473,-0.0027734381146728992,0.0003,0.0003,0.09561637789011002
,,,,,334999,6358.442,1000,,,,,,,,,,
6320.589,78.83,6471.179,6219.5063,1000.0,335000,,,-560.7307739257812,-6.152720928192139,2.2718820571899414,559.6219482421875,559.5723266601562,0.09576375782489777,-0.014625133946537971,0.0003,0.0003,0.09576437622308731
,,,,,335999,6276.5894,1000,,,,,,,,,,
,,,,,336000,,,-557.1577758789062,-5.925431728363037,2.321873903274536,556.0023803710938,555.8978881835938,0.09568987786769867,0.00713543314486742,0.0003,0.0003,0.09569104015827179
,,,,,336999,4139.783,1000,,,,,,,,,,
,,,,,337000,,,-561.66064453125,-5.447601318359375,3.200829267501831,560.1735229492188,560.13623046875,0.09589037299156189,0.05296966806054115,0.0003,0.0003,0.09588667005300522
,,,,,337999,6294.864,1000,,,,,,,,,,
,,,,,338000,,,-555.3397216796875,-5.938337326049805,2.427661418914795,554.0574951171875,553.9755859375,0.09583429247140884,0.00590939586982131,0.0003,0.0003,0.09583728015422821
,,,,,338999,6287.9204,1000,,,,,,,,,,
,,,,,339000,,,-557.1317138671875,-5.735573768615723,2.6492226123809814,555.7646484375,555.8989868164062,0.09549624472856522,0.025251686573028564,0.0003,0.0003,0.09549766033887863
,,,,,339999,6356.1265,1000,,,,,,,,,,
6008.893,831.8981,6408.048,3518.0044,1000.0,340000,,,-558.2427368164062,-6.306642055511475,2.694232940673828,557.0609130859375,557.509033203125,0.09392441809177399,-0.028801165521144867,0.0003,0.0003,0.0939234122633934
,,,,,340999,6220.0293,1000,,,,,,,,,,
,,,,,341000,,,-560.942138671875,-6.364764213562012,3.126563787460327,559.6060180664062,559.9534912109375,0.09308192878961563,-0.03395295888185501,0.0003,0.0003,0.09308208525180817
,,,,,341999,6191.641,1000,,,,,,,,,,
,,,,,342000,,,-560.447998046875,-6.3153839111328125,3.6907286643981934,559.4049682617188,559.123779296875,0.09223023802042007,-0.029087889939546585,0.0003,0.0003,0.09223087877035141
,,,,,342999,6440.811,1000,,,,,,,,,,
,,,,,343000,,,-567.0092163085938,-6.093453407287598,2.788365125656128,565.7843627929688,565.6463623046875,0.09328363090753555,-0.008717636577785015,0.0003,0.0003,0.09328743815422058
,,,,,343999,6369.6416,1000,,,,,,,,,,
,,,,,344000,,,-561.9100341796875,-5.786262512207031,2.2282626628875732,560.5103759765625,560.4998779296875,0.09341347217559814,0.019965944811701775,0.0003,0.0003,0.0934140756726265
,,,,,344999,6190.8926,1000,,,,,,,,,,
5761.0317,1535.8866,6377.4673,1161.504,1000.0,345000,,,-565.8524780273438,-5.651478290557861,3.0142133235931396,564.6346435546875,564.5529174804688,0.0932392105460167,0.032495878636837006,0.0003,0.0003,0.09323960542678833
,,,,,345999,2086.8538,1000,,,,,,,,,,
,,,,,346000,,,-565.8301391601562,-6.122417449951172,2.3960273265838623,564.6917114257812,564.4203491210938,0.09342145174741745,-0.01143642421811819,0.0003,0.0003,0.09342175722122192
,,,,,346999,6087.3574,1000,,,,,,,,,,
,,,,,347000,,,-566.5205078125,-6.0602335929870605,3.0475478172302246,565.2021484375,565.5857543945312,0.09330516308546066,-0.005620121024549007,0.0003,0.0003,0.09330572187900543
,,,,,347999,6437.81,1000,,,,,,,,,,
,,,,,348000,,,-563.8646240234375,-6.091916561126709,2.6197314262390137,562.693115234375,562.9783325195312,0.093260258436203,-0.008572140708565712,0.0003,0.0003,0.09326226264238358
,,,,,348999,5914.0454,1000,,,,,,,,,,
,,,,,349000,,,-567.6425170898438,-5.880221843719482,3.36670184135437,566.1363525390625,566.6689453125,0.09284202754497528,0.011120464652776718,0.0003,0.0003,0.09284191578626633
,,,,,349999,6401.721,1000,,,,,,,,,,
6307.2544,278.28204,6502.248,5486.4956,1000.0,350000,,,-562.9990844726562,-6.001952648162842,3.1193785667419434,561.76953125,561.4751586914062,0.09276284277439117,-0.0001811691327020526,0.0003,0.0003,0.09276226162910461
,,,,,350999,6336.8345,1000,,,,,,,,,,
,,,,,351000,,,-569.1176147460938,-6.367408752441406,2.7842190265655518,567.85107421875,567.7479248046875,0.09217963367700577,-0.033867619931697845,0.0003,0.0003,0.09218046814203262
,,,,,351999,6489.3765,1000,,,,,,,,,,
,,,,,352000,,,-569.7013549804688,-6.204394817352295,3.8240668773651123,568.30517578125,567.9656982421875,0.09119459241628647,-0.0186396986246109,0.0003,0.0003,0.0911981388926506
,,,,,352999,6321.3447,1000,,,,,,,,,,
,,,,,353000,,,-571.4228515625,-5.794111728668213,3.74489164352417,569.9639892578125,569.9625244140625,0.09208924323320389,0.018960123881697655,0.0003,0.0003,0.09208796918392181
,,,,,353999,6508.8604,1000,,,,,,,,,,
,,,,,354000,,,-577.0015258789062,-5.852273941040039,2.1557955741882324,575.8328857421875,575.4196166992188,0.09281254559755325,0.013710836879909039,0.0003,0.0003,0.09281064569950104
,,,,,354999,6508.0137,1000,,,,,,,,,,
6356.9927,326.28485,6549.4497,5469.6094,1000.0,355000,,,-573.1245727539062,-5.864165782928467,2.796755313873291,571.9556884765625,572.010009765625,0.09323302656412125,0.012664223089814186,0.0003,0.0003,0.09323523193597794
,,,,,355999,3590.7378,1000,,,,,,,,,,
,,,,,356000,,,-570.3262939453125,-5.570257663726807,3.9412012100219727,569.0906372070312,569.302490234375,0.09373705834150314,0.040282800793647766,0.0003,0.0003,0.09373390674591064
,,,,,356999,6375.919,1000,,,,,,,,,,
,,,,,357000,,,-574.9739990234375,-6.2619218826293945,3.408278703689575,573.3240966796875,573.60302734375,0.0933220311999321,-0.024443017318844795,0.0003,0.0003,0.0933222770690918
,,,,,357999,6353.72,1000,,,,,,,,,,
,,,,,358000,,,-569.938720703125,-6.042668342590332,3.2520954608917236,568.6334228515625,568.7256469726562,0.09344900399446487,-0.003987310454249382,0.0003,0.0003,0.09344778209924698
,,,,,358999,6466.8193,1000,,,,,,,,,,
,,,,,359000,,,-567.456787109375,-5.751389503479004,3.564687967300415,566.329345703125,566.0391845703125,0.09309355914592743,0.023144060745835304,0.0003,0.0003,0.09309380501508713
,,,,,359999,6400.879,1000,,,,,,,,,,
6459.6978,66.07951,6548.1963,6296.5137,1000.0,360000,,,-569.8528442382812,-6.105340003967285,2.6236572265625,568.257080078125,568.3544921875,0.09359253197908401,-0.009859010577201843,0.0003,0.0003,0.09359148144721985
,,,,,360999,3804.7417,1000,,,,,,,,,,
,,,,,361000,,,-577.9802856445312,-5.594130516052246,6.301382541656494,576.7026977539062,576.6196899414062,0.09424085170030594,0.038249481469392776,0.0003,0.0003,0.09423878788948059
,,,,,361999,6595.6973,1000,,,,,,,,,,
,,,,,362000,,,-571.9136352539062,-6.316396236419678,3.551783800125122,570.0401000976562,570.2781982421875,0.093804731965065,-0.029679536819458008,0.0003,0.0003,0.09380658715963364
,,,,,362999,6568.5015,1000,,,,,,,,,,
,,,,,363000,,,-578.2946166992188,-5.865943908691406,3.0727744102478027,577.2627563476562,577.0867309570312,0.0939801037311554,0.012598625384271145,0.0003,0.0003,0.09398061782121658
,,,,,363999,6609.97,1000,,,,,,,,,,
,,,,,364000,,,-580.5090942382812,-5.767922401428223,2.6110596656799316,579.15283203125,579.2985229492188,0.09492767602205276,0.022030554711818695,0.0003,0.0003,0.09492794424295425
,,,,,364999,6543.5176,1000,,,,,,,,,,
6498.7124,126.10721,6727.176,6289.3525,1000.0,365000,,,-579.1590576171875,-5.817310810089111,2.8130500316619873,577.8170166015625,578.2210693359375,0.09447722882032394,0.01725997030735016,0.0003,0.0003,0.09447914361953735
,,,,,365999,6416.5283,1000,,,,,,,,,,
,,,,,366000,,,-579.85595703125,-5.570831298828125,2.42494797706604,578.4078369140625,578.57861328125,0.09421056509017944,0.04043222963809967,0.0003,0.0003,0.09421209245920181
,,,,,366999,6516.9404,1000,,,,,,,,,,
,,,,,367000,,,-578.3616333007812,-6.141007423400879,2.797600030899048,576.8057250976562,577.0852661132812,0.09381633996963501,-0.013228822499513626,0.0003,0.0003,0.09381627291440964
,,,,,367999,6388.2773,1000,,,,,,,,,,
,,,,,368000,,,-582.5084838867188,-5.804560661315918,3.0692856311798096,581.1866455078125,581.3350830078125,0.09412812441587448,0.018396349623799324,0.0003,0.0003,0.09412920475006104
,,,,,368999,6566.0156,1000,,,,,,,,,,
,,,,,369000,,,-576.7305297851562,-6.3928446769714355,3.521632671356201,575.4267578125,575.2949829101562,0.09524546563625336,-0.03741668164730072,0.0003,0.0003,0.09524932503700256
,,,,,369999,6201.552,1000,,,,,,,,,,
6545.8975,135.13718,6720.614,6259.0923,1000.0,370000,,,-581.8575439453125,-5.7556962966918945,2.8843863010406494,580.30126953125,580.537841796875,0.09686942398548126,0.023665569722652435,0.0003,0.0003,0.096871018409729
,,,,,370999,6439.8687,1000,,,,,,,,,,
,,,,,371000,,,-584.6110229492188,-5.755926609039307,2.574273109436035,583.426025390625,583.6495971679688,0.09695301949977875,0.023663654923439026,0.0003,0.0003,0.09695836156606674
,,,,,371999,6546.166,1000,,,,,,,,,,
,,,,,372000,,,-576.8275146484375,-6.021457672119141,3.213707447052002,575.27392578125,575.6129760742188,0.09699990600347519,-0.002081407466903329,0.0003,0.0003,0.09699711203575134
,,,,,372999,6474.507,1000,,,,,,,,,,
,,,,,373000,,,-579.3544311523438,-5.7241716384887695,17.69258689880371,578.003173828125,577.5255737304688,0.09656336158514023,0.02663491666316986,0.0003,0.0003,0.0965675488114357
,,,,,373999,6197.322,1000,,,,,,,,,,
,,,,,374000,,,-579.044677734375,-6.179493427276611,3.746718406677246,577.82177734375,578.1965942382812,0.09699125587940216,-0.0174093134701252,0.0003,0.0003,0.09699366241693497
,,,,,374999,6596.397,1000,,,,,,,,,,
6607.096,68.80073,6703.621,6463.0405,1000.0,375000,,,-587.2088623046875,-6.045199871063232,2.7879114151000977,585.7171020507812,585.6359252929688,0.09741150587797165,-0.004402986261993647,0.0003,0.0003,0.09741480648517609
,,,,,375999,6574.428,1000,,,,,,,,,,
,,,,,376000,,,-586.3292846679688,-5.669715404510498,3.3418736457824707,584.664794921875,584.796875,0.09791629761457443,0.03234025090932846,0.0003,0.0003,0.09791268408298492
,,,,,376999,6560.752,1000,,,,,,,,,,
,,,,,377000,,,-586.2428588867188,-5.692333698272705,2.9854063987731934,585.264892578125,585.182373046875,0.09857029467821121,0.03032672218978405,0.0003,0.0003,0.09856977313756943
,,,,,377999,6445.3735,1000,,,,,,,,,,
,,,,,378000,,,-579.8682250976562,-6.082259654998779,2.918837785720825,578.510498046875,578.4005126953125,0.09864380955696106,-0.008114398457109928,0.0003,0.0003,0.09864192456007004
,,,,,378999,6563.0894,1000,,,,,,,,,,
,,,,,379000,,,-581.1080932617188,-5.947948932647705,3.282134771347046,579.32666015625,579.615478515625,0.09888490289449692,0.005147050134837627,0.0003,0.0003,0.09888403117656708
,,,,,379999,6496.5713,1000,,,,,,,,,,
6594.185,214.0218,6737.231,5965.5254,1000.0,380000,,,-589.7047729492188,-5.758746147155762,2.594705104827881,588.5075073242188,588.5484008789062,0.09949160367250443,0.024002734571695328,0.0003,0.0003,0.0994916707277298
,,,,,380999,6582.088,1000,,,,,,,,,,
,,,,,381000,,,-588.1006469726562,-6.14511775970459,3.1833572387695312,586.8509521484375,586.5648193359375,0.09905727952718735,-0.014374985359609127,0.0003,0.0003,0.099052794277668
,,,,,381999,6421.4414,1000,,,,,,,,,,
,,,,,382000,,,-590.4903564453125,-6.365091323852539,2.7273988723754883,589.2081298828125,589.0586547851562,0.09965379536151886,-0.03638271987438202,0.0003,0.0003,0.09965797513723373
,,,,,382999,6584.788,1000,,,,,,,,,,
,,,,,383000,,,-581.0397338867188,-6.038741111755371,3.6638803482055664,579.2357177734375,579.2160034179688,0.09944900870323181,-0.003852710360661149,0.0003,0.0003,0.09945584088563919
,,,,,383999,6667.3623,1000,,,,,,,,,,
,,,,,384000,,,-592.5992431640625,-6.194494247436523,2.4928994178771973,591.2363891601562,591.11083984375,0.0998382419347763,-0.019418025389313698,0.0003,0.0003,0.09983497858047485
,,,,,384999,6700.645,1000,,,,,,,,,,
6514.933,54.039906,6589.825,6386.4844,1000.0,385000,,,-590.5482177734375,-6.187495708465576,3.280097246170044,588.7919311523438,588.9450073242188,0.09919309616088867,-0.018598275259137154,0.0003,0.0003,0.09919425845146179
,,,,,385999,6618.6147,1000,,,,,,,,,,
,,,,,386000,,,-591.1671142578125,-5.960939884185791,2.99176287651062,589.349365234375,589.4205932617188,0.09892093390226364,0.0038639127742499113,0.0003,0.0003,0.09892147779464722
,,,,,386999,6709.3755,1000,,,,,,,,,,
,,,,,387000,,,-593.1539916992188,-5.749266624450684,2.669694662094116,591.6314086914062,591.4659423828125,0.09921767562627792,0.024877188727259636,0.0003,0.0003,0.09921956807374954
,,,,,387999,6535.448,1000,,,,,,,,,,
,,,,,388000,,,-593.4789428710938,-5.904784202575684,2.3833909034729004,592.5130615234375,592.486328125,0.09833190590143204,0.009362762793898582,0.0003,0.0003,0.09833460301160812
,,,,,388999,6694.3823,1000,,,,,,,,,,
,,,,,389000,,,-598.1408081054688,-6.0058722496032715,3.638212203979492,596.6343383789062,596.9915771484375,0.09947805851697922,-0.0005841186502948403,0.0003,0.0003,0.09948204457759857
,,,,,389999,6705.5234,1000,,,,,,,,,,
6584.716,84.50751,6697.4604,6436.549,1000.0,390000,,,-589.2885131835938,-6.591796875,3.839919090270996,587.3304443359375,587.6082763671875,0.09929491579532623,-0.058762356638908386,0.0003,0.0003,0.09929224103689194
,,,,,390999,6619.632,1000,,,,,,,,,,
,,,,,391000,,,-596.3632202148438,-5.8857269287109375,3.471783399581909,595.1272583007812,594.7922973632812,0.0987183153629303,0.01128083374351263,0.0003,0.0003,0.09872010350227356
,,,,,391999,6655.639,1000,,,,,,,,,,
,,,,,392000,,,-595.532958984375,-6.246552467346191,2.8539481163024902,593.931640625,594.2022094726562,0.09835879504680634,-0.02425062283873558,0.0003,0.0003,0.09836205840110779
,,,,,392999,6642.7217,1000,,,,,,,,,,
,,,,,393000,,,-595.2301635742188,-6.135932445526123,2.9087421894073486,594.0763549804688,594.2991333007812,0.0991639643907547,-0.013479539193212986,0.0003,0.0003,0.09916242957115173
,,,,,393999,6729.545,1000,,,,,,,,,,
,,,,,394000,,,-601.6117553710938,-6.072009563446045,2.792949914932251,600.0770874023438,600.022216796875,0.09835466742515564,-0.007082435768097639,0.0003,0.0003,0.09835666418075562
,,,,,394999,6766.9517,1000,,,,,,,,,,
6585.8423,61.30299,6666.9985,6461.2183,1000.0,395000,,,-596.4981689453125,-5.787848949432373,3.3597021102905273,594.8173828125,595.3522338867188,0.0987684354186058,0.020953835919499397,0.0003,0.0003,0.09876377880573273
,,,,,395999,6026.9336,1000,,,,,,,,,,
,,,,,396000,,,-597.9871215820312,-5.871411323547363,2.8234896659851074,596.126708984375,596.1534423828125,0.09902703016996384,0.012733728624880314,0.0003,0.0003,0.09902507066726685
,,,,,396999,6698.005,1000,,,,,,,,,,
,,,,,397000,,,-596.830322265625,-6.265917778015137,3.5211713314056396,594.924560546875,594.93603515625,0.09929408878087997,-0.0264040045440197,0.0003,0.0003,0.09929590672254562
,,,,,397999,6741.9385,1000,,,,,,,,,,
,,,,,398000,,,-598.9323120117188,-6.65587043762207,2.396777629852295,597.5027465820312,597.6195068359375,0.09939176589250565,-0.06518811732530594,0.0003,0.0003,0.099397212266922
,,,,,398999,6760.5815,1000,,,,,,,,,,
,,,,,399000,,,-595.8536376953125,-6.051833152770996,2.7243754863739014,594.3284912109375,594.35400390625,0.09867678582668304,-0.005114681553095579,0.0003,0.0003,0.09867621958255768
,,,,,399999,6515.873,1000,,,,,,,,,,
6644.1846,58.166294,6734.5703,6562.639,1000.0,400000,,,-601.5669555664062,-6.08549690246582,2.7485203742980957,599.8943481445312,600.0328369140625,0.09924303740262985,-0.008484981022775173,0.0003,0.0003,0.09924241900444031
,,,,,400999,6741.5386,1000,,,,,,,,,,
,,,,,401000,,,-602.5457763671875,-5.8765950202941895,2.3400559425354004,600.9514770507812,601.1009521484375,0.0993366613984108,0.012258626520633698,0.0003,0.0003,0.09933564066886902
,,,,,401999,6654.8545,1000,,,,,,,,,,
,,,,,402000,,,-603.5570678710938,-6.16364860534668,3.44669771194458,602.4730224609375,602.4877319335938,0.09996931999921799,-0.016359828412532806,0.0003,0.0003,0.09997095912694931
,,,,,402999,6764.667,1000,,,,,,,,,,
,,,,,403000,,,-601.4871215820312,-5.912397384643555,3.3030285835266113,600.0712890625,599.8042602539062,0.09947673231363297,0.008714430965483189,0.0003,0.0003,0.09947820007801056
,,,,,403999,6806.748,1000,,,,,,,,,,
,,,,,404000,,,-602.0708618164062,-5.705655097961426,2.880765914916992,600.62451171875,600.3876953125,0.09807664901018143,0.02886834368109703,0.0003,0.0003,0.09807367622852325
,,,,,404999,6792.4424,1000,,,,,,,,,,
6367.4526,434.26794,6563.8633,5069.195,1000.0,405000,,,-599.4669189453125,-6.247485160827637,3.5902183055877686,597.8504028320312,598.0390625,0.0983809381723404,-0.024347880855202675,0.0003,0.0003,0.09838645160198212
,,,,,405999,6728.2715,1000,,,,,,,,,,
,,,,,406000,,,-607.2140502929688,-6.3779296875,2.295276165008545,606.05322265625,606.2528076171875,0.09948363155126572,-0.037597864866256714,0.0003,0.0003,0.09948422759771347
,,,,,406999,6772.8135,1000,,,,,,,,,,
,,,,,407000,,,-605.4132080078125,-5.6101484298706055,3.412797451019287,604.6658935546875,604.2620239257812,0.09950550645589828,0.03879234939813614,0.0003,0.0003,0.09949921816587448
,,,,,407999,6747.087,1000,,,,,,,,,,
,,,,,408000,,,-608.1234741210938,-6.29283332824707,2.968606948852539,607.166259765625,606.959228515625,0.09877780824899673,-0.0289254579693079,0.0003,0.0003,0.09877520054578781
,,,,,408999,6630.6953,1000,,,,,,,,,,
,,,,,409000,,,-617.3571166992188,-5.603425979614258,2.6904518604278564,616.332763671875,616.2890625,0.09838661551475525,0.03901760280132294,0.0003,0.0003,0.09838858246803284
,,,,,409999,6702.7744,1000,,,,,,,,,,
6674.2515,157.65872,6816.5195,6318.552,1000.0,410000,,,-607.6148681640625,-5.802147388458252,2.6103007793426514,605.7999267578125,606.0692749023438,0.09809769690036774,0.01940891519188881,0.0003,0.0003,0.09809764474630356
,,,,,410999,6720.808,1000,,,,,,,,,,
,,,,,411000,,,-610.5693969726562,-5.905606269836426,2.573984146118164,609.2179565429688,609.2868041992188,0.09848180413246155,0.009296032600104809,0.0003,0.0003,0.09848407655954361
,,,,,411999,6815.4165,1000,,,,,,,,,,
,,,,,412000,,,-606.5897827148438,-6.581140041351318,3.367335557937622,605.2431640625,605.1674194335938,0.09896969795227051,-0.05751526728272438,0.0003,0.0003,0.09897080808877945
,,,,,412999,5573.19,1000,,,,,,,,,,
,,,,,413000,,,-602.47509765625,-6.016911029815674,3.3235960006713867,601.3884887695312,600.7928466796875,0.09949079900979996,-0.0016824937192723155,0.0003,0.0003,0.09948809444904327
,,,,,413999,6801.5967,1000,,,,,,,,,,
,,,,,414000,,,-611.4309692382812,-5.384424686431885,2.114807605743408,610.0126953125,609.8596801757812,0.0990489199757576,0.06097210571169853,0.0003,0.0003,0.09904549270868301
,,,,,414999,6789.8604,1000,,,,,,,,,,
6748.5454,378.24612,6942.0205,5620.4033,1000.0,415000,,,-613.3046875,-5.973918914794922,2.2476859092712402,612.14306640625,612.287353515625,0.0993083193898201,0.002590070478618145,0.0003,0.0003,0.09930287301540375
,,,,,415999,6905.1753,1000,,,,,,,,,,
,,,,,416000,,,-604.5623168945312,-5.9028425216674805,2.7831342220306396,602.7630615234375,603.0400390625,0.09941083937883377,0.009658485651016235,0.0003,0.0003,0.09940894693136215
,,,,,416999,6821.7183,1000,,,,,,,,,,
,,,,,417000,,,-614.6771850585938,-5.752964973449707,2.6127727031707764,613.1273803710938,613.2672729492188,0.09923802316188812,0.02451528236269951,0.0003,0.0003,0.0992354154586792
,,,,,417999,6924.936,1000,,,,,,,,,,
,,,,,418000,,,-610.9009399414062,-6.116405010223389,3.3583264350891113,609.7481079101562,609.851318359375,0.0993436723947525,-0.011564083397388458,0.0003,0.0003,0.0993436723947525
,,,,,418999,6583.969,1000,,,,,,,,,,
,,,,,419000,,,-617.2471313476562,-6.015833377838135,2.6052894592285156,616.14501953125,615.882568359375,0.09875127673149109,-0.0015635853633284569,0.0003,0.0003,0.09875410050153732
,,,,,419999,6846.6504,1000,,,,,,,,,,
6852.9365,87.71365,6996.922,6704.2246,1000.0,420000,,,-612.1810302734375,-6.069786548614502,2.9713027477264404,610.6419677734375,610.657470703125,0.0983620136976242,-0.006864331662654877,0.0003,0.0003,0.09836360812187195
,,,,,420999,6834.69,1000,,,,,,,,,,
,,,,,421000,,,-618.5760498046875,-5.64686393737793,1.7675857543945312,617.2478637695312,617.28515625,0.09919130057096481,0.03502802178263664,0.0003,0.0003,0.09919103980064392
,,,,,421999,6803.1533,1000,,,,,,,,,,
,,,,,422000,,,-615.885009765625,-5.694997310638428,3.2831082344055176,614.5196533203125,614.6280517578125,0.09956774860620499,0.030368436127901077,0.0003,0.0003,0.09956374019384384
,,,,,422999,6966.2837,1000,,,,,,,,,,
,,,,,423000,,,-614.6279296875,-5.694366455078125,2.3912973403930664,613.0985107421875,613.0587768554688,0.0995880514383316,0.03043743222951889,0.0003,0.0003,0.09958265721797943
,,,,,423999,6837.4243,1000,,,,,,,,,,
,,,,,424000,,,-610.9403076171875,-6.476255893707275,3.4586825370788574,609.3970336914062,609.2682495117188,0.09925702214241028,-0.04727175086736679,0.0003,0.0003,0.09925993531942368
,,,,,424999,6888.146,1000,,,,,,,,,,
6934.9897,40.01042,6992.151,6852.802,1000.0,425000,,,-619.0257568359375,-6.164054870605469,2.4723405838012695,617.1367797851562,617.7308349609375,0.09887540340423584,-0.01622098498046398,0.0003,0.0003,0.09887703508138657
,,,,,425999,6922.054,1000,,,,,,,,,,
,,,,,426000,,,-619.6705322265625,-5.8649725914001465,2.879492998123169,618.1744995117188,618.1787109375,0.10019280016422272,0.01352880522608757,0.0003,0.0003,0.10019602626562119
,,,,,426999,6710.268,1000,,,,,,,,,,
,,,,,427000,,,-617.7691040039062,-6.295188903808594,3.5031540393829346,616.6310424804688,616.7537231445312,0.1000199094414711,-0.0295247919857502,0.0003,0.0003,0.10002288967370987
,,,,,427999,6693.351,1000,,,,,,,,,,
,,,,,428000,,,-622.4302368164062,-5.972890377044678,2.665217638015747,621.4566650390625,621.392333984375,0.10015886276960373,0.0027153058908879757,0.0003,0.0003,0.10015761852264404
,,,,,428999,6329.3755,1000,,,,,,,,,,
,,,,,429000,,,-621.0574340820312,-6.141730785369873,2.1297571659088135,619.8118896484375,619.7892456054688,0.10000462085008621,-0.014173705130815506,0.0003,0.0003,0.10000424087047577
,,,,,429999,6860.682,1000,,,,,,,,,,
6984.3735,41.12362,7040.5654,6904.1943,1000.0,430000,,,-610.6748046875,-5.659698009490967,2.652332067489624,608.7657470703125,609.1053466796875,0.10044176131486893,0.03418056294322014,0.0003,0.0003,0.1004415899515152
,,,,,430999,6905.281,1000,,,,,,,,,,
,,,,,431000,,,-618.3915405273438,-6.2416839599609375,2.2231287956237793,617.2734985351562,616.971435546875,0.10001528263092041,-0.024172119796276093,0.0003,0.0003,0.10001647472381592
,,,,,431999,6940.12,1000,,,,,,,,,,
,,,,,432000,,,-609.9027099609375,-5.807332992553711,2.166804313659668,608.260009765625,608.3941040039062,0.09995956718921661,0.019258907064795494,0.0003,0.0003,0.09995661675930023
,,,,,432999,6953.2324,1000,,,,,,,,,,
,,,,,433000,,,-619.0955200195312,-5.829408645629883,3.4068782329559326,617.246826171875,617.183837890625,0.09886722266674042,0.016865914687514305,0.0003,0.0003,0.09886496514081955
,,,,,433999,6928.102,1000,,,,,,,,,,
,,,,,434000,,,-619.511474609375,-5.861596584320068,3.22444486618042,617.9014892578125,618.1278076171875,0.09964094310998917,0.013790655881166458,0.0003,0.0003,0.09964148700237274
,,,,,434999,6912.9595,1000,,,,,,,,,,
7052.712,74.591354,7153.838,6892.2124,1000.0,435000,,,-618.830078125,-6.153882026672363,2.6952826976776123,617.0126953125,616.9822387695312,0.09970736503601074,-0.015343183651566505,0.0003,0.0003,0.0997055321931839
,,,,,435999,6535.1235,1000,,,,,,,,,,
,,,,,436000,,,-622.3045654296875,-6.174831390380859,2.827733278274536,620.8327026367188,620.8181762695312,0.09951423108577728,-0.017398234456777573,0.0003,0.0003,0.09951580315828323
,,,,,436999,4928.226,1000,,,,,,,,,,
,,,,,437000,,,-619.978759765625,-5.799277305603027,2.4287633895874023,618.6937255859375,618.7473754882812,0.10037697851657867,0.020147932693362236,0.0003,0.0003,0.10037415474653244
,,,,,437999,7020.186,1000,,,,,,,,,,
,,,,,438000,,,-622.0097045898438,-6.065621376037598,2.746119499206543,620.9404907226562,620.9419555664062,0.1003735288977623,-0.006586681120097637,0.0003,0.0003,0.10037709772586823
,,,,,438999,6970.2886,1000,,,,,,,,,,
,,,,,439000,,,-630.0055541992188,-5.7283148765563965,3.007366180419922,628.798583984375,628.7579956054688,0.09980011731386185,0.02711421251296997,0.0003,0.0003,0.09979642927646637
,,,,,439999,6961.496,1000,,,,,,,,,,
6969.625,96.96017,7100.6094,6733.8857,1000.0,440000,,,-625.9771118164062,-6.3345794677734375,2.6837046146392822,624.598876953125,624.6038818359375,0.09946190565824509,-0.0332779660820961,0.0003,0.0003,0.09946216642856598
,,,,,440999,6910.4536,1000,,,,,,,,,,
,,,,,441000,,,-616.0812377929688,-6.076584339141846,2.727588653564453,614.5191040039062,614.494140625,0.09939036518335342,-0.007611759472638369,0.0003,0.0003,0.09939207136631012
,,,,,441999,6903.9683,1000,,,,,,,,,,
,,,,,442000,,,-620.7240600585938,-5.700024604797363,3.337564706802368,619.4805297851562,619.4305419921875,0.09882254153490067,0.02964433655142784,0.0003,0.0003,0.09882261604070663
,,,,,442999,7025.8306,1000,,,,,,,,,,
,,,,,443000,,,-621.9193725585938,-6.3425092697143555,2.344036102294922,620.6903076171875,620.8229370117188,0.09906594455242157,-0.03393097594380379,0.0003,0.0003,0.09906930476427078
,,,,,443999,7063.5415,1000,,,,,,,,,,
,,,,,444000,,,-625.8450317382812,-6.198172092437744,2.543513298034668,624.82958984375,624.666015625,0.09928307682275772,-0.019675150513648987,0.0003,0.0003,0.09928383678197861
,,,,,444999,6857.036,1000,,,,,,,,,,
6985.389,50.135674,7055.2344,6906.0356,1000.0,445000,,,-625.753662109375,-6.0491437911987305,2.205449104309082,624.5350341796875,624.5537109375,0.0987643152475357,-0.004853610415011644,0.0003,0.0003,0.09876538068056107
,,,,,445999,6893.316,1000,,,,,,,,,,
,,,,,446000,,,-622.5663452148438,-6.242888450622559,2.8969953060150146,621.1356201171875,621.4806518554688,0.10009464621543884,-0.02431185357272625,0.0003,0.0003,0.10010037571191788
,,,,,446999,7072.103,1000,,,,,,,,,,
,,,,,447000,,,-624.0711059570312,-5.969536781311035,2.3623156547546387,622.4136962890625,622.4673461914062,0.10004445165395737,0.0030476588290184736,0.0003,0.0003,0.10004265606403351
,,,,,447999,7112.7,1000,,,,,,,,,,
,,,,,448000,,,-629.972900390625,-6.053193092346191,3.3011531829833984,628.5733642578125,628.4431762695312,0.10075297951698303,-0.005359336268156767,0.0003,0.0003,0.10075372457504272
,,,,,448999,7041.569,1000,,,,,,,,,,
,,,,,449000,,,-626.7991943359375,-6.129175662994385,3.499135732650757,625.5374755859375,625.4459228515625,0.10072122514247894,-0.013010716065764427,0.0003,0.0003,0.10072071850299835
,,,,,449999,6991.2803,1000,,,,,,,,,,
6654.6226,752.6578,7117.0176,4784.6064,1000.0,450000,,,-625.6258544921875,-5.615211009979248,3.735915184020996,624.0953369140625,624.3928833007812,0.10098673403263092,0.03885858505964279,0.0003,0.0003,0.10098591446876526
,,,,,450999,6938.7573,1000,,,,,,,,,,
,,,,,451000,,,-631.1043701171875,-6.543813228607178,2.363138198852539,629.734375,629.3575439453125,0.10131645947694778,-0.055097196251153946,0.0003,0.0003,0.10131730139255524
,,,,,451999,4696.0356,1000,,,,,,,,,,
,,,,,452000,,,-628.4180908203125,-5.923789024353027,3.5043256282806396,626.7728881835938,627.2028198242188,0.10183121263980865,0.007760651409626007,0.0003,0.0003,0.10183189064264297
,,,,,452999,7043.259,1000,,,,,,,,,,
,,,,,453000,,,-629.36572265625,-6.070201873779297,3.371568202972412,627.7132568359375,627.5494384765625,0.10140226781368256,-0.007118650246411562,0.0003,0.0003,0.10139989852905273
,,,,,453999,7131.011,1000,,,,,,,,,,
,,,,,454000,,,-627.7084350585938,-6.003554344177246,3.4246020317077637,626.0674438476562,626.237548828125,0.10162612050771713,-0.0003612111904658377,0.0003,0.0003,0.10162774473428726
,,,,,454999,7110.8066,1000,,,,,,,,,,
6856.4795,47.74222,6934.508,6771.454,1000.0,455000,,,-634.2453002929688,-6.231287956237793,2.4756970405578613,632.7394409179688,632.8276977539062,0.10140952467918396,-0.02345483936369419,0.0003,0.0003,0.10140836238861084
,,,,,455999,7169.481,1000,,,,,,,,,,
,,,,,456000,,,-630.0254516601562,-6.025930404663086,4.638171672821045,628.7017211914062,628.757080078125,0.1014169231057167,-0.002629820490255952,0.0003,0.0003,0.10141319781541824
,,,,,456999,6997.9956,1000,,,,,,,,,,
,,,,,457000,,,-632.6979370117188,-6.042950630187988,3.1431872844696045,631.435546875,631.1353759765625,0.10052285343408585,-0.004317489918321371,0.0003,0.0003,0.10052191466093063
,,,,,457999,7047.1416,1000,,,,,,,,,,
,,,,,458000,,,-629.7916259765625,-6.151515960693359,5.086021423339844,628.8255615234375,628.5691528320312,0.1014382466673851,-0.015369507484138012,0.0003,0.0003,0.1014331504702568
,,,,,458999,7098.92,1000,,,,,,,,,,
,,,,,459000,,,-633.8847045898438,-6.510981559753418,3.438079357147217,632.42919921875,632.5322265625,0.10114090144634247,-0.05168108269572258,0.0003,0.0003,0.10114102065563202
,,,,,459999,7135.819,1000,,,,,,,,,,
7151.501,69.591286,7281.586,7031.317,1000.0,460000,,,-638.3959350585938,-6.004143238067627,2.918637752532959,637.3004150390625,637.1401977539062,0.10081584006547928,-0.0004177040245849639,0.0003,0.0003,0.10081668198108673
,,,,,460999,6313.3394,1000,,,,,,,,,,
,,,,,461000,,,-638.6060791015625,-5.79555606842041,2.620828628540039,637.0694580078125,637.0803833007812,0.10065681487321854,0.02057868242263794,0.0003,0.0003,0.10065276175737381
,,,,,461999,7066.59,1000,,,,,,,,,,
,,,,,462000,,,-639.7575073242188,-5.98312520980835,2.408268928527832,638.4171142578125,638.6981811523438,0.10040043294429779,0.001694175647571683,0.0003,0.0003,0.10040593892335892
,,,,,462999,7171.628,1000,,,,,,,,,,
,,,,,463000,,,-631.53515625,-6.170347690582275,4.176717758178711,630.44482421875,630.1452026367188,0.10098642110824585,-0.017202815040946007,0.0003,0.0003,0.10098882764577866
,,,,,463999,7051.8477,1000,,,,,,,,,,
,,,,,464000,,,-643.1290283203125,-5.62960958480835,2.5507051944732666,641.9752197265625,641.9801635742188,0.10120067000389099,0.03748372942209244,0.0003,0.0003,0.10119876265525818
,,,,,464999,7172.474,1000,,,,,,,,,,
7158.7476,68.35531,7228.3857,7002.4375,1000.0,465000,,,-638.8442993164062,-6.483428955078125,3.2286152839660645,637.2448120117188,637.214111328125,0.10092882066965103,-0.04879191517829895,0.0003,0.0003,0.10093257576227188
,,,,,465999,7163.8027,1000,,,,,,,,,,
,,,,,466000,,,-634.8294677734375,-5.686113357543945,3.4926254749298096,633.3468017578125,633.4263916015625,0.1012154370546341,0.03177017346024513,0.0003,0.0003,0.10121666640043259
,,,,,466999,7203.392,1000,,,,,,,,,,
,,,,,467000,,,-642.4815063476562,-6.0133562088012695,3.48940372467041,641.1143798828125,640.8253173828125,0.10202384740114212,-0.0013626806903630495,0.0003,0.0003,0.10202526301145554
,,,,,467999,7169.9746,1000,,,,,,,,,,
,,,,,468000,,,-634.11572265625,-6.1938700675964355,2.814544439315796,632.490966796875,632.742919921875,0.10266270488500595,-0.019903233274817467,0.0003,0.0003,0.10266833007335663
,,,,,468999,6788.806,1000,,,,,,,,,,
,,,,,469000,,,-635.6470947265625,-6.511872291564941,3.3747992515563965,634.195068359375,634.1015014648438,0.10342258960008621,-0.052939146757125854,0.0003,0.0003,0.10343053191900253
,,,,,469999,7114.0996,1000,,,,,,,,,,
7157.6475,71.66065,7242.8994,6978.553,1000.0,470000,,,-647.8822631835938,-5.948296546936035,3.4872195720672607,646.7593383789062,646.852294921875,0.10415025055408478,0.005384913645684719,0.0003,0.0003,0.1041497066617012
,,,,,470999,7072.3613,1000,,,,,,,,,,
,,,,,471000,,,-640.7163696289062,-6.071247100830078,3.0351076126098633,639.1959838867188,639.1111450195312,0.10422514379024506,-0.00742579298093915,0.0003,0.0003,0.10422544181346893
,,,,,471999,7158.28,1000,,,,,,,,,,
,,,,,472000,,,-639.6956787109375,-5.454041481018066,2.4498963356018066,638.1937255859375,638.0159301757812,0.10433167964220047,0.056960731744766235,0.0003,0.0003,0.10432538390159607
,,,,,472999,6930.636,1000,,,,,,,,,,
,,,,,473000,,,-643.7380981445312,-6.289555549621582,3.024111747741699,642.4849853515625,642.3145751953125,0.10426772385835648,-0.03019130416214466,0.0003,0.0003,0.10427027940750122
,,,,,473999,7080.6963,1000,,,,,,,,,,
,,,,,474000,,,-642.7141723632812,-5.908501625061035,2.9299187660217285,641.1978759765625,641.5828247070312,0.1038084402680397,0.00949830561876297,0.0003,0.0003,0.10381002724170685
,,,,,474999,7306.3076,1000,,,,,,,,,,
7216.604,67.909164,7306.9004,7049.628,1000.0,475000,,,-638.9244384765625,-5.9801435470581055,3.9718146324157715,637.6243896484375,637.1390380859375,0.10400456935167313,0.002065197564661503,0.0003,0.0003,0.10400861501693726
,,,,,475999,7318.647,1000,,,,,,,,,,
,,,,,476000,,,-637.5762329101562,-5.884334087371826,3.138505220413208,635.8590087890625,635.949462890625,0.10442955791950226,0.012078960426151752,0.0003,0.0003,0.10443229228258133
,,,,,476999,7193.356,1000,,,,,,,,,,
,,,,,477000,,,-642.6978759765625,-6.359615802764893,2.9594202041625977,640.920166015625,641.0287475585938,0.10546848177909851,-0.037928152829408646,0.0003,0.0003,0.1054651066660881
,,,,,477999,7361.1787,1000,,,,,,,,,,
,,,,,478000,,,-635.5934448242188,-6.200220584869385,3.4325788021087646,633.8704833984375,633.8120727539062,0.10532637685537338,-0.0210884902626276,0.0003,0.0003,0.10533006489276886
,,,,,478999,7307.1787,1000,,,,,,,,,,
,,,,,479000,,,-640.06103515625,-5.830524444580078,3.316071033477783,638.4033813476562,638.360107421875,0.10520561039447784,0.017829809337854385,0.0003,0.0003,0.10520359873771667
,,,,,479999,7285.5015,1000,,,,,,,,,,
7251.698,61.27877,7342.2344,7140.8096,1000.0,480000,,,-648.3068237304688,-5.700443267822266,2.3661539554595947,647.3864135742188,647.2825317382812,0.10504787415266037,0.03146784007549286,0.0003,0.0003,0.10504787415266037
,,,,,480999,7223.231,1000,,,,,,,,,,
,,,,,481000,,,-643.5728759765625,-5.279119491577148,2.902589797973633,642.26611328125,642.3358764648438,0.10472371429204941,0.07549326866865158,0.0003,0.0003,0.1047271341085434
,,,,,481999,7287.0215,1000,,,,,,,,,,
,,,,,482000,,,-643.578369140625,-5.677749156951904,3.1381850242614746,642.3052368164062,641.894287109375,0.10553745180368423,0.034009553492069244,0.0003,0.0003,0.10553699731826782
,,,,,482999,7065.688,1000,,,,,,,,,,
,,,,,483000,,,-646.2554931640625,-5.809402942657471,3.052245855331421,645.0101928710938,645.0895385742188,0.10578591376543045,0.020162498578429222,0.0003,0.0003,0.10578937083482742
,,,,,483999,7319.8804,1000,,,,,,,,,,
,,,,,484000,,,-647.7811279296875,-6.159923553466797,2.989989995956421,646.23779296875,646.24560546875,0.10652697831392288,-0.017036238685250282,0.0003,0.0003,0.10652987658977509
,,,,,484999,7209.777,1000,,,,,,,,,,
7247.1787,65.17249,7336.0425,7132.209,1000.0,485000,,,-645.6489868164062,-6.234424591064453,3.1818337440490723,644.05517578125,644.1914672851562,0.10537148267030716,-0.024701595306396484,0.0003,0.0003,0.10537660866975784
,,,,,485999,7294.527,1000,,,,,,,,,,
,,,,,486000,,,-652.5087890625,-6.113516330718994,3.3263092041015625,651.1041259765625,650.941162109375,0.10554761439561844,-0.011981366202235222,0.0003,0.0003,0.10555199533700943
,,,,,486999,7336.046,1000,,,,,,,,,,
,,,,,487000,,,-647.6714477539062,-6.533072471618652,2.6438193321228027,646.1812133789062,646.094970703125,0.10606386512517929,-0.056539714336395264,0.0003,0.0003,0.10607064515352249
,,,,,487999,7320.078,1000,,,,,,,,,,
,,,,,488000,,,-650.2575073242188,-6.19013786315918,2.6199893951416016,648.7300415039062,648.7228393554688,0.1066950187087059,-0.02028675563633442,0.0003,0.0003,0.10669692605733871
,,,,,488999,7311.2563,1000,,,,,,,,,,
,,,,,489000,,,-648.1590576171875,-5.902276039123535,2.8746838569641113,646.6435546875,646.9590454101562,0.10726811736822128,0.010482625104486942,0.0003,0.0003,0.10727162659168243
,,,,,489999,7084.1626,1000,,,,,,,,,,
7230.1055,66.18139,7363.5874,7122.388,1000.0,490000,,,-651.7848510742188,-6.158223628997803,3.346679210662842,650.30029296875,650.5700073242188,0.10764675587415695,-0.017032258212566376,0.0003,0.0003,0.10765232145786285
,,,,,490999,7258.868,1000,,,,,,,,,,
,,,,,491000,,,-651.8914184570312,-5.899720191955566,2.613955020904541,650.6260375976562,650.92626953125,0.10703906416893005,0.010733808390796185,0.0003,0.0003,0.10703498125076294
,,,,,491999,7350.3604,1000,,,,,,,,,,
,,,,,492000,,,-649.4133911132812,-5.762643814086914,3.3677964210510254,647.7750854492188,647.7401123046875,0.10556500405073166,0.025056522339582443,0.0003,0.0003,0.10556470602750778
,,,,,492999,7265.3223,1000,,,,,,,,,,
,,,,,493000,,,-648.4677124023438,-5.875677108764648,3.1417016983032227,646.7721557617188,646.9439697265625,0.1061454489827156,0.013196283020079136,0.0003,0.0003,0.10614494234323502
,,,,,493999,7392.3887,1000,,,,,,,,,,
,,,,,494000,,,-652.2632446289062,-5.572784900665283,4.030726432800293,651.1334228515625,650.5997314453125,0.10653195530176163,0.045512016862630844,0.0003,0.0003,0.10653642565011978
,,,,,494999,7429.807,1000,,,,,,,,,,
7282.8647,193.20747,7444.1147,6717.8647,1000.0,495000,,,-654.3348388671875,-5.907076358795166,3.129335880279541,653.1309204101562,653.0594482421875,0.1070074513554573,0.009943509474396706,0.0003,0.0003,0.10700663179159164
,,,,,495999,7286.1895,1000,,,,,,,,,,
,,,,,496000,,,-649.5571899414062,-6.1229634284973145,4.390754699707031,648.120361328125,647.776123046875,0.10712321102619171,-0.013172246515750885,0.0003,0.0003,0.10712648183107376
,,,,,496999,7424.279,1000,,,,,,,,,,
,,,,,497000,,,-658.2722778320312,-5.751405239105225,3.5371901988983154,657.1082763671875,657.2213745117188,0.10812031477689743,0.026878176257014275,0.0003,0.0003,0.10812175273895264
,,,,,497999,6973.8315,1000,,,,,,,,,,
,,,,,498000,,,-654.85888671875,-5.900583267211914,2.7280359268188477,653.343994140625,653.3316650390625,0.10813616961240768,0.010750554502010345,0.0003,0.0003,0.10813198983669281
,,,,,498999,7308.591,1000,,,,,,,,,,
,,,,,499000,,,-659.6685791015625,-6.205015182495117,4.097693920135498,658.406494140625,658.1005859375,0.10823425650596619,-0.022189659997820854,0.0003,0.0003,0.10823338478803635
,,,,,499999,7419.525,1000,,,,,,,,,,
7409.4424,93.7041,7528.466,7200.4097,1000.0,500000,,,-653.9089965820312,-5.996293544769287,4.475673198699951,651.911376953125,652.3485717773438,0.10829060524702072,0.00040143963997252285,0.0003,0.0003,0.10828778892755508
,,,,,500999,7420.2695,1000,,,,,,,,,,
,,,,,501000,,,-653.9597778320312,-6.568454265594482,3.137775421142578,652.290771484375,652.3981323242188,0.10774517804384232,-0.061248186975717545,0.0003,0.0003,0.10774902999401093
,,,,,501999,7434.5366,1000,,,,,,,,,,
,,,,,502000,,,-659.4124145507812,-5.956945419311523,3.5695767402648926,657.906982421875,658.0106201171875,0.10879983007907867,0.00468433415517211,0.0003,0.0003,0.10879869014024734
,,,,,502999,7398.5894,1000,,,,,,,,,,
,,,,,503000,,,-654.9199829101562,-5.537973403930664,4.4253435134887695,653.4246826171875,653.8447875976562,0.10984571278095245,0.05075162276625633,0.0003,0.0003,0.10983877629041672
,,,,,503999,7355.107,1000,,,,,,,,,,
,,,,,504000,,,-660.4248046875,-5.802409648895264,2.4463915824890137,659.2609252929688,659.1857299804688,0.10950624942779541,0.021637359634041786,0.0003,0.0003,0.10950546711683273
,,,,,504999,7495.2036,1000,,,,,,,,,,
7448.005,32.66409,7498.7544,7365.9243,1000.0,505000,,,-664.7208251953125,-5.914190769195557,3.3806214332580566,663.572021484375,663.2588500976562,0.10924133658409119,0.009373974055051804,0.0003,0.0003,0.10923516750335693
,,,,,505999,7470.511,1000,,,,,,,,,,
,,,,,506000,,,-659.2644653320312,-5.554173946380615,3.051490068435669,657.8526611328125,657.585205078125,0.1097196638584137,0.04891592636704445,0.0003,0.0003,0.10971670597791672
,,,,,506999,7476.207,1000,,,,,,,,,,
,,,,,507000,,,-663.7006225585938,-5.356043338775635,3.7418413162231445,661.80810546875,662.3759765625,0.11044740676879883,0.07112331688404083,0.0003,0.0003,0.11044397950172424
,,,,,507999,7367.997,1000,,,,,,,,,,
,,,,,508000,,,-659.35986328125,-5.857006072998047,3.2040860652923584,657.4142456054688,657.6571044921875,0.11008214205503464,0.01574110984802246,0.0003,0.0003,0.11007729172706604
,,,,,508999,7514.6055,1000,,,,,,,,,,
,,,,,509000,,,-662.25732421875,-6.027159214019775,2.420342206954956,660.9913330078125,661.0091552734375,0.10938914120197296,-0.0029709418304264545,0.0003,0.0003,0.10938848555088043
,,,,,509999,7474.2407,1000,,,,,,,,,,
7395.819,82.67324,7463.968,7174.7847,1000.0,510000,,,-658.1497192382812,-6.238427639007568,3.0620100498199463,656.8546142578125,656.7921752929688,0.10994414985179901,-0.026213709264993668,0.0003,0.0003,0.10994753241539001
,,,,,510999,7518.7417,1000,,,,,,,,,,
,,,,,511000,,,-661.0518798828125,-6.01808500289917,3.1876139640808105,659.8369140625,660.090576171875,0.1104758232831955,-0.001997903687879443,0.0003,0.0003,0.11047721654176712
,,,,,511999,7363.3076,1000,,,,,,,,,,
,,,,,512000,,,-663.3131713867188,-6.404404163360596,3.621032953262329,662.127685546875,661.7373657226562,0.11082714051008224,-0.04481897130608559,0.0003,0.0003,0.11082759499549866
,,,,,512999,7430.8335,1000,,,,,,,,,,
,,,,,513000,,,-656.2810668945312,-6.945064067840576,4.140633583068848,654.584228515625,654.5656127929688,0.11136797070503235,-0.10524985194206238,0.0003,0.0003,0.1113748699426651
,,,,,513999,4470.0386,1000,,,,,,,,,,
,,,,,514000,,,-667.5577392578125,-5.4920501708984375,3.3550491333007812,666.208251953125,665.9497680664062,0.11125870794057846,0.05651382356882095,0.0003,0.0003,0.11125420033931732
,,,,,514999,7490.2217,1000,,,,,,,,,,
7411.564,81.1029,7483.5337,7198.4146,1000.0,515000,,,-663.9541015625,-6.490146636962891,3.6957168579101562,662.619140625,662.3171997070312,0.11105628311634064,-0.05443383380770683,0.0003,0.0003,0.11105133593082428
,,,,,515999,7656.4844,1000,,,,,,,,,,
,,,,,516000,,,-661.9521484375,-6.1219282150268555,3.431819200515747,660.662841796875,660.8211669921875,0.1117900162935257,-0.01363035012036562,0.0003,0.0003,0.11179281771183014
,,,,,516999,7535.0264,1000,,,,,,,,,,
,,,,,517000,,,-661.4717407226562,-6.061587810516357,3.2465591430664062,660.2000732421875,660.0948486328125,0.11142315715551376,-0.006862322799861431,0.0003,0.0003,0.11142212152481079
,,,,,517999,7491.195,1000,,,,,,,,,,
,,,,,518000,,,-668.5572509765625,-5.79034948348999,2.6954991817474365,667.344482421875,667.1192016601562,0.11059895157814026,0.023187100887298584,0.0003,0.0003,0.11059460043907166
,,,,,518999,7537.8213,1000,,,,,,,,,,
,,,,,519000,,,-671.1902465820312,-5.570738792419434,2.9756181240081787,670.15576171875,670.0211791992188,0.11067607998847961,0.04750901460647583,0.0003,0.0003,0.11067523062229156
,,,,,519999,7499.808,1000,,,,,,,,,,
7474.6274,101.930244,7570.5127,7210.77,1000.0,520000,,,-669.484619140625,-6.079012870788574,3.368248224258423,668.02685546875,668.0015869140625,0.11084838956594467,-0.00875847227871418,0.0003,0.0003,0.11084754019975662
,,,,,520999,7483.4277,1000,,,,,,,,,,
,,,,,521000,,,-670.6714477539062,-5.358295917510986,3.9264132976531982,669.3214111328125,669.2750244140625,0.11041314899921417,0.07085259258747101,0.0003,0.0003,0.11041407287120819
,,,,,521999,7448.7866,1000,,,,,,,,,,
,,,,,522000,,,-675.7405395507812,-5.985429763793945,7.437966346740723,674.4755859375,674.00341796875,0.1098952516913414,0.0016011751722544432,0.0003,0.0003,0.10989108681678772
,,,,,522999,7600.211,1000,,,,,,,,,,
,,,,,523000,,,-668.9432373046875,-6.199159622192383,3.091050624847412,667.7166748046875,667.740966796875,0.11000335961580276,-0.02190820686519146,0.0003,0.0003,0.11000867933034897
,,,,,523999,7572.4443,1000,,,,,,,,,,
,,,,,524000,,,-665.7392578125,-6.55800199508667,4.54184103012085,664.1980590820312,664.3231201171875,0.11093159019947052,-0.0619000680744648,0.0003,0.0003,0.11093399673700333
,,,,,524999,7571.212,1000,,,,,,,,,,
7573.471,79.833145,7712.13,7450.491,1000.0,525000,,,-672.1651611328125,-5.946694374084473,4.0907182693481445,670.4888305664062,670.7171630859375,0.11160016804933548,0.005948894191533327,0.0003,0.0003,0.11160027980804443
,,,,,525999,7338.3833,1000,,,,,,,,,,
,,,,,526000,,,-673.0060424804688,-6.200681209564209,2.6072916984558105,671.7056274414062,671.757080078125,0.11070878058671951,-0.022217217832803726,0.0003,0.0003,0.11070964485406876
,,,,,526999,7641.5625,1000,,,,,,,,,,
,,,,,527000,,,-677.1063842773438,-5.9823126792907715,3.1801910400390625,675.6669921875,675.5989990234375,0.11102753132581711,0.001963746501132846,0.0003,0.0003,0.11103025823831558
,,,,,527999,7596.5127,1000,,,,,,,,,,
,,,,,528000,,,-669.0294799804688,-6.151155948638916,4.079136848449707,667.7307739257812,667.11962890625,0.11140934377908707,-0.01684015430510044,0.0003,0.0003,0.11140966415405273
,,,,,528999,7479.78,1000,,,,,,,,,,
,,,,,529000,,,-670.5044555664062,-5.663215637207031,3.9825003147125244,669.1945190429688,669.1373291015625,0.11207174509763718,0.03774401918053627,0.0003,0.0003,0.11207094043493271
,,,,,529999,7559.3706,1000,,,,,,,,,,
7667.8657,63.836174,7775.4536,7601.0044,1000.0,530000,,,-675.6312866210938,-5.406947135925293,2.796297073364258,674.5802001953125,674.3208618164062,0.11210320144891739,0.06648313999176025,0.0003,0.0003,0.11209724098443985
,,,,,530999,7476.29,1000,,,,,,,,,,
,,,,,531000,,,-671.4759521484375,-5.639883995056152,4.1744704246521,670.1736450195312,670.0039672851562,0.11198707669973373,0.04032828286290169,0.0003,0.0003,0.11198984831571579
,,,,,531999,7558.054,1000,,,,,,,,,,
,,,,,532000,,,-667.4860229492188,-6.029178619384766,4.305030822753906,666.062255859375,665.64990234375,0.11215067654848099,-0.0032724253833293915,0.0003,0.0003,0.1121569573879242
,,,,,532999,5304.5728,1000,,,,,,,,,,
,,,,,533000,,,-680.9259643554688,-5.749087333679199,4.704630374908447,679.7132568359375,679.7352905273438,0.11363215744495392,0.02851174771785736,0.0003,0.0003,0.11363007128238678
,,,,,533999,7551.117,1000,,,,,,,,,,
,,,,,534000,,,-675.6968994140625,-5.968265533447266,3.4499313831329346,674.2431640625,674.2359619140625,0.11274690181016922,0.0035779511090368032,0.0003,0.0003,0.1127401813864708
,,,,,534999,7462.3037,1000,,,,,,,,,,
7623.2124,61.66508,7701.6904,7489.4263,1000.0,535000,,,-675.899658203125,-5.885566711425781,2.7928242683410645,674.3892822265625,674.3428955078125,0.11417651921510696,0.013065558858215809,0.0003,0.0003,0.11418452113866806
,,,,,535999,7577.883,1000,,,,,,,,,,
,,,,,536000,,,-678.4251708984375,-6.2427544593811035,3.4163496494293213,677.1219482421875,676.921875,0.11437273770570755,-0.027764489874243736,0.0003,0.0003,0.11437175422906876
,,,,,536999,7529.288,1000,,,,,,,,,,
,,,,,537000,,,-679.2025146484375,-5.892979621887207,2.5014758110046387,678.3074951171875,678.126953125,0.11403149366378784,0.012203668244183064,0.0003,0.0003,0.1140318214893341
,,,,,537999,7373.5347,1000,,,,,,,,,,
,,,,,538000,,,-677.2520751953125,-6.213189601898193,3.1491928100585938,675.5843505859375,675.6302490234375,0.1131872609257698,-0.02413036674261093,0.0003,0.0003,0.11318496614694595
,,,,,538999,7459.8667,1000,,,,,,,,,,
,,,,,539000,,,-679.1957397460938,-5.809896469116211,2.976835250854492,677.8551635742188,677.6405639648438,0.11337548494338989,0.021553052589297295,0.0003,0.0003,0.11337542533874512
,,,,,539999,7645.9854,1000,,,,,,,,,,
7641.3633,78.44485,7744.2153,7489.752,1000.0,540000,,,-676.4356079101562,-6.113709449768066,2.8008670806884766,675.0083618164062,674.9900512695312,0.11341941356658936,-0.012896873988211155,0.0003,0.0003,0.11342006176710129
,,,,,540999,7654.336,1000,,,,,,,,,,
,,,,,541000,,,-677.0050048828125,-6.077162742614746,4.2128729820251465,675.2687377929688,674.9620361328125,0.11274760216474533,-0.008699904195964336,0.0003,0.0003,0.1127498596906662
,,,,,541999,7512.236,1000,,,,,,,,,,
,,,,,542000,,,-675.1552734375,-6.760199546813965,5.387613296508789,673.3700561523438,673.1466064453125,0.11281786113977432,-0.08576404303312302,0.0003,0.0003,0.11282084882259369
,,,,,542999,7644.9717,1000,,,,,,,,,,
,,,,,543000,,,-684.76025390625,-6.0683088302612305,3.2224199771881104,683.517578125,682.8529663085938,0.11331986635923386,-0.007740693632513285,0.0003,0.0003,0.1133245974779129
,,,,,543999,7655.474,1000,,,,,,,,,,
,,,,,544000,,,-679.0726928710938,-5.919910430908203,4.9380950927734375,677.796875,677.8457641601562,0.11352679133415222,0.009092236869037151,0.0003,0.0003,0.11352625489234924
,,,,,544999,7756.599,1000,,,,,,,,,,
7762.1157,67.361336,7871.8013,7639.499,1000.0,545000,,,-681.1995849609375,-6.226158142089844,2.6044678688049316,680.0072631835938,680.1912231445312,0.11292693018913269,-0.025539355352520943,0.0003,0.0003,0.11292599141597748
,,,,,545999,6659.2354,1000,,,,,,,,,,
,,,,,546000,,,-671.6502075195312,-6.6459455490112305,5.09278678894043,670.2368774414062,670.0574340820312,0.11329042166471481,-0.07317943871021271,0.0003,0.0003,0.11329258233308792
,,,,,546999,7459.9136,1000,,,,,,,,,,
,,,,,547000,,,-686.260009765625,-6.0731201171875,3.128495693206787,685.01513671875,685.0809326171875,0.11449573189020157,-0.008371943607926369,0.0003,0.0003,0.1144968792796135
,,,,,547999,7549.7344,1000,,,,,,,,,,
,,,,,548000,,,-681.0076293945312,-6.413787364959717,3.9958345890045166,679.4451293945312,679.3070678710938,0.11296506226062775,-0.04674350097775459,0.0003,0.0003,0.11296398192644119
,,,,,548999,7758.148,1000,,,,,,,,,,
,,,,,549000,,,-686.5121459960938,-5.665660381317139,3.2575020790100098,685.4248046875,685.3602294921875,0.11427663266658783,0.03820720314979553,0.0003,0.0003,0.1142769306898117
,,,,,549999,7496.2,1000,,,,,,,,,,
7657.1343,96.64229,7810.759,7501.573,1000.0,550000,,,-685.767822265625,-6.000880718231201,3.0927348136901855,684.4191284179688,684.3861083984375,0.11497069150209427,-0.00010129811562364921,0.0003,0.0003,0.1149735376238823
,,,,,550999,7664.547,1000,,,,,,,,,,
,,,,,551000,,,-683.3982543945312,-6.359318733215332,4.988443374633789,682.71875,682.1435546875,0.11484428495168686,-0.041265640407800674,0.0003,0.0003,0.11484773457050323
,,,,,551999,7745.337,1000,,,,,,,,,,
,,,,,552000,,,-690.41259765625,-5.515063762664795,4.385649681091309,689.4141845703125,689.3744506835938,0.11488251388072968,0.05571068078279495,0.0003,0.0003,0.11487577855587006
,,,,,552999,7767.51,1000,,,,,,,,,,
,,,,,553000,,,-685.1060180664062,-6.120786666870117,3.0843937397003174,683.385986328125,683.5155639648438,0.11454233527183533,-0.013835159130394459,0.0003,0.0003,0.11453914642333984
,,,,,553999,7703.4214,1000,,,,,,,,,,
,,,,,554000,,,-685.9292602539062,-6.342945098876953,2.993863105773926,684.7638549804688,684.4341430664062,0.11503468453884125,-0.03945067152380943,0.0003,0.0003,0.11503926664590836
,,,,,554999,7652.745,1000,,,,,,,,,,
7730.578,160.71483,7999.1807,7420.809,1000.0,555000,,,-687.0088500976562,-5.719642162322998,4.266360759735107,685.8895263671875,686.1861572265625,0.11568763107061386,0.0324338935315609,0.0003,0.0003,0.11568782478570938
,,,,,555999,7701.429,1000,,,,,,,,,,
,,,,,556000,,,-691.599365234375,-6.024118423461914,4.706932544708252,690.0338745117188,690.0828857421875,0.11533787101507187,-0.0027817159425467253,0.0003,0.0003,0.11533748358488083
,,,,,556999,7673.02,1000,,,,,,,,,,
,,,,,557000,,,-690.2985229492188,-6.401858806610107,2.920786142349243,689.0157470703125,689.1563110351562,0.11558692157268524,-0.04644959047436714,0.0003,0.0003,0.11559488624334335
,,,,,557999,7828.26,1000,,,,,,,,,,
,,,,,558000,,,-682.5609741210938,-5.667749404907227,4.73000955581665,681.2113037109375,680.7034301757812,0.11545923352241516,0.038361385464668274,0.0003,0.0003,0.11545267701148987
,,,,,558999,7816.3584,1000,,,,,,,,,,
,,,,,559000,,,-687.6952514648438,-6.296952247619629,3.4059700965881348,686.1277465820312,686.224853515625,0.11566333472728729,-0.03434646129608154,0.0003,0.0003,0.11566471308469772
,,,,,559999,7769.5405,1000,,,,,,,,,,
7774.3955,165.95157,7905.4634,7335.1455,1000.0,560000,,,-685.7278442382812,-6.137072563171387,3.4211885929107666,684.182373046875,683.997802734375,0.11666380614042282,-0.01599138230085373,0.0003,0.0003,0.11666294187307358
,,,,,560999,7804.427,1000,,,,,,,,,,
,,,,,561000,,,-697.4181518554688,-5.948145389556885,4.163694858551025,695.63525390625,695.87353515625,0.11629179120063782,0.00603021215647459,0.0003,0.0003,0.11629126220941544
,,,,,561999,7692.1157,1000,,,,,,,,,,
,,,,,562000,,,-685.6300659179688,-6.057067394256592,4.447982311248779,683.4638671875,684.1150512695312,0.1173933744430542,-0.006699314806610346,0.0003,0.0003,0.11739037930965424
,,,,,562999,7825.283,1000,,,,,,,,,,
,,,,,563000,,,-691.8245239257812,-6.485902786254883,2.9156103134155273,690.335693359375,690.3411865234375,0.11715158075094223,-0.056924253702163696,0.0003,0.0003,0.11715532094240189
,,,,,563999,7738.4287,1000,,,,,,,,,,
,,,,,564000,,,-699.1057739257812,-6.352717876434326,3.133005380630493,697.7921142578125,697.8927612304688,0.11701825261116028,-0.04127438738942146,0.0003,0.0003,0.117022804915905
,,,,,564999,7723.513,1000,,,,,,,,,,
7702.435,160.75104,7869.3296,7296.77,1000.0,565000,,,-690.97900390625,-5.916241645812988,2.9616613388061523,689.6431884765625,689.7700805664062,0.11628369241952896,0.009739777073264122,0.0003,0.0003,0.11628560721874237
,,,,,565999,7747.633,1000,,,,,,,,,,
,,,,,566000,,,-693.5734252929688,-5.966962814331055,3.6261329650878906,692.3424072265625,692.195068359375,0.11581479758024216,0.0038261881563812494,0.0003,0.0003,0.11581151187419891
,,,,,566999,7798.5903,1000,,,,,,,,,,
,,,,,567000,,,-691.8927001953125,-6.109409809112549,5.283237457275391,690.6365356445312,690.7843017578125,0.11706186830997467,-0.012807747349143028,0.0003,0.0003,0.11706268042325974
,,,,,567999,7719.531,1000,,,,,,,,,,
,,,,,568000,,,-696.95068359375,-6.028611660003662,3.707145929336548,695.8565673828125,695.7469482421875,0.11651130765676498,-0.003333594184368849,0.0003,0.0003,0.11650961637496948
,,,,,568999,7822.043,1000,,,,,,,,,,
,,,,,569000,,,-699.1100463867188,-5.731184959411621,3.653369903564453,697.633544921875,697.73486328125,0.11661936342716217,0.031349025666713715,0.0003,0.0003,0.11661753058433533
,,,,,569999,7855.5703,1000,,,,,,,,,,
7658.4346,594.9197,7932.342,5879.9766,1000.0,570000,,,-697.2557373046875,-5.794595241546631,3.194632053375244,695.6959228515625,695.6624755859375,0.11676929891109467,0.023984970524907112,0.0003,0.0003,0.11676158756017685
,,,,,570999,7004.9805,1000,,,,,,,,,,
,,,,,571000,,,-698.9290161132812,-5.957115173339844,3.131439447402954,697.69970703125,697.2996826171875,0.11746861040592194,0.005037636961787939,0.0003,0.0003,0.11747334152460098
,,,,,571999,7741.347,1000,,,,,,,,,,
,,,,,572000,,,-702.2910766601562,-6.0146098136901855,2.794145345687866,700.8931884765625,700.715087890625,0.1172051653265953,-0.0017123264260590076,0.0003,0.0003,0.11720393598079681
,,,,,572999,7691.275,1000,,,,,,,,,,
,,,,,573000,,,-692.8993530273438,-5.889617919921875,3.8631412982940674,691.2157592773438,691.612060546875,0.11684378981590271,0.012897517532110214,0.0003,0.0003,0.11683596670627594
,,,,,573999,7712.681,1000,,,,,,,,,,
,,,,,574000,,,-694.330810546875,-5.885439395904541,2.322514057159424,692.7181396484375,692.8804931640625,0.11647884547710419,0.013343904167413712,0.0003,0.0003,0.11647645384073257
,,,,,574999,7766.9087,1000,,,,,,,,,,
7027.116,2458.852,7929.5186,-347.4497,1000.0,575000,,,-690.6580200195312,-6.011180400848389,5.780184268951416,689.4034423828125,689.1295166015625,0.11624471843242645,-0.0012996529694646597,0.0003,0.0003,0.11624053865671158
,,,,,575999,7740.376,1000,,,,,,,,,,
,,,,,576000,,,-696.62646484375,-6.237189292907715,3.6810977458953857,695.0695190429688,695.116943359375,0.11564287543296814,-0.02742924913764,0.0003,0.0003,0.11564268171787262
,,,,,576999,7849.6587,1000,,,,,,,,,,
,,,,,577000,,,-694.4160766601562,-6.2605767250061035,4.876455307006836,693.0159912109375,693.2302856445312,0.11584636569023132,-0.030186869204044342,0.0003,0.0003,0.11585097759962082
,,,,,577999,7556.4956,1000,,,,,,,,,,
,,,,,578000,,,-696.9302368164062,-5.540064334869385,3.3958935737609863,695.5059204101562,695.7728881835938,0.11725365370512009,0.0539291612803936,0.0003,0.0003,0.11724627763032913
,,,,,578999,7840.3833,1000,,,,,,,,,,
,,,,,579000,,,-707.341064453125,-6.033339977264404,3.569122314453125,705.756103515625,705.9110717773438,0.11706968396902084,-0.0039031433407217264,0.0003,0.0003,0.11706843227148056
,,,,,579999,7692.498,1000,,,,,,,,,,
7753.3623,141.32787,7878.253,7390.62,1000.0,580000,,,-697.6111450195312,-5.036210060119629,4.217970848083496,695.8333740234375,695.6694946289062,0.11776787787675858,0.11350344121456146,0.0003,0.0003,0.11776119470596313
,,,,,580999,7832.201,1000,,,,,,,,,,
,,,,,581000,,,-709.5880737304688,-5.994405269622803,3.4286413192749023,708.5284423828125,708.4869384765625,0.11675222963094711,0.0006532176630571485,0.0003,0.0003,0.11675512790679932
,,,,,581999,7845.8164,1000,,,,,,,,,,
,,,,,582000,,,-702.8405151367188,-6.354344367980957,3.8266983032226562,701.399658203125,701.40673828125,0.11696302890777588,-0.04144520312547684,0.0003,0.0003,0.1169573962688446
,,,,,582999,7269.267,1000,,,,,,,,,,
,,,,,583000,,,-701.0322265625,-6.105295181274414,3.544473171234131,699.721435546875,699.5224609375,0.11704931408166885,-0.012324783019721508,0.0003,0.0003,0.11705265939235687
,,,,,583999,7981.136,1000,,,,,,,,,,
,,,,,584000,,,-705.6766967773438,-6.22293758392334,3.8054721355438232,704.2977294921875,704.036865234375,0.11705735325813293,-0.026096448302268982,0.0003,0.0003,0.11705528199672699
,,,,,584999,7719.2617,1000,,,,,,,,,,
7877.5547,80.7374,7948.7827,7663.3555,1000.0,585000,,,-701.4881591796875,-5.876392841339111,3.940906047821045,699.8784790039062,699.7487182617188,0.11728329211473465,0.014497015625238419,0.0003,0.0003,0.11728346347808838
,,,,,585999,4661.234,1000,,,,,,,,,,
,,,,,586000,,,-702.2946166992188,-5.78975772857666,4.554523944854736,700.861083984375,700.8155517578125,0.11751754581928253,0.02470717392861843,0.0003,0.0003,0.11751597374677658
,,,,,586999,7832.886,1000,,,,,,,,,,
,,,,,587000,,,-699.956298828125,-5.973645210266113,4.845783233642578,697.8961181640625,698.2300415039062,0.11739712953567505,0.003093984443694353,0.0003,0.0003,0.11740278452634811
,,,,,587999,7885.0684,1000,,,,,,,,,,
,,,,,588000,,,-700.8445434570312,-6.458898544311523,4.857983112335205,699.1295776367188,699.1993408203125,0.1169159933924675,-0.053652580827474594,0.0003,0.0003,0.11692193150520325
,,,,,588999,7803.9907,1000,,,,,,,,,,
,,,,,589000,,,-706.2655639648438,-5.661128997802734,4.5330891609191895,704.8311767578125,704.8801879882812,0.11643816530704498,0.0394575335085392,0.0003,0.0003,0.11644160747528076
,,,,,589999,7893.545,1000,,,,,,,,,,
7773.625,85.146996,7871.8784,7574.223,1000.0,590000,,,-702.269775390625,-6.246725559234619,4.945674419403076,700.4496459960938,700.62939453125,0.11571047455072403,-0.02854873239994049,0.0003,0.0003,0.11570843309164047
,,,,,590999,7936.8203,1000,,,,,,,,,,
,,,,,591000,,,-702.1277465820312,-6.0446248054504395,4.359879016876221,700.599853515625,700.6103515625,0.11484745889902115,-0.005125006195157766,0.0003,0.0003,0.1148475706577301
,,,,,591999,7816.9727,1000,,,,,,,,,,
,,,,,592000,,,-709.1769409179688,-5.766736030578613,3.355437994003296,707.8213500976562,707.8040771484375,0.11476129293441772,0.02676972560584545,0.0003,0.0003,0.11475880444049835
,,,,,592999,7959.0327,1000,,,,,,,,,,
,,,,,593000,,,-700.9664306640625,-5.763985633850098,3.7864108085632324,699.6737670898438,699.4171142578125,0.11484436690807343,0.027104925364255905,0.0003,0.0003,0.11484315991401672
,,,,,593999,7805.3765,1000,,,,,,,,,,
,,,,,594000,,,-712.1947021484375,-5.670844554901123,4.249302864074707,710.8146362304688,710.916748046875,0.11438626796007156,0.03765084967017174,0.0003,0.0003,0.11438367515802383
,,,,,594999,7808.846,1000,,,,,,,,,,
7754.3877,47.290726,7809.5986,7637.9653,1000.0,595000,,,-709.0889892578125,-6.307738304138184,3.9118661880493164,707.6814575195312,707.615966796875,0.11590482294559479,-0.03566830977797508,0.0003,0.0003,0.11590112000703812
,,,,,595999,7880.986,1000,,,,,,,,,,
,,,,,596000,,,-710.3622436523438,-6.332621097564697,3.3127388954162598,708.6649169921875,708.6000366210938,0.11701850593090057,-0.03892279416322708,0.0003,0.0003,0.11701903492212296
,,,,,596999,7641.371,1000,,,,,,,,,,
,,,,,597000,,,-707.140869140625,-5.787176609039307,4.835076808929443,706.26416015625,705.9017333984375,0.11622152477502823,0.02473468706011772,0.0003,0.0003,0.11622171849012375
,,,,,597999,7738.954,1000,,,,,,,,,,
,,,,,598000,,,-703.9488525390625,-5.943245887756348,2.7477498054504395,702.3854370117188,702.7643432617188,0.11627160757780075,0.006598891690373421,0.0003,0.0003,0.1162792295217514
,,,,,598999,7824.562,1000,,,,,,,,,,
,,,,,599000,,,-709.4447021484375,-6.209027290344238,5.991894245147705,707.859130859375,707.7184448242188,0.11613200604915619,-0.024274762719869614,0.0003,0.0003,0.11613424867391586
,,,,,599999,7915.246,1000,,,,,,,,,,
7862.8857,136.25356,7979.82,7471.792,1000.0,600000,,,-705.4760131835938,-6.045761585235596,5.045601844787598,703.4440307617188,703.9722900390625,0.11745315045118332,-0.0053747775964438915,0.0003,0.0003,0.11745171993970871
,,,,,600999,7870.19,1000,,,,,,,,,,
,,,,,601000,,,-717.5795288085938,-5.963962554931641,3.797837734222412,715.8689575195312,716.1237182617188,0.1173122376203537,0.004227643832564354,0.0003,0.0003,0.11730971932411194
,,,,,601999,7771.7085,1000,,,,,,,,,,
,,,,,602000,,,-709.7864379882812,-6.015781879425049,3.7331459522247314,708.41455078125,708.287109375,0.11792555451393127,-0.0018610723782330751,0.0003,0.0003,0.11792934685945511
,,,,,602999,7947.068,1000,,,,,,,,,,
,,,,,603000,,,-717.4007568359375,-6.148659706115723,3.5522749423980713,716.0891723632812,715.8258056640625,0.11772997677326202,-0.01750168949365616,0.0003,0.0003,0.11773508787155151
,,,,,603999,7981.337,1000,,,,,,,,,,
,,,,,604000,,,-709.2626342773438,-5.994781017303467,3.326598644256592,707.2749633789062,707.3790893554688,0.11705045402050018,0.0006108598900027573,0.0003,0.0003,0.11705051362514496
,,,,,604999,7913.707,1000,,,,,,,,,,
7923.987,116.74853,8024.9834,7671.9795,1000.0,605000,,,-706.81298828125,-6.065216064453125,3.2139246463775635,705.07861328125,705.3986206054688,0.11666639149188995,-0.007608538493514061,0.0003,0.0003,0.11666911840438843
,,,,,605999,7803.5586,1000,,,,,,,,,,
,,,,,606000,,,-711.5324096679688,-6.271241664886475,3.6613383293151855,709.9428100585938,710.0564575195312,0.11641212552785873,-0.03157578408718109,0.0003,0.0003,0.11641401797533035
,,,,,606999,7995.0166,1000,,,,,,,,,,
,,,,,607000,,,-715.2135009765625,-6.337011337280273,4.238983631134033,713.5142211914062,713.3709716796875,0.11746597290039062,-0.039587363600730896,0.0003,0.0003,0.11747070401906967
,,,,,607999,7934.443,1000,,,,,,,,,,
,,,,,608000,,,-714.9375,-5.908324241638184,4.7057342529296875,713.6580810546875,713.3689575195312,0.1180131658911705,0.01081896759569645,0.0003,0.0003,0.11801004409790039
,,,,,608999,7948.27,1000,,,,,,,,,,
,,,,,609000,,,-717.3831787109375,-6.104791641235352,3.6503870487213135,716.1764526367188,715.6436767578125,0.11803919821977615,-0.012369542382657528,0.0003,0.0003,0.11804383993148804
,,,,,609999,7934.4116,1000,,,,,,,,,,
7798.539,141.67397,7989.8457,7509.0312,1000.0,610000,,,-716.0057373046875,-5.94475793838501,4.546701908111572,713.4804077148438,713.72265625,0.11821730434894562,0.0065305489115417,0.0003,0.0003,0.11821687966585159
,,,,,610999,8041.1797,1000,,,,,,,,,,
,,,,,611000,,,-716.21142578125,-6.027185916900635,3.911348819732666,714.71484375,714.6881103515625,0.11797397583723068,-0.003207253525033593,0.0003,0.0003,0.11797614395618439
,,,,,611999,7878.217,1000,,,,,,,,,,
,,,,,612000,,,-723.5050659179688,-5.629802703857422,4.856762409210205,721.9094848632812,722.59619140625,0.11869481950998306,0.04394048824906349,0.0003,0.0003,0.11869119852781296
,,,,,612999,7969.0615,1000,,,,,,,,,,
,,,,,613000,,,-717.7799072265625,-6.20274543762207,3.5702075958251953,716.3994750976562,716.5916748046875,0.11831198632717133,-0.023987222462892532,0.0003,0.0003,0.11831582337617874
,,,,,613999,7990.954,1000,,,,,,,,,,
,,,,,614000,,,-721.1058959960938,-5.80137300491333,3.1946182250976562,719.9120483398438,720.1031494140625,0.11866777390241623,0.023570634424686432,0.0003,0.0003,0.11867158859968185
,,,,,614999,7892.129,1000,,,,,,,,,,
8107.911,55.94459,8181.572,7994.603,1000.0,615000,,,-717.4584350585938,-5.575983047485352,3.787142276763916,715.9509887695312,716.0429077148438,0.11737678200006485,0.04976975545287132,0.0003,0.0003,0.11737498641014099
,,,,,615999,8014.8438,1000,,,,,,,,,,
,,,,,616000,,,-716.8255004882812,-5.630325794219971,3.626574754714966,714.725830078125,715.2700805664062,0.11797600239515305,0.04361265152692795,0.0003,0.0003,0.11797606199979782
,,,,,616999,6884.8145,1000,,,,,,,,,,
,,,,,617000,,,-712.5468139648438,-6.372602462768555,3.701202392578125,710.7996215820312,711.3703002929688,0.1183561459183693,-0.04409981891512871,0.0003,0.0003,0.11835267394781113
,,,,,617999,7891.5166,1000,,,,,,,,,,
,,,,,618000,,,-717.9797973632812,-5.972109794616699,4.417612075805664,716.5189208984375,716.216552734375,0.11892373114824295,0.0033167656511068344,0.0003,0.0003,0.11892063915729523
,,,,,618999,7896.3965,1000,,,,,,,,,,
,,,,,619000,,,-717.4117431640625,-5.463066101074219,4.13484001159668,715.6296997070312,715.5518188476562,0.11859751492738724,0.0636790469288826,0.0003,0.0003,0.11859479546546936
,,,,,619999,8000.2104,1000,,,,,,,,,,
8092.5415,72.337135,8198.953,7933.778,1000.0,620000,,,-719.2723388671875,-6.426135063171387,5.185812473297119,717.3618774414062,717.492919921875,0.11841358244419098,-0.05046017840504646,0.0003,0.0003,0.11841733753681183
,,,,,620999,7951.3857,1000,,,,,,,,,,
,,,,,621000,,,-718.9558715820312,-5.678027153015137,5.780271530151367,717.2380981445312,717.7313232421875,0.11751580983400345,0.03783690929412842,0.0003,0.0003,0.1175110712647438
,,,,,621999,7974.4263,1000,,,,,,,,,,
,,,,,622000,,,-717.7215576171875,-6.192233085632324,4.522477149963379,716.2476806640625,715.944580078125,0.11739659309387207,-0.022567490115761757,0.0003,0.0003,0.11740028858184814
,,,,,622999,8085.0303,1000,,,,,,,,,,
,,,,,623000,,,-723.4185791015625,-6.51115083694458,5.057718276977539,722.2498168945312,722.0587768554688,0.11736387759447098,-0.05999061092734337,0.0003,0.0003,0.11736970394849777
,,,,,623999,8039.1655,1000,,,,,,,,,,
,,,,,624000,,,-717.1603393554688,-5.957056999206543,4.473419666290283,715.7031860351562,715.6240234375,0.11784396320581436,0.005060538183897734,0.0003,0.0003,0.11784202605485916
,,,,,624999,8088.848,1000,,,,,,,,,,
8087.7056,61.33788,8142.486,7961.9897,1000.0,625000,,,-726.2623901367188,-5.893289566040039,3.1199791431427,724.959716796875,724.9341430664062,0.1187170073390007,0.012668397277593613,0.0003,0.0003,0.11871497333049774
,,,,,625999,8018.521,1000,,,,,,,,,,
,,,,,626000,,,-718.3037109375,-5.874157905578613,4.017765045166016,716.538330078125,716.6492309570312,0.11668942123651505,0.014684369787573814,0.0003,0.0003,0.11668391525745392
,,,,,626999,7958.9688,1000,,,,,,,,,,
,,,,,627000,,,-725.722412109375,-5.728533744812012,5.166921615600586,724.930419921875,724.20068359375,0.11734490841627121,0.03185521438717842,0.0003,0.0003,0.11734457314014435
,,,,,627999,8003.2886,1000,,,,,,,,,,
,,,,,628000,,,-723.6063232421875,-5.397326946258545,3.669356107711792,721.9983520507812,722.3975830078125,0.11763065308332443,0.07089278846979141,0.0003,0.0003,0.11763416230678558
,,,,,628999,8035.119,1000,,,,,,,,,,
,,,,,629000,,,-721.180908203125,-5.661087989807129,4.212765216827393,719.9535522460938,719.959716796875,0.11757025867700577,0.03984593600034714,0.0003,0.0003,0.11756882816553116
,,,,,629999,7939.3125,1000,,,,,,,,,,
8053.1553,80.46325,8184.539,7889.8906,1000.0,630000,,,-717.6764526367188,-5.914098262786865,4.501730918884277,715.8783569335938,715.8302612304688,0.11802011728286743,0.010138136334717274,0.0003,0.0003,0.11802315711975098
,,,,,630999,8090.2866,1000,,,,,,,,,,
,,,,,631000,,,-727.74462890625,-6.06254243850708,4.21701192855835,726.3270263671875,726.2789306640625,0.11797046661376953,-0.007378079928457737,0.0003,0.0003,0.11796779185533524
,,,,,631999,7946.4443,1000,,,,,,,,,,
,,,,,632000,,,-723.0712280273438,-5.851982593536377,3.1402459144592285,721.4588623046875,721.821533203125,0.11726061999797821,0.017356596887111664,0.0003,0.0003,0.11726175993680954
,,,,,632999,8064.4385,1000,,,,,,,,,,
,,,,,633000,,,-727.0140380859375,-6.32096529006958,3.0344793796539307,725.9743041992188,725.9818725585938,0.11701028048992157,-0.0375562384724617,0.0003,0.0003,0.11700893938541412
,,,,,633999,8036.2363,1000,,,,,,,,,,
,,,,,634000,,,-729.8373413085938,-6.3306145668029785,3.852125883102417,728.5482177734375,728.2474975585938,0.11673019081354141,-0.038592688739299774,0.0003,0.0003,0.11673182994127274
,,,,,634999,8079.869,1000,,,,,,,,,,
7859.6064,731.85834,8189.4326,5672.703,1000.0,635000,,,-730.4468383789062,-6.192904949188232,3.140162706375122,729.1867065429688,729.1544189453125,0.11769595742225647,-0.02270413003861904,0.0003,0.0003,0.11769761890172958
,,,,,635999,8065.937,1000,,,,,,,,,,
,,,,,636000,,,-724.6906127929688,-6.513865947723389,5.474855422973633,722.592041015625,723.1552124023438,0.11855301260948181,-0.060920294374227524,0.0003,0.0003,0.11855310201644897
,,,,,636999,7954.3643,1000,,,,,,,,,,
,,,,,637000,,,-718.1690673828125,-5.921593189239502,3.0853402614593506,716.552001953125,716.5665893554688,0.1187172681093216,0.009308244101703167,0.0003,0.0003,0.11872128397226334
,,,,,637999,8016.9155,1000,,,,,,,,,,
,,,,,638000,,,-724.4026489257812,-6.2634124755859375,5.264937877655029,722.8006591796875,722.51220703125,0.11912069469690323,-0.03137791156768799,0.0003,0.0003,0.11912370473146439
,,,,,638999,7922.1846,1000,,,,,,,,,,
,,,,,639000,,,-727.9461669921875,-5.5907464027404785,3.657499313354492,726.5859375,726.5327758789062,0.11909561604261398,0.048740316182374954,0.0003,0.0003,0.1190919578075409
,,,,,639999,8189.225,1000,,,,,,,,,,
3523.7075,622.48444,4566.3467,2473.396,1000.0,640000,,,-724.6969604492188,-5.707573890686035,7.332380294799805,723.5232543945312,724.0396118164062,0.11820045113563538,0.034564871340990067,0.0003,0.0003,0.11820141226053238
,,,,,640999,8126.9297,1000,,,,,,,,,,
,,,,,641000,,,-727.171142578125,-5.9531168937683105,4.083365440368652,725.744140625,725.9283447265625,0.11782912909984589,0.00552419014275074,0.0003,0.0003,0.11783157289028168
,,,,,641999,7966.6733,1000,,,,,,,,,,
,,,,,642000,,,-722.1343383789062,-6.194530963897705,5.385044097900391,720.3477172851562,720.5496215820312,0.11922463029623032,-0.0231928750872612,0.0003,0.0003,0.11922173202037811
,,,,,642999,8163.2656,1000,,,,,,,,,,
,,,,,643000,,,-720.2396240234375,-6.314774513244629,5.5864410400390625,718.7989501953125,718.8258666992188,0.11879603564739227,-0.03739393129944801,0.0003,0.0003,0.11879722774028778
,,,,,643999,8158.3994,1000,,,,,,,,,,
,,,,,644000,,,-737.9453125,-5.437623977661133,3.447471857070923,736.4331665039062,736.4857788085938,0.11858674138784409,0.0666903555393219,0.0003,0.0003,0.11858817934989929
,,,,,644999,7992.58,1000,,,,,,,,,,
8067.246,86.189705,8233.207,7966.4434,1000.0,645000,,,-725.2139892578125,-6.020872116088867,4.5674543380737305,723.363037109375,723.49169921875,0.11877524852752686,-0.002479060785844922,0.0003,0.0003,0.11877510696649551
,,,,,645999,8167.4233,1000,,,,,,,,,,
,,,,,646000,,,-725.3466796875,-6.243797779083252,3.3023180961608887,723.4168701171875,723.6278076171875,0.11878900974988937,-0.028960565105080605,0.0003,0.0003,0.11878133565187454
,,,,,646999,8081.923,1000,,,,,,,,,,
,,,,,647000,,,-728.7011108398438,-6.112417221069336,3.238569974899292,727.4853515625,727.291015625,0.11970464140176773,-0.01345684751868248,0.0003,0.0003,0.11970730125904083
,,,,,647999,8165.1987,1000,,,,,,,,,,
,,,,,648000,,,-740.3182983398438,-6.0562028884887695,3.255728244781494,739.0809326171875,739.0369262695312,0.11968281120061874,-0.006726535968482494,0.0003,0.0003,0.1196867823600769
,,,,,648999,8170.5786,1000,,,,,,,,,,
,,,,,649000,,,-724.9768676757812,-5.894293308258057,4.722527980804443,723.5144653320312,723.6945190429688,0.12095942348241806,0.012786251492798328,0.0003,0.0003,0.12096267938613892
,,,,,649999,8215.624,1000,,,,,,,,,,
8170.378,109.65772,8340.343,7964.833,1000.0,650000,,,-732.172607421875,-5.809883117675781,3.8373429775238037,730.8973999023438,730.64697265625,0.11997759342193604,0.022809794172644615,0.0003,0.0003,0.11997771263122559
,,,,,650999,1625.5055,1000,,,,,,,,,,
,,,,,651000,,,-734.6072387695312,-5.92498779296875,3.779313802719116,732.9846801757812,733.2572021484375,0.11907071620225906,0.008931746706366539,0.0003,0.0003,0.11907074600458145
,,,,,651999,8138.2476,1000,,,,,,,,,,
,,,,,652000,,,-733.48388671875,-5.798846244812012,3.919436454772949,731.5433349609375,732.0081176757812,0.11908982694149017,0.023955417796969414,0.0003,0.0003,0.11909022182226181
,,,,,652999,8077.9683,1000,,,,,,,,,,
,,,,,653000,,,-732.1163940429688,-6.327172756195068,4.65669584274292,730.424560546875,730.3870239257812,0.11841129511594772,-0.03874089941382408,0.0003,0.0003,0.11841163039207458
,,,,,653999,8056.2983,1000,,,,,,,,,,
,,,,,654000,,,-738.2032470703125,-5.899972438812256,3.2529714107513428,736.9581298828125,736.9517822265625,0.11733870208263397,0.011737081222236156,0.0003,0.0003,0.11734020709991455
,,,,,654999,8044.4844,1000,,,,,,,,,,
7803.315,676.86584,8093.4653,5776.3477,1000.0,655000,,,-737.3330688476562,-5.89469575881958,2.9045753479003906,735.672119140625,735.7955932617188,0.11758323758840561,0.012382051907479763,0.0003,0.0003,0.11758346110582352
,,,,,655999,8202.303,1000,,,,,,,,,,
,,,,,656000,,,-727.3306274414062,-6.274829864501953,4.897396564483643,725.6934204101562,725.440673828125,0.11803606897592545,-0.032439783215522766,0.0003,0.0003,0.1180357038974762
,,,,,656999,8129.6816,1000,,,,,,,,,,
,,,,,657000,,,-737.1705932617188,-5.98550271987915,3.241025924682617,735.7554321289062,735.82666015625,0.11840542405843735,0.001716554630547762,0.0003,0.0003,0.11840827018022537
,,,,,657999,6780.183,1000,,,,,,,,,,
,,,,,658000,,,-739.6692504882812,-5.993550777435303,4.106871128082275,738.5587158203125,738.4352416992188,0.11719747632741928,0.0007558830548077822,0.0003,0.0003,0.11719650030136108
,,,,,658999,8174.7944,1000,,,,,,,,,,
,,,,,659000,,,-729.26806640625,-5.998075485229492,3.8795225620269775,727.5110473632812,727.603271484375,0.11787835508584976,0.00022685687872581184,0.0003,0.0003,0.11788420379161835
,,,,,659999,8154.268,1000,,,,,,,,,,
7667.6226,1395.5028,8240.461,3490.3157,1000.0,660000,,,-745.3677368164062,-5.951624393463135,2.469644069671631,744.00537109375,744.291259765625,0.11942371726036072,0.005777235608547926,0.0003,0.0003,0.11942388862371445
,,,,,660999,8123.6343,1000,,,,,,,,,,
,,,,,661000,,,-741.4442749023438,-5.848953723907471,3.4314393997192383,740.3746337890625,740.1762084960938,0.11939381808042526,0.01803397573530674,0.0003,0.0003,0.11939296871423721
,,,,,661999,8257.515,1000,,,,,,,,,,
,,,,,662000,,,-742.0936279296875,-5.6810455322265625,5.341780185699463,740.8910522460938,740.3756103515625,0.11919146031141281,0.03801659867167473,0.0003,0.0003,0.11918839067220688
,,,,,662999,8221.351,1000,,,,,,,,,,
,,,,,663000,,,-732.8460693359375,-6.305440425872803,4.275193214416504,730.5892333984375,730.4444580078125,0.11914347112178802,-0.03639134019613266,0.0003,0.0003,0.11914733797311783
,,,,,663999,8193.485,1000,,,,,,,,,,
,,,,,664000,,,-739.7661743164062,-6.299637794494629,3.651577949523926,738.2488403320312,738.3993530273438,0.11913932859897614,-0.03569865599274635,0.0003,0.0003,0.11913466453552246
,,,,,664999,6803.2266,1000,,,,,,,,,,
8092.4116,51.48026,8164.4966,7981.605,1000.0,665000,,,-742.0154418945312,-5.8844075202941895,3.4364535808563232,741.2793579101562,740.7156982421875,0.11872485280036926,0.013723719865083694,0.0003,0.0003,0.11872125416994095
,,,,,665999,8266.079,1000,,,,,,,,,,
,,,,,666000,,,-745.8768920898438,-5.309864521026611,4.814939975738525,744.529052734375,744.195556640625,0.1191515401005745,0.08223069459199905,0.0003,0.0003,0.11914614588022232
,,,,,666999,7932.655,1000,,,,,,,,,,
,,,,,667000,,,-745.9797973632812,-5.43143367767334,2.9020166397094727,744.8362426757812,744.5239868164062,0.11923892796039581,0.06779520958662033,0.0003,0.0003,0.11923838406801224
,,,,,667999,8142.2886,1000,,,,,,,,,,
,,,,,668000,,,-735.9652099609375,-5.580210208892822,4.558848857879639,734.6354370117188,734.7620849609375,0.11890178173780441,0.049913760274648666,0.0003,0.0003,0.11890226602554321
,,,,,668999,8301.038,1000,,,,,,,,,,
,,,,,669000,,,-737.5400390625,-5.972494602203369,6.284566879272461,735.9888305664062,735.8709106445312,0.11727065593004227,0.003225604770705104,0.0003,0.0003,0.11727314442396164
,,,,,669999,8291.281,1000,,,,,,,,,,
8000.411,529.88837,8316.262,6465.55,1000.0,670000,,,-745.9760131835938,-5.5169596672058105,3.4766287803649902,744.6920776367188,744.946533203125,0.11686265468597412,0.05644933134317398,0.0003,0.0003,0.11685588210821152
,,,,,670999,8153.9365,1000,,,,,,,,,,
,,,,,671000,,,-732.5970458984375,-6.748380661010742,5.574563980102539,731.2970581054688,731.2620849609375,0.11703932285308838,-0.08758994936943054,0.0003,0.0003,0.11704418063163757
,,,,,671999,8139.7,1000,,,,,,,,,,
,,,,,672000,,,-738.5493774414062,-6.107274055480957,6.092082500457764,737.4791870117188,737.1952514648438,0.11723450571298599,-0.01257624663412571,0.0003,0.0003,0.1172359362244606
,,,,,672999,7812.653,1000,,,,,,,,,,
,,,,,673000,,,-739.2429809570312,-6.493210792541504,6.448771953582764,738.149169921875,737.9564208984375,0.11806222051382065,-0.058229584246873856,0.0003,0.0003,0.11806543171405792
,,,,,673999,8126.3496,1000,,,,,,,,,,
,,,,,674000,,,-746.9891967773438,-5.438592433929443,4.29412841796875,745.478271484375,745.5126342773438,0.1191098764538765,0.06686913967132568,0.0003,0.0003,0.11911279708147049
,,,,,674999,8016.635,1000,,,,,,,,,,
8162.9985,167.15656,8273.229,7697.4165,1000.0,675000,,,-750.1460571289062,-6.056943893432617,3.551283836364746,749.0245361328125,748.767822265625,0.11912818998098373,-0.006783690303564072,0.0003,0.0003,0.1191285029053688
,,,,,675999,8193.492,1000,,,,,,,,,,
,,,,,676000,,,-739.218505859375,-6.024141311645508,3.9539542198181152,738.2940673828125,737.95654296875,0.1176973357796669,-0.0028413874097168446,0.0003,0.0003,0.11769413948059082
,,,,,676999,1484.056,1000,,,,,,,,,,
,,,,,677000,,,-742.53857421875,-6.20296049118042,3.989043951034546,740.7315673828125,741.4300537109375,0.11749742925167084,-0.023847324773669243,0.0003,0.0003,0.11749913543462753
,,,,,677999,8185.4834,1000,,,,,,,,,,
,,,,,678000,,,-747.0628051757812,-5.556866645812988,3.325547218322754,745.3040771484375,745.38134765625,0.11743195354938507,0.05203802138566971,0.0003,0.0003,0.11742959916591644
,,,,,678999,8167.3506,1000,,,,,,,,,,
,,,,,679000,,,-741.6812744140625,-6.474863052368164,7.478721618652344,739.8548583984375,739.7452392578125,0.11902087926864624,-0.05651860684156418,0.0003,0.0003,0.11902298033237457
,,,,,679999,8248.478,1000,,,,,,,,,,
8106.1616,53.557583,8155.1694,7967.2773,1000.0,680000,,,-737.7955932617188,-5.790229797363281,5.196202278137207,736.6427001953125,736.511474609375,0.11960670351982117,0.025089893490076065,0.0003,0.0003,0.11961226910352707
,,,,,680999,8157.5024,1000,,,,,,,,,,
,,,,,681000,,,-743.926513671875,-5.990946292877197,4.93045711517334,742.3826904296875,742.22607421875,0.11813317239284515,0.001069595105946064,0.0003,0.0003,0.11812900751829147
,,,,,681999,8166.9717,1000,,,,,,,,,,
,,,,,682000,,,-733.4632568359375,-5.603768825531006,6.105057239532471,732.020263671875,731.91552734375,0.11812514811754227,0.04680492356419563,0.0003,0.0003,0.1181170642375946
,,,,,682999,7901.765,1000,,,,,,,,,,
,,,,,683000,,,-752.2762451171875,-6.10174560546875,4.452689170837402,750.9310302734375,750.7717895507812,0.11646653711795807,-0.01184991654008627,0.0003,0.0003,0.11646756529808044
,,,,,683999,8296.834,1000,,,,,,,,,,
,,,,,684000,,,-748.6705322265625,-6.122313022613525,5.529455661773682,747.4122314453125,747.07666015625,0.11753519624471664,-0.014376024715602398,0.0003,0.0003,0.11753802746534348
,,,,,684999,8180.1235,1000,,,,,,,,,,
8219.584,115.37568,8383.52,7936.617,1000.0,685000,,,-745.9221801757812,-6.029102802276611,4.3530988693237305,744.26806640625,744.3146362304688,0.11740387231111526,-0.0034168059937655926,0.0003,0.0003,0.1174030601978302
,,,,,685999,8369.656,1000,,,,,,,,,,
,,,,,686000,,,-742.6124877929688,-6.57500696182251,5.221402645111084,741.12841796875,741.0938720703125,0.11652739346027374,-0.06700404733419418,0.0003,0.0003,0.11653339862823486
,,,,,686999,8177.6387,1000,,,,,,,,,,
,,,,,687000,,,-745.0410766601562,-5.641536235809326,4.118104457855225,743.42041015625,743.2628173828125,0.11739018559455872,0.04208007827401161,0.0003,0.0003,0.11739125102758408
,,,,,687999,8293.99,1000,,,,,,,,,,
,,,,,688000,,,-750.5181274414062,-5.983556747436523,3.9169130325317383,748.97021484375,748.9454956054688,0.1181950718164444,0.0019434827845543623,0.0003,0.0003,0.11819431185722351
,,,,,688999,8238.402,1000,,,,,,,,,,
,,,,,689000,,,-749.3849487304688,-5.883157730102539,3.762117385864258,747.9539794921875,747.8999633789062,0.11920967698097229,0.013928703963756561,0.0003,0.0003,0.1192084550857544
,,,,,689999,8208.085,1000,,,,,,,,,,
7904.7393,1146.8259,8386.049,4471.894,1000.0,690000,,,-751.6212158203125,-5.875217437744141,4.365772724151611,750.3818969726562,749.6666259765625,0.11888877302408218,0.014835246838629246,0.0003,0.0003,0.11888755112886429
,,,,,690999,8361.5205,1000,,,,,,,,,,
,,,,,691000,,,-749.4990844726562,-6.054015636444092,2.7059578895568848,747.9287109375,748.0596313476562,0.11865430325269699,-0.006409191992133856,0.0003,0.0003,0.11865891516208649
,,,,,691999,8258.162,1000,,,,,,,,,,
,,,,,692000,,,-748.8468627929688,-5.658908367156982,5.240347385406494,747.00732421875,746.8907470703125,0.11792915314435959,0.04022464156150818,0.0003,0.0003,0.1179259791970253
,,,,,692999,8250.88,1000,,,,,,,,,,
,,,,,693000,,,-749.0654296875,-6.714334487915039,3.438587188720703,747.6671142578125,747.8094482421875,0.11733086407184601,-0.08381353318691254,0.0003,0.0003,0.1173408254981041
,,,,,693999,7831.8105,1000,,,,,,,,,,
,,,,,694000,,,-752.0247802734375,-5.971533298492432,4.640667915344238,749.9048461914062,750.2086181640625,0.11737837642431259,0.00334137212485075,0.0003,0.0003,0.11737921833992004
,,,,,694999,7729.9355,1000,,,,,,,,,,
8328.011,91.5436,8455.393,8148.6973,1000.0,695000,,,-755.1862182617188,-5.845012187957764,4.993912696838379,753.3848876953125,753.2600708007812,0.1173580065369606,0.018189046531915665,0.0003,0.0003,0.11736343055963516
,,,,,695999,8266.925,1000,,,,,,,,,,
,,,,,696000,,,-742.722900390625,-5.942697525024414,4.018576145172119,741.2584228515625,741.3992919921875,0.11839763075113297,0.006784503813832998,0.0003,0.0003,0.11839517205953598
,,,,,696999,8291.268,1000,,,,,,,,,,
,,,,,697000,,,-756.3160400390625,-6.565221786499023,3.608382225036621,754.8234252929688,754.7366943359375,0.11802276223897934,-0.06670907884836197,0.0003,0.0003,0.11802870035171509
,,,,,697999,8328.915,1000,,,,,,,,,,
,,,,,698000,,,-759.2642822265625,-5.775290012359619,4.512021064758301,757.6732177734375,757.708740234375,0.11862681061029434,0.026656679809093475,0.0003,0.0003,0.11862488836050034
,,,,,698999,8374.157,1000,,,,,,,,,,
,,,,,699000,,,-745.7003173828125,-5.8513336181640625,3.8326516151428223,744.0308227539062,744.1929931640625,0.1175343319773674,0.017473408952355385,0.0003,0.0003,0.11753550916910172
,,,,,699999,8301.475,1000,,,,,,,,,,
8126.822,143.04515,8272.543,7856.222,1000.0,700000,,,-754.281982421875,-5.920139312744141,3.454878330230713,752.7649536132812,753.015869140625,0.11653508991003036,0.009306555613875389,0.0003,0.0003,0.11653328686952591
,,,,,700999,8317.645,1000,,,,,,,,,,
,,,,,701000,,,-750.5319213867188,-5.766223430633545,3.677095413208008,749.535888671875,749.48291015625,0.1157478615641594,0.027059143409132957,0.0003,0.0003,0.11574471741914749
,,,,,701999,8294.3,1000,,,,,,,,,,
,,,,,702000,,,-751.361328125,-6.34937858581543,4.3247904777526855,749.7394409179688,749.7302856445312,0.11689508706331253,-0.04084056243300438,0.0003,0.0003,0.11689860373735428
,,,,,702999,8250.3955,1000,,,,,,,,,,
,,,,,703000,,,-754.9107666015625,-5.573124408721924,4.632831573486328,753.2149047851562,753.2161865234375,0.11680014431476593,0.049859218299388885,0.0003,0.0003,0.11680321395397186
,,,,,703999,8166.2217,1000,,,,,,,,,,
,,,,,704000,,,-753.1741333007812,-6.283294677734375,4.84517240524292,751.619384765625,751.7894897460938,0.1171291247010231,-0.03318209573626518,0.0003,0.0003,0.1171313002705574
,,,,,704999,8209.065,1000,,,,,,,,,,
7738.9854,2012.5712,8532.304,1704.609,1000.0,705000,,,-751.3466186523438,-6.290582656860352,4.376201152801514,749.3282470703125,749.2882080078125,0.11787942796945572,-0.03425373136997223,0.0003,0.0003,0.1178734079003334
,,,,,705999,5885.216,1000,,,,,,,,,,
,,,,,706000,,,-754.5735473632812,-5.793107986450195,2.9582371711730957,752.9346923828125,753.2525634765625,0.11798379570245743,0.024409877136349678,0.0003,0.0003,0.11798273026943207
,,,,,706999,8093.2227,1000,,,,,,,,,,
,,,,,707000,,,-751.3134155273438,-6.14777135848999,4.828028202056885,749.5112915039062,749.7846069335938,0.11810752004384995,-0.017452910542488098,0.0003,0.0003,0.1181056872010231
,,,,,707999,8355.682,1000,,,,,,,,,,
,,,,,708000,,,-747.0656127929688,-5.585226058959961,9.502118110656738,745.0777587890625,744.9686279296875,0.1177966296672821,0.048859067261219025,0.0003,0.0003,0.11779505759477615
,,,,,708999,8361.959,1000,,,,,,,,,,
,,,,,709000,,,-753.7547607421875,-6.294167995452881,5.1248459815979,752.5291748046875,752.3063354492188,0.11732703447341919,-0.03451387211680412,0.0003,0.0003,0.11732317507266998
,,,,,709999,8268.61,1000,,,,,,,,,,
8107.6006,555.0304,8364.129,6445.3867,1000.0,710000,,,-757.375732421875,-5.790931701660156,4.158031463623047,755.6950073242188,755.6864624023438,0.116533063352108,0.024363406002521515,0.0003,0.0003,0.11652889847755432
,,,,,710999,8105.7363,1000,,,,,,,,,,
,,,,,711000,,,-758.2010498046875,-6.546864032745361,4.115584373474121,756.1633911132812,756.1124877929688,0.11578766256570816,-0.06332014501094818,0.0003,0.0003,0.11579122394323349
,,,,,711999,8283.4,1000,,,,,,,,,,
,,,,,712000,,,-754.6942749023438,-6.020740509033203,4.555813312530518,752.7198486328125,753.0963134765625,0.11673182994127274,-0.0024210966657847166,0.0003,0.0003,0.11672698706388474
,,,,,712999,8109.9478,1000,,,,,,,,,,
,,,,,713000,,,-755.990966796875,-6.164996147155762,4.890637397766113,753.9468994140625,754.1116333007812,0.11648775637149811,-0.019219962880015373,0.0003,0.0003,0.11648828536272049
,,,,,713999,7799.961,1000,,,,,,,,,,
,,,,,714000,,,-757.4677734375,-6.116299629211426,6.647922515869141,755.9620971679688,756.2371826171875,0.1169494241476059,-0.01360119879245758,0.0003,0.0003,0.11695419251918793
,,,,,714999,8111.8975,1000,,,,,,,,,,
8341.545,137.63483,8509.725,7973.6484,1000.0,715000,,,-755.3238525390625,-6.070308685302734,4.049710273742676,753.9974975585938,754.1234741210938,0.11695803701877594,-0.008223160170018673,0.0003,0.0003,0.1169569194316864
,,,,,715999,8182.445,1000,,,,,,,,,,
,,,,,716000,,,-760.3812255859375,-6.138968467712402,2.9884095191955566,758.96142578125,758.868408203125,0.11650630831718445,-0.01619074121117592,0.0003,0.0003,0.11650095134973526
,,,,,716999,8216.776,1000,,,,,,,,,,
,,,,,717000,,,-762.5538940429688,-6.128023147583008,3.9927680492401123,760.858642578125,761.0208129882812,0.11491686850786209,-0.014712020754814148,0.0003,0.0003,0.11491305381059647
,,,,,717999,8297.247,1000,,,,,,,,,,
,,,,,718000,,,-756.9789428710938,-6.052195072174072,3.745680093765259,754.9356689453125,755.2390747070312,0.11555156856775284,-0.00603119470179081,0.0003,0.0003,0.11554988473653793
,,,,,718999,8299.364,1000,,,,,,,,,,
,,,,,719000,,,-763.4650268554688,-5.576781749725342,3.6928586959838867,762.3849487304688,762.5192260742188,0.11506856232881546,0.04869910329580307,0.0003,0.0003,0.11506866663694382
,,,,,719999,8334.482,1000,,,,,,,,,,
8196.573,250.63596,8394.804,7502.8496,1000.0,720000,,,-756.9934692382812,-5.592104434967041,5.210631847381592,755.1712036132812,755.4141845703125,0.11459934711456299,0.04674450680613518,0.0003,0.0003,0.11459221690893173
,,,,,720999,8347.029,1000,,,,,,,,,,
,,,,,721000,,,-763.816162109375,-5.843446731567383,4.12645959854126,762.1251220703125,762.4075927734375,0.11475119739770889,0.017964642494916916,0.0003,0.0003,0.11475015431642532
,,,,,721999,8379.095,1000,,,,,,,,,,
,,,,,722000,,,-754.9314575195312,-5.886373519897461,3.6365151405334473,753.7645263671875,753.7177124023438,0.11558239907026291,0.013133257627487183,0.0003,0.0003,0.11558341979980469
,,,,,722999,8236.818,1000,,,,,,,,,,
,,,,,723000,,,-756.7799682617188,-5.733412742614746,4.4004716873168945,754.8265991210938,754.5546264648438,0.11504551768302917,0.03066973388195038,0.0003,0.0003,0.11503855139017105
,,,,,723999,8371.243,1000,,,,,,,,,,
,,,,,724000,,,-764.872802734375,-6.367395401000977,4.739677906036377,763.7879028320312,763.3451538085938,0.11551675200462341,-0.04244028404355049,0.0003,0.0003,0.11551523208618164
,,,,,724999,8382.777,1000,,,,,,,,,,
8256.871,52.19117,8374.139,8176.682,1000.0,725000,,,-757.4678955078125,-5.733208179473877,4.269841194152832,755.8509521484375,755.6502075195312,0.11544125527143478,0.03079875558614731,0.0003,0.0003,0.11544197052717209
,,,,,725999,8397.447,1000,,,,,,,,,,
,,,,,726000,,,-763.6734008789062,-5.732798099517822,4.284561634063721,761.6057739257812,761.9249267578125,0.11542848497629166,0.030842717736959457,0.0003,0.0003,0.11542917788028717
,,,,,726999,8244.498,1000,,,,,,,,,,
,,,,,727000,,,-770.2937622070312,-5.789652347564697,2.518686294555664,768.7861328125,768.7291870117188,0.11535857617855072,0.024265427142381668,0.0003,0.0003,0.11535970866680145
,,,,,727999,8381.708,1000,,,,,,,,,,
,,,,,728000,,,-751.7269287109375,-6.214809417724609,3.9930131435394287,750.3758544921875,750.629150390625,0.11545325815677643,-0.02480044588446617,0.0003,0.0003,0.11545813083648682
,,,,,728999,8235.99,1000,,,,,,,,,,
,,,,,729000,,,-755.332275390625,-6.3009443283081055,4.479892253875732,753.9068603515625,754.3897094726562,0.11546308547258377,-0.034748006612062454,0.0003,0.0003,0.11546134948730469
,,,,,729999,8453.987,1000,,,,,,,,,,
8386.603,65.22129,8477.115,8261.229,1000.0,730000,,,-762.4930419921875,-5.539581298828125,4.447233200073242,760.3199462890625,760.553955078125,0.11572156101465225,0.05328034982085228,0.0003,0.0003,0.11572272330522537
,,,,,730999,8337.953,1000,,,,,,,,,,
,,,,,731000,,,-770.235595703125,-5.995969772338867,4.189797878265381,768.9273681640625,768.5313720703125,0.11633973568677902,0.0004688184126280248,0.0003,0.0003,0.11633554846048355
,,,,,731999,7968.228,1000,,,,,,,,,,
,,,,,732000,,,-763.4421997070312,-5.85542106628418,4.1228179931640625,761.94189453125,761.8419189453125,0.11663207411766052,0.016862530261278152,0.0003,0.0003,0.1166309341788292
,,,,,732999,8352.508,1000,,,,,,,,,,
,,,,,733000,,,-776.6727905273438,-5.687561988830566,3.2396621704101562,775.7847900390625,775.4962768554688,0.11674889177083969,0.03647676482796669,0.0003,0.0003,0.11674825102090836
,,,,,733999,8358.951,1000,,,,,,,,,,
,,,,,734000,,,-769.9716186523438,-5.4615631103515625,23.66646957397461,767.9607543945312,768.4446411132812,0.11673016101121902,0.06285181641578674,0.0003,0.0003,0.11672493070363998
,,,,,734999,8453.279,1000,,,,,,,,,,
8359.28,352.66382,8565.881,7323.496,1000.0,735000,,,-762.9984130859375,-5.512912750244141,3.8190135955810547,761.6846313476562,761.9402465820312,0.11641110479831696,0.05670243501663208,0.0003,0.0003,0.11641043424606323
,,,,,735999,8433.405,1000,,,,,,,,,,
,,,,,736000,,,-757.9817504882812,-6.004527568817139,5.302063941955566,756.15673828125,755.7282104492188,0.11580748111009598,-0.0005242900806479156,0.0003,0.0003,0.11581524461507797
,,,,,736999,8402.009,1000,,,,,,,,,,
,,,,,737000,,,-769.9580688476562,-5.716602325439453,3.6871438026428223,768.6932373046875,768.6137084960938,0.11558537930250168,0.03275661915540695,0.0003,0.0003,0.11558157205581665
,,,,,737999,8448.535,1000,,,,,,,,,,
,,,,,738000,,,-762.0348510742188,-6.22353458404541,4.343199729919434,760.5244750976562,760.7413330078125,0.11602512001991272,-0.025935588404536247,0.0003,0.0003,0.11602387577295303
,,,,,738999,8321.305,1000,,,,,,,,,,
,,,,,739000,,,-768.3857421875,-5.446520805358887,5.023921012878418,766.6162719726562,766.9263916015625,0.1167062297463417,0.06459444761276245,0.0003,0.0003,0.1167011633515358
,,,,,739999,8364.817,1000,,,,,,,,,,
8385.442,56.028423,8464.841,8291.854,1000.0,740000,,,-768.6751708984375,-6.30330228805542,4.302211761474609,767.8515625,767.8185424804688,0.11635585874319077,-0.03529105335474014,0.0003,0.0003,0.11636067926883698
,,,,,740999,8339.148,1000,,,,,,,,,,
,,,,,741000,,,-760.1636962890625,-6.641635417938232,3.737161636352539,758.9039916992188,759.0184936523438,0.11644849181175232,-0.07471740990877151,0.0003,0.0003,0.11645635217428207
,,,,,741999,8407.014,1000,,,,,,,,,,
,,,,,742000,,,-767.7938232421875,-6.070830345153809,4.658133506774902,766.4235229492188,766.4724731445312,0.11625123769044876,-0.008234056644141674,0.0003,0.0003,0.11624757200479507
,,,,,742999,8408.463,1000,,,,,,,,,,
,,,,,743000,,,-763.6998901367188,-5.807450771331787,4.188666343688965,762.1653442382812,762.3477172851562,0.11528151482343674,0.022197311744093895,0.0003,0.0003,0.11528582870960236
,,,,,743999,8416.545,1000,,,,,,,,,,
,,,,,744000,,,-767.312744140625,-5.793276786804199,3.922844171524048,766.1654052734375,766.248291015625,0.11619803309440613,0.024020841345191002,0.0003,0.0003,0.11619645357131958
,,,,,744999,8439.617,1000,,,,,,,,,,
8013.332,824.7893,8335.755,5541.565,1000.0,745000,,,-772.017333984375,-5.739219665527344,4.183915138244629,770.5736083984375,770.533447265625,0.1161288172006607,0.030284112319350243,0.0003,0.0003,0.11612668633460999
,,,,,745999,8435.383,1000,,,,,,,,,,
,,,,,746000,,,-771.104736328125,-5.8262939453125,4.324080944061279,769.46923828125,769.50146484375,0.11676517874002457,0.020282845944166183,0.0003,0.0003,0.1167602464556694
,,,,,746999,8483.595,1000,,,,,,,,,,
,,,,,747000,,,-769.248046875,-6.070051193237305,3.8932228088378906,767.8341674804688,768.0226440429688,0.11705497652292252,-0.008199753239750862,0.0003,0.0003,0.11705561727285385
,,,,,747999,8439.216,1000,,,,,,,,,,
,,,,,748000,,,-768.73486328125,-5.980670928955078,5.445849418640137,767.6405029296875,767.34033203125,0.11640230566263199,0.0022499277256429195,0.0003,0.0003,0.11639905720949173
,,,,,748999,8373.065,1000,,,,,,,,,,
,,,,,749000,,,-764.1925048828125,-6.232132911682129,4.129878520965576,762.5795288085938,762.1818237304688,0.11594749987125397,-0.026915164664387703,0.0003,0.0003,0.11595344543457031
,,,,,749999,8505.279,1000,,,,,,,,,,
8474.498,53.321606,8562.094,8361.775,1000.0,750000,,,-776.2998657226562,-6.168454170227051,3.8766820430755615,775.2659912109375,775.1259765625,0.1165008395910263,-0.01962503232061863,0.0003,0.0003,0.11650161445140839
,,,,,750999,8480.592,1000,,,,,,,,,,
,,,,,751000,,,-775.6103515625,-5.009461402893066,3.412203550338745,774.2793579101562,774.3072509765625,0.11653123050928116,0.11542864143848419,0.0003,0.0003,0.11652208864688873
,,,,,751999,8487.817,1000,,,,,,,,,,
,,,,,752000,,,-768.0013427734375,-6.069753646850586,2.8891425132751465,766.0081787109375,766.3619995117188,0.1164887323975563,-0.008125458844006062,0.0003,0.0003,0.11648592352867126
,,,,,752999,8520.011,1000,,,,,,,,,,
,,,,,753000,,,-774.317138671875,-6.132916450500488,4.230384826660156,772.6539306640625,772.76513671875,0.11725205928087234,-0.015584804117679596,0.0003,0.0003,0.1172560602426529
,,,,,753999,8415.448,1000,,,,,,,,,,
,,,,,754000,,,-775.3460693359375,-5.683663368225098,5.059633255004883,773.9491577148438,773.9578247070312,0.11716026812791824,0.03706212341785431,0.0003,0.0003,0.11715476214885712
,,,,,754999,8439.032,1000,,,,,,,,,,
8583.971,42.549515,8667.558,8517.627,1000.0,755000,,,-772.8056640625,-6.219857692718506,4.495572090148926,771.2545776367188,771.199462890625,0.11697646975517273,-0.02571815252304077,0.0003,0.0003,0.11697351187467575
,,,,,755999,8491.772,1000,,,,,,,,,,
,,,,,756000,,,-770.2838745117188,-5.688244819641113,4.7100043296813965,769.023681640625,769.214111328125,0.11733187735080719,0.03657875582575798,0.0003,0.0003,0.11732840538024902
,,,,,756999,8586.248,1000,,,,,,,,,,
,,,,,757000,,,-773.2586059570312,-5.44773006439209,4.33111572265625,771.4297485351562,771.2509765625,0.11639106273651123,0.06427920609712601,0.0003,0.0003,0.11639092862606049
,,,,,757999,7374.398,1000,,,,,,,,,,
,,,,,758000,,,-773.94677734375,-5.838024139404297,6.790518283843994,772.3758544921875,772.5928344726562,0.11602655798196793,0.018793487921357155,0.0003,0.0003,0.11602495610713959
,,,,,758999,8372.624,1000,,,,,,,,,,
,,,,,759000,,,-776.53662109375,-5.794458389282227,3.815347909927368,774.80859375,774.9971313476562,0.11586608737707138,0.023815259337425232,0.0003,0.0003,0.1158580482006073
,,,,,759999,8544.205,1000,,,,,,,,,,
8560.997,45.38641,8622.56,8472.832,1000.0,760000,,,-779.3470458984375,-6.407125473022461,3.018411874771118,777.6769409179688,777.1671142578125,0.11622149497270584,-0.04731670394539833,0.0003,0.0003,0.11621933430433273
,,,,,760999,8537.668,1000,,,,,,,,,,
,,,,,761000,,,-771.74365234375,-5.650075912475586,3.9551711082458496,770.1572265625,770.0767211914062,0.11733704805374146,0.041059017181396484,0.0003,0.0003,0.11733528971672058
,,,,,761999,8301.575,1000,,,,,,,,,,
,,,,,762000,,,-773.9652099609375,-5.665658950805664,3.664292573928833,772.82373046875,772.743408203125,0.11779758334159851,0.0393846221268177,0.0003,0.0003,0.11779654771089554
,,,,,762999,8502.982,1000,,,,,,,,,,
,,,,,763000,,,-773.1387329101562,-6.242832660675049,3.555431604385376,771.4679565429688,771.500244140625,0.11630110442638397,-0.02824173867702484,0.0003,0.0003,0.1163039356470108
,,,,,763999,8439.86,1000,,,,,,,,,,
,,,,,764000,,,-781.8878173828125,-5.785937786102295,2.795854330062866,780.194091796875,780.1890869140625,0.11554892361164093,0.024734610691666603,0.0003,0.0003,0.11555054783821106
,,,,,764999,8528.816,1000,,,,,,,,,,
8324.828,434.47516,8673.641,7290.147,1000.0,765000,,,-773.0151977539062,-6.140427589416504,4.383419036865234,771.4833374023438,771.5482788085938,0.11584123224020004,-0.01626727730035782,0.0003,0.0003,0.11584028601646423
,,,,,765999,8554.329,1000,,,,,,,,,,
,,,,,766000,,,-776.8814697265625,-6.233695983886719,4.042361736297607,774.8819580078125,774.9622192382812,0.11605660617351532,-0.027121933177113533,0.0003,0.0003,0.11605101823806763
,,,,,766999,8454.09,1000,,,,,,,,,,
,,,,,767000,,,-773.8148803710938,-6.042416095733643,5.247283935546875,772.4270629882812,772.8660278320312,0.11505670845508575,-0.004880215972661972,0.0003,0.0003,0.11506052315235138
,,,,,767999,8651.882,1000,,,,,,,,,,
,,,,,768000,,,-771.64013671875,-6.049616813659668,5.835120677947998,770.38720703125,770.313720703125,0.11471350491046906,-0.0056916275061666965,0.0003,0.0003,0.11471298336982727
,,,,,768999,8573.204,1000,,,,,,,,,,
,,,,,769000,,,-777.3098754882812,-5.757629871368408,3.7498786449432373,775.051513671875,775.40771484375,0.11500846594572067,0.02787456475198269,0.0003,0.0003,0.1150021031498909
,,,,,769999,8423.609,1000,,,,,,,,,,
8638.225,54.959293,8713.39,8514.3545,1000.0,770000,,,-781.1322021484375,-6.226454734802246,2.823608160018921,779.5814819335938,779.6480102539062,0.11564872413873672,-0.026189202442765236,0.0003,0.0003,0.11565357446670532
,,,,,770999,8512.496,1000,,,,,,,,,,
,,,,,771000,,,-773.41650390625,-5.960474491119385,5.027505397796631,771.899658203125,772.1661987304688,0.1151263490319252,0.004550398327410221,0.0003,0.0003,0.11512360721826553
,,,,,771999,8518.364,1000,,,,,,,,,,
,,,,,772000,,,-781.7699584960938,-6.265227317810059,4.474599838256836,780.2539672851562,780.5427856445312,0.11606748402118683,-0.030784277245402336,0.0003,0.0003,0.11607345938682556
,,,,,772999,8494.23,1000,,,,,,,,,,
,,,,,773000,,,-780.474609375,-5.834413528442383,5.1976213455200195,778.8906860351562,778.4009399414062,0.11563209444284439,0.019147129729390144,0.0003,0.0003,0.11562857031822205
,,,,,773999,8474.073,1000,,,,,,,,,,
,,,,,774000,,,-783.5526733398438,-5.648310661315918,4.564571380615234,782.3689575195312,782.2495727539062,0.11438847333192825,0.0402291901409626,0.0003,0.0003,0.11439354717731476
,,,,,774999,8646.424,1000,,,,,,,,,,
8523.533,92.15978,8656.89,8317.382,1000.0,775000,,,-774.4756469726562,-6.134158134460449,4.2037153244018555,772.7608642578125,773.09375,0.11566992849111557,-0.015518090687692165,0.0003,0.0003,0.11567293107509613
,,,,,775999,8445.659,1000,,,,,,,,,,
,,,,,776000,,,-783.3480224609375,-6.113069534301758,6.5355305671691895,782.0296630859375,781.9634399414062,0.11587031185626984,-0.01310145203024149,0.0003,0.0003,0.11587075889110565
,,,,,776999,8505.774,1000,,,,,,,,,,
,,,,,777000,,,-781.8268432617188,-6.213867664337158,3.9059698581695557,780.2576904296875,780.1906127929688,0.11572644859552383,-0.02475016377866268,0.0003,0.0003,0.11572948098182678
,,,,,777999,8592.296,1000,,,,,,,,,,
,,,,,778000,,,-786.27685546875,-5.562536239624023,4.710410118103027,785.4688110351562,785.21826171875,0.11697923392057419,0.05117418244481087,0.0003,0.0003,0.11697429418563843
,,,,,778999,8627.281,1000,,,,,,,,,,
,,,,,779000,,,-783.1929931640625,-5.877084255218506,3.261993885040283,781.8654174804688,782.1737060546875,0.1166759580373764,0.014341381378471851,0.0003,0.0003,0.11668141186237335
,,,,,779999,7567.845,1000,,,,,,,,,,
8387.946,427.9682,8589.63,7110.243,1000.0,780000,,,-777.93115234375,-5.750167369842529,4.369424343109131,776.4431762695312,776.6063842773438,0.11653081327676773,0.0291131678968668,0.0003,0.0003,0.11652898043394089
,,,,,780999,8628.715,1000,,,,,,,,,,
,,,,,781000,,,-775.9833374023438,-6.107268333435059,4.407535552978516,774.1341552734375,774.0540771484375,0.11604191362857819,-0.01244764681905508,0.0003,0.0003,0.11604318767786026
,,,,,781999,8541.192,1000,,,,,,,,,,
,,,,,782000,,,-784.3898315429688,-5.841803073883057,5.408937454223633,783.0990600585938,782.6480712890625,0.11532910168170929,0.018244681879878044,0.0003,0.0003,0.11532530188560486
,,,,,782999,8624.189,1000,,,,,,,,,,
,,,,,783000,,,-775.1461181640625,-6.335715293884277,4.348395347595215,774.0256958007812,773.7174682617188,0.11545515805482864,-0.03876006603240967,0.0003,0.0003,0.11545708030462265
,,,,,783999,8600.908,1000,,,,,,,,,,
,,,,,784000,,,-772.3363037109375,-5.7509307861328125,4.092315196990967,770.5363159179688,770.4075927734375,0.1148771196603775,0.028612401336431503,0.0003,0.0003,0.11487958580255508
,,,,,784999,8512.41,1000,,,,,,,,,,
8583.895,63.85079,8681.588,8433.42,1000.0,785000,,,-783.9750366210938,-5.942182540893555,3.236276388168335,782.2125244140625,781.867919921875,0.11562599986791611,0.006685204803943634,0.0003,0.0003,0.11562247574329376
,,,,,785999,8542.1455,1000,,,,,,,,,,
,,,,,786000,,,-783.173095703125,-5.810964107513428,3.990872383117676,781.439697265625,781.5702514648438,0.11551840603351593,0.021837083622813225,0.0003,0.0003,0.11552256345748901
,,,,,786999,8578.669,1000,,,,,,,,,,
,,,,,787000,,,-780.507568359375,-5.886494159698486,5.087058067321777,779.3497314453125,779.2351684570312,0.11459500342607498,0.013007241301238537,0.0003,0.0003,0.11459282040596008
,,,,,787999,6216.6216,1000,,,,,,,,,,
,,,,,788000,,,-781.6406860351562,-5.568724155426025,3.81211519241333,780.0166625976562,780.42529296875,0.1142779141664505,0.04928524047136307,0.0003,0.0003,0.1142776682972908
,,,,,788999,8502.259,1000,,,,,,,,,,
,,,,,789000,,,-778.5927734375,-6.934239387512207,4.060708999633789,776.8365478515625,777.1173095703125,0.11423903703689575,-0.10672657191753387,0.0003,0.0003,0.11424467712640762
,,,,,789999,8635.339,1000,,,,,,,,,,
8567.981,104.32059,8717.178,8337.228,1000.0,790000,,,-778.0546875,-6.24098014831543,4.770251750946045,775.9995727539062,776.074951171875,0.11414589732885361,-0.027506902813911438,0.0003,0.0003,0.11414464563131332
,,,,,790999,8589.273,1000,,,,,,,,,,
,,,,,791000,,,-780.9781494140625,-6.533719062805176,4.978121757507324,779.5780639648438,779.6153564453125,0.1143706664443016,-0.06104182451963425,0.0003,0.0003,0.11437396705150604
,,,,,791999,8492.098,1000,,,,,,,,,,
,,,,,792000,,,-780.2155151367188,-6.4021100997924805,4.43268346786499,778.435791015625,778.5355224609375,0.11496610939502716,-0.04622907564043999,0.0003,0.0003,0.11496720463037491
,,,,,792999,8523.07,1000,,,,,,,,,,
,,,,,793000,,,-778.8572387695312,-6.104427337646484,4.4901227951049805,777.1038818359375,777.031494140625,0.1155586764216423,-0.01206747442483902,0.0003,0.0003,0.11555859446525574
,,,,,793999,8519.087,1000,,,,,,,,,,
,,,,,794000,,,-777.8931884765625,-6.2021284103393555,4.557186126708984,776.6396484375,776.2171630859375,0.11542986333370209,-0.0233316607773304,0.0003,0.0003,0.11542972177267075
,,,,,794999,8554.697,1000,,,,,,,,,,
8563.134,39.96645,8605.866,8474.964,1000.0,795000,,,-770.74365234375,-6.211311340332031,4.384954929351807,768.7569580078125,768.8980102539062,0.11668536067008972,-0.02465701662003994,0.0003,0.0003,0.11668369174003601
,,,,,795999,8581.38,1000,,,,,,,,,,
,,,,,796000,,,-781.587646484375,-6.345291614532471,4.408222675323486,780.085205078125,780.1173706054688,0.11558074504137039,-0.03990902751684189,0.0003,0.0003,0.11558016389608383
,,,,,796999,8554.37,1000,,,,,,,,,,
,,,,,797000,,,-786.439208984375,-5.7297258377075195,4.629794597625732,784.631103515625,784.5653686523438,0.11416494846343994,0.030855877324938774,0.0003,0.0003,0.11416511237621307
,,,,,797999,8526.214,1000,,,,,,,,,,
,,,,,798000,,,-775.616943359375,-6.183619499206543,4.4924211502075195,773.9488525390625,773.7996826171875,0.11451590806245804,-0.021027378737926483,0.0003,0.0003,0.11451994627714157
,,,,,798999,8610.037,1000,,,,,,,,,,
,,,,,799000,,,-788.8687133789062,-5.702693462371826,4.150675296783447,787.1341552734375,787.1798095703125,0.11600802838802338,0.03448996692895889,0.0003,0.0003,0.11600946635007858
,,,,,799999,8569.011,1000,,,,,,,,,,
8672.209,57.061134,8759.974,8577.624,1000.0,800000,,,-786.101806640625,-5.766355991363525,5.759891510009766,785.015625,785.175537109375,0.1161704957485199,0.027142491191625595,0.0003,0.0003,0.11616894602775574
,,,,,800999,8621.8955,1000,,,,,,,,,,
,,,,,801000,,,-784.1444091796875,-5.83650541305542,3.8834352493286133,782.2117309570312,782.3171997070312,0.11620401591062546,0.01899874024093151,0.0003,0.0003,0.11620498448610306
,,,,,801999,8655.781,1000,,,,,,,,,,
,,,,,802000,,,-782.1040649414062,-6.229428291320801,6.17494535446167,780.9312744140625,780.4445190429688,0.11514710634946823,-0.02641800045967102,0.0003,0.0003,0.11514979600906372
,,,,,802999,8705.033,1000,,,,,,,,,,
,,,,,803000,,,-782.9800415039062,-5.790343761444092,4.773516654968262,781.2603759765625,781.6041259765625,0.11408743262290955,0.023919181898236275,0.0003,0.0003,0.11408688873052597
,,,,,803999,8622.238,1000,,,,,,,,,,
,,,,,804000,,,-788.4022827148438,-5.784458160400391,4.141413688659668,786.3382568359375,786.2760620117188,0.11551449447870255,0.02489815466105938,0.0003,0.0003,0.11551810055971146
,,,,,804999,8719.794,1000,,,,,,,,,,
8569.985,56.50808,8612.51,8421.123,1000.0,805000,,,-792.50048828125,-5.945657253265381,5.063465118408203,791.2357788085938,791.6224365234375,0.11688009649515152,0.006351623684167862,0.0003,0.0003,0.11687786877155304
,,,,,805999,8677.967,1000,,,,,,,,,,
,,,,,806000,,,-789.2102661132812,-6.193771839141846,4.84249210357666,787.8438720703125,787.3094482421875,0.11564695835113525,-0.022409120574593544,0.0003,0.0003,0.11564279347658157
,,,,,806999,7272.633,1000,,,,,,,,,,
,,,,,807000,,,-782.67724609375,-6.124951362609863,4.999083518981934,781.2427978515625,781.40478515625,0.11540891975164413,-0.014420471154153347,0.0003,0.0003,0.115410216152668
,,,,,807999,8638.167,1000,,,,,,,,,,
,,,,,808000,,,-785.8726806640625,-5.787473201751709,3.960855007171631,784.4022216796875,783.9388427734375,0.11634653806686401,0.02472677081823349,0.0003,0.0003,0.11634955555200577
,,,,,808999,8325.172,1000,,,,,,,,,,
,,,,,809000,,,-790.4794921875,-6.699382305145264,4.213778018951416,788.8709716796875,789.3961181640625,0.11708903312683105,-0.08188999444246292,0.0003,0.0003,0.11709411442279816
,,,,,809999,8570.343,1000,,,,,,,,,,
8200.482,1264.5409,8693.693,4413.0903,1000.0,810000,,,-789.2742919921875,-5.911232948303223,3.697350025177002,787.7692260742188,788.0511474609375,0.11730365455150604,0.010412720963358879,0.0003,0.0003,0.11730029433965683
,,,,,810999,8647.057,1000,,,,,,,,,,
,,,,,811000,,,-780.9204711914062,-6.10874605178833,6.621033668518066,779.4386596679688,779.7816772460938,0.11646562069654465,-0.012665150687098503,0.0003,0.0003,0.11647109687328339
,,,,,811999,8732.847,1000,,,,,,,,,,
,,,,,812000,,,-783.0192260742188,-6.230603218078613,4.555634498596191,781.659912109375,781.228759765625,0.11551576107740402,-0.02663833647966385,0.0003,0.0003,0.11551303416490555
,,,,,812999,8636.993,1000,,,,,,,,,,
,,,,,813000,,,-794.4486083984375,-5.616715431213379,3.7801058292388916,793.0137939453125,792.46923828125,0.11658897995948792,0.04468671604990959,0.0003,0.0003,0.11658633500337601
,,,,,813999,8690.716,1000,,,,,,,,,,
,,,,,814000,,,-789.5072631835938,-5.977906703948975,5.526552677154541,788.3115234375,788.1935424804688,0.11613089591264725,0.0025656900834292173,0.0003,0.0003,0.11613092571496964
,,,,,814999,8519.803,1000,,,,,,,,,,
8673.602,99.95264,8790.022,8406.523,1000.0,815000,,,-797.1801147460938,-5.64327335357666,3.769968032836914,795.9696655273438,796.1370239257812,0.11550182104110718,0.041202545166015625,0.0003,0.0003,0.11549647897481918
,,,,,815999,8565.665,1000,,,,,,,,,,
,,,,,816000,,,-792.9308471679688,-6.056743144989014,3.7560486793518066,791.4442138671875,791.1122436523438,0.11541535705327988,-0.006549010518938303,0.0003,0.0003,0.11541379243135452
,,,,,816999,8365.676,1000,,,,,,,,,,
,,,,,817000,,,-788.7009887695312,-6.380575180053711,4.887760639190674,787.283447265625,787.5260009765625,0.11526314914226532,-0.04386626556515694,0.0003,0.0003,0.1152656227350235
,,,,,817999,8724.648,1000,,,,,,,,,,
,,,,,818000,,,-794.7775268554688,-5.488673210144043,5.019987106323242,793.290771484375,793.316162109375,0.11630254983901978,0.059468600898981094,0.0003,0.0003,0.11629991233348846
,,,,,818999,8608.522,1000,,,,,,,,,,
,,,,,819000,,,-790.0584106445312,-6.215415954589844,3.1238226890563965,788.79931640625,788.73876953125,0.11678057163953781,-0.025156399235129356,0.0003,0.0003,0.116786889731884
,,,,,819999,8594.78,1000,,,,,,,,,,
8787.974,64.35804,8872.631,8675.689,1000.0,820000,,,-791.6067504882812,-6.20332670211792,5.714914321899414,790.4083251953125,790.42041015625,0.11707615852355957,-0.023804737254977226,0.0003,0.0003,0.11708160489797592
,,,,,820999,8677.282,1000,,,,,,,,,,
,,,,,821000,,,-786.4730224609375,-6.0132927894592285,4.783966064453125,784.49853515625,784.4240112304688,0.11677481234073639,-0.0015522795729339123,0.0003,0.0003,0.11677470058202744
,,,,,821999,8810.926,1000,,,,,,,,,,
,,,,,822000,,,-786.1757202148438,-5.755165100097656,5.870323181152344,785.1702880859375,784.49951171875,0.11596889793872833,0.028393253684043884,0.0003,0.0003,0.1159682348370552
,,,,,822999,8766.37,1000,,,,,,,,,,
,,,,,823000,,,-780.048828125,-6.65178108215332,6.73880672454834,778.5743408203125,777.8810424804688,0.11527860164642334,-0.07513637840747833,0.0003,0.0003,0.11528582870960236
,,,,,823999,8781.43,1000,,,,,,,,,,
,,,,,824000,,,-796.8952026367188,-5.774846076965332,4.453045845031738,795.2880859375,795.203369140625,0.11500950902700424,0.02589484304189682,0.0003,0.0003,0.11499708890914917
,,,,,824999,8773.619,1000,,,,,,,,,,
8686.065,36.6551,8748.094,8628.858,1000.0,825000,,,-792.6627197265625,-6.02341365814209,3.685969352722168,791.00341796875,791.022216796875,0.1158452033996582,-0.002712391084060073,0.0003,0.0003,0.11584225296974182
,,,,,825999,8713.952,1000,,,,,,,,,,
,,,,,826000,,,-799.7891235351562,-5.73088264465332,5.6630024909973145,798.1265869140625,798.4652099609375,0.11651167273521423,0.03135532885789871,0.0003,0.0003,0.11651050299406052
,,,,,826999,8681.44,1000,,,,,,,,,,
,,,,,827000,,,-799.0657348632812,-5.687700271606445,3.947115659713745,797.9844970703125,798.2590942382812,0.1167067289352417,0.03644741699099541,0.0003,0.0003,0.11670733988285065
,,,,,827999,8751.521,1000,,,,,,,,,,
,,,,,828000,,,-793.1459350585938,-6.165440559387207,4.571413040161133,791.8155517578125,791.6239624023438,0.1161702498793602,-0.01921928860247135,0.0003,0.0003,0.116173654794693
,,,,,828999,8792.43,1000,,,,,,,,,,
,,,,,829000,,,-791.7221069335938,-5.600955486297607,4.031427383422852,790.5259399414062,790.1656494140625,0.11610467731952667,0.04633089900016785,0.0003,0.0003,0.11610409617424011
,,,,,829999,8754.765,1000,,,,,,,,,,
8630.063,298.4778,8839.312,7760.9424,1000.0,830000,,,-797.8684692382812,-5.814640998840332,4.2778849601745605,796.5274658203125,796.9730834960938,0.11612466722726822,0.021524738520383835,0.0003,0.0003,0.11612477898597717
,,,,,830999,8677.682,1000,,,,,,,,,,
,,,,,831000,,,-799.1372680664062,-5.7166361808776855,4.703031539916992,797.68359375,797.9502563476562,0.11587658524513245,0.03283527493476868,0.0003,0.0003,0.11586794257164001
,,,,,831999,8756.761,1000,,,,,,,,,,
,,,,,832000,,,-798.1905517578125,-5.921952724456787,5.657673358917236,796.8179321289062,797.2667236328125,0.11654159426689148,0.009095790795981884,0.0003,0.0003,0.11654442548751831
,,,,,832999,8759.069,1000,,,,,,,,,,
,,,,,833000,,,-795.1702880859375,-6.144320487976074,4.522459030151367,793.4953002929688,794.1297607421875,0.11677556484937668,-0.01685316301882267,0.0003,0.0003,0.11677728593349457
,,,,,833999,8827.328,1000,,,,,,,,,,
,,,,,834000,,,-797.284912109375,-5.718417644500732,8.664148330688477,795.9053955078125,795.877685546875,0.11708009988069534,0.03296768292784691,0.0003,0.0003,0.11708235740661621
,,,,,834999,8775.009,1000,,,,,,,,,,
8604.943,230.84993,8772.514,7934.056,1000.0,835000,,,-795.3067016601562,-5.6977763175964355,5.2493205070495605,793.917236328125,794.3864135742188,0.11702816188335419,0.035368725657463074,0.0003,0.0003,0.11702336370944977
,,,,,835999,8683.878,1000,,,,,,,,,,
,,,,,836000,,,-791.4573364257812,-6.271631240844727,5.351283073425293,789.52978515625,789.8936157226562,0.11692042648792267,-0.03175923228263855,0.0003,0.0003,0.11692485958337784
,,,,,836999,8669.322,1000,,,,,,,,,,
,,,,,837000,,,-798.3016357421875,-6.301722049713135,4.808061599731445,796.7064819335938,796.6712036132812,0.11686254292726517,-0.03526002913713455,0.0003,0.0003,0.11686234921216965
,,,,,837999,8734.484,1000,,,,,,,,,,
,,,,,838000,,,-800.33935546875,-6.034769058227539,4.588041305541992,798.8043212890625,798.7700805664062,0.11789879202842712,-0.004099217709153891,0.0003,0.0003,0.11790253221988678
,,,,,838999,8755.844,1000,,,,,,,,,,
,,,,,839000,,,-804.00634765625,-5.584171295166016,4.893418788909912,802.6781616210938,802.6407470703125,0.11799608916044235,0.04906622692942619,0.0003,0.0003,0.1179957240819931
,,,,,839999,8762.933,1000,,,,,,,,,,
8743.841,32.395763,8792.716,8702.492,1000.0,840000,,,-804.0830078125,-6.193505764007568,3.5066423416137695,802.3550415039062,802.8634643554688,0.11702241003513336,-0.022644517943263054,0.0003,0.0003,0.1170208528637886
,,,,,840999,8762.534,1000,,,,,,,,,,
,,,,,841000,,,-801.4346923828125,-6.295934677124023,3.2323355674743652,800.044921875,800.161865234375,0.11725205928087234,-0.03469891473650932,0.0003,0.0003,0.1172543540596962
,,,,,841999,8749.172,1000,,,,,,,,,,
,,,,,842000,,,-788.5591430664062,-6.2829179763793945,5.814645767211914,787.1742553710938,787.2694091796875,0.11734026670455933,-0.03319769725203514,0.0003,0.0003,0.11733744293451309
,,,,,842999,8733.154,1000,,,,,,,,,,
,,,,,843000,,,-795.8756713867188,-5.784873962402344,3.401761054992676,793.990234375,794.3153076171875,0.11711776256561279,0.02519506774842739,0.0003,0.0003,0.11711639165878296
,,,,,843999,8733.09,1000,,,,,,,,,,
,,,,,844000,,,-806.7774047851562,-5.940663814544678,3.189833164215088,804.7962646484375,805.25634765625,0.11665037274360657,0.006921542342752218,0.0003,0.0003,0.11664483696222305
,,,,,844999,8773.371,1000,,,,,,,,,,
8757.322,80.616066,8844.061,8592.855,1000.0,845000,,,-796.9436645507812,-6.056393146514893,4.606811046600342,795.4677734375,795.50048828125,0.11673455685377121,-0.006583009380847216,0.0003,0.0003,0.1167350560426712
,,,,,845999,8549.965,1000,,,,,,,,,,
,,,,,846000,,,-796.592529296875,-5.961259841918945,3.980288505554199,795.143798828125,794.8118896484375,0.11697474122047424,0.0045315660536289215,0.0003,0.0003,0.11697661131620407
,,,,,846999,8890.626,1000,,,,,,,,,,
,,,,,847000,,,-807.9968872070312,-6.06375789642334,5.286541938781738,806.3241577148438,806.311279296875,0.11677651107311249,-0.007445438764989376,0.0003,0.0003,0.11677221953868866
,,,,,847999,8690.721,1000,,,,,,,,,,
,,,,,848000,,,-810.6173095703125,-5.534974098205566,4.1386003494262695,809.6370849609375,809.557861328125,0.11659850925207138,0.05422132834792137,0.0003,0.0003,0.11659428477287292
,,,,,848999,8852.284,1000,,,,,,,,,,
,,,,,849000,,,-804.3851928710938,-5.536382675170898,3.12001633644104,803.0328369140625,803.1226806640625,0.11680872738361359,0.05415458232164383,0.0003,0.0003,0.11680234968662262
,,,,,849999,8830.449,1000,,,,,,,,,,
8659.699,174.64732,8808.092,8162.376,1000.0,850000,,,-801.5191650390625,-6.148184776306152,7.27470064163208,800.0372314453125,799.6838989257812,0.11606540530920029,-0.017199119552969933,0.0003,0.0003,0.11607160419225693
,,,,,850999,8709.648,1000,,,,,,,,,,
,,,,,851000,,,-803.5616455078125,-6.050788402557373,5.3111090660095215,802.6043701171875,802.5422973632812,0.11585631221532822,-0.005884119775146246,0.0003,0.0003,0.11585699766874313
,,,,,851999,8831.364,1000,,,,,,,,,,
,,,,,852000,,,-796.5509643554688,-5.753223896026611,5.971735954284668,795.2374877929688,795.5009765625,0.11594515293836594,0.028612378984689713,0.0003,0.0003,0.1159447655081749
,,,,,852999,8750.63,1000,,,,,,,,,,
,,,,,853000,,,-803.314208984375,-5.860483169555664,5.066631317138672,801.480712890625,801.444580078125,0.11521397531032562,0.01607431471347809,0.0003,0.0003,0.1152111142873764
,,,,,853999,8928.638,1000,,,,,,,,,,
,,,,,854000,,,-795.9430541992188,-6.202589988708496,3.6748805046081543,794.3164672851562,794.2274780273438,0.11551523208618164,-0.023402240127325058,0.0003,0.0003,0.11552000045776367
,,,,,854999,8674.98,1000,,,,,,,,,,
8710.425,73.3484,8817.834,8573.134,1000.0,855000,,,-805.243896484375,-5.709486484527588,3.5307726860046387,803.5938720703125,803.727783203125,0.1163334995508194,0.03379645198583603,0.0003,0.0003,0.11633230745792389
,,,,,855999,8776.211,1000,,,,,,,,,,
,,,,,856000,,,-801.2972412109375,-6.571832180023193,10.512114524841309,799.735107421875,799.4222412109375,0.11653847992420197,-0.06664039939641953,0.0003,0.0003,0.1165444552898407
,,,,,856999,8878.627,1000,,,,,,,,,,
,,,,,857000,,,-796.4800415039062,-6.366543292999268,5.2910027503967285,794.3765869140625,794.568115234375,0.1150251105427742,-0.04216165468096733,0.0003,0.0003,0.115028016269207
,,,,,857999,8781.572,1000,,,,,,,,,,
,,,,,858000,,,-792.9259033203125,-6.144077777862549,6.064707279205322,791.4443359375,791.2343139648438,0.11467811465263367,-0.016522489488124847,0.0003,0.0003,0.11467801034450531
,,,,,858999,8764.055,1000,,,,,,,,,,
,,,,,859000,,,-799.3863525390625,-6.016016483306885,4.643089771270752,797.4598388671875,797.5234985351562,0.11575395613908768,-0.0018539687152951956,0.0003,0.0003,0.11575009673833847
,,,,,859999,8646.444,1000,,,,,,,,,,
8803.877,88.95987,8889.276,8614.734,1000.0,860000,,,-801.294189453125,-6.24405574798584,5.235689163208008,799.367919921875,799.2649536132812,0.11544632166624069,-0.02817532792687416,0.0003,0.0003,0.11544497311115265
,,,,,860999,8859.363,1000,,,,,,,,,,
,,,,,861000,,,-794.9093017578125,-5.651022911071777,4.402637481689453,793.572021484375,793.5026245117188,0.11533231288194656,0.040248315781354904,0.0003,0.0003,0.11533099412918091
,,,,,861999,8854.544,1000,,,,,,,,,,
,,,,,862000,,,-809.2835693359375,-6.0560407638549805,5.747015953063965,808.0094604492188,807.83447265625,0.11575481295585632,-0.00648699514567852,0.0003,0.0003,0.11575867980718613
,,,,,862999,8759.561,1000,,,,,,,,,,
,,,,,863000,,,-803.4325561523438,-5.642797470092773,6.447018623352051,801.6095581054688,801.2935791015625,0.11774976551532745,0.0420604832470417,0.0003,0.0003,0.11773999780416489
,,,,,863999,8577.548,1000,,,,,,,,,,
,,,,,864000,,,-807.2184448242188,-5.981435298919678,4.057697772979736,805.465576171875,805.5447387695312,0.1181241050362587,0.0021929871290922165,0.0003,0.0003,0.1181245818734169
,,,,,864999,8846.748,1000,,,,,,,,,,
8639.212,83.82339,8737.735,8504.91,1000.0,865000,,,-807.1553344726562,-6.726594924926758,5.3258209228515625,805.508056640625,805.4676513671875,0.11851655691862106,-0.08611351996660233,0.0003,0.0003,0.11852207034826279
,,,,,865999,8638.24,1000,,,,,,,,,,
,,,,,866000,,,-809.9357299804688,-6.262167930603027,14.7139892578125,808.7376708984375,808.3173828125,0.1181497648358345,-0.030975118279457092,0.0003,0.0003,0.11815018951892853
,,,,,866999,8818.359,1000,,,,,,,,,,
,,,,,867000,,,-800.5936889648438,-6.165474891662598,4.448624134063721,798.919189453125,798.9302978515625,0.11782272160053253,-0.019496699795126915,0.0003,0.0003,0.117829829454422
,,,,,867999,9003.368,1000,,,,,,,,,,
,,,,,868000,,,-808.177490234375,-5.633815765380859,5.444125175476074,807.1805419921875,806.6182250976562,0.11774353682994843,0.043115854263305664,0.0003,0.0003,0.11774373054504395
,,,,,868999,8844.204,1000,,,,,,,,,,
,,,,,869000,,,-804.671630859375,-5.821862697601318,4.591882228851318,802.569091796875,803.17431640625,0.11805734783411026,0.021030442789196968,0.0003,0.0003,0.11805769056081772
,,,,,869999,8895.909,1000,,,,,,,,,,
8908.342,38.658585,8985.678,8847.756,1000.0,870000,,,-805.3737182617188,-6.053726673126221,3.185246467590332,804.0574340820312,804.0799560546875,0.11757589131593704,-0.006316968705505133,0.0003,0.0003,0.11758074164390564
,,,,,870999,8835.002,1000,,,,,,,,,,
,,,,,871000,,,-805.225341796875,-5.472492694854736,5.94960880279541,803.8289794921875,803.9529418945312,0.1185138151049614,0.06251692026853561,0.0003,0.0003,0.11851441115140915
,,,,,871999,8888.0625,1000,,,,,,,,,,
,,,,,872000,,,-806.8784790039062,-6.190329074859619,4.328747749328613,805.1605834960938,804.5722045898438,0.11749084293842316,-0.022361919283866882,0.0003,0.0003,0.11749246716499329
,,,,,872999,8804.746,1000,,,,,,,,,,
,,,,,873000,,,-800.8236083984375,-6.18017578125,4.513111591339111,798.9911499023438,799.2157592773438,0.11674399673938751,-0.021034374833106995,0.0003,0.0003,0.11674875020980835
,,,,,873999,8853.224,1000,,,,,,,,,,
,,,,,874000,,,-803.194580078125,-6.513347148895264,4.615962028503418,801.220947265625,801.2074584960938,0.11586175113916397,-0.05947733297944069,0.0003,0.0003,0.11586230248212814
,,,,,874999,8807.158,1000,,,,,,,,,,
8748.033,125.80822,8951.164,8529.343,1000.0,875000,,,-812.07568359375,-5.518183708190918,7.867774963378906,811.1640014648438,811.0169067382812,0.11686789244413376,0.05630886182188988,0.0003,0.0003,0.11687268316745758
,,,,,875999,8875.169,1000,,,,,,,,,,
,,,,,876000,,,-818.9235229492188,-6.010831356048584,4.935203552246094,817.74853515625,817.7330932617188,0.11677122116088867,-0.0012648089323192835,0.0003,0.0003,0.11676790565252304
,,,,,876999,8899.122,1000,,,,,,,,,,
,,,,,877000,,,-805.678466796875,-5.820202827453613,3.625295639038086,803.9777221679688,804.5643920898438,0.11733022332191467,0.021095622330904007,0.0003,0.0003,0.11733201146125793
,,,,,877999,8789.573,1000,,,,,,,,,,
,,,,,878000,,,-802.5410766601562,-5.858142375946045,3.933953285217285,801.10009765625,801.0529174804688,0.11820070445537567,0.016767723485827446,0.0003,0.0003,0.1181923896074295
,,,,,878999,8743.651,1000,,,,,,,,,,
,,,,,879000,,,-811.0845947265625,-5.617133617401123,6.108987331390381,809.577392578125,809.72314453125,0.11839509010314941,0.04532943293452263,0.0003,0.0003,0.11839195340871811
,,,,,879999,8862.64,1000,,,,,,,,,,
8834.201,59.512596,8920.343,8745.014,1000.0,880000,,,-806.0551147460938,-5.685384273529053,4.949775695800781,805.3850708007812,804.881591796875,0.11687042564153671,0.036769330501556396,0.0003,0.0003,0.11686379462480545
,,,,,880999,8923.355,1000,,,,,,,,,,
,,,,,881000,,,-803.7606201171875,-6.034386157989502,4.660431385040283,802.32958984375,802.04248046875,0.11640435457229614,-0.00400271313264966,0.0003,0.0003,0.11639944463968277
,,,,,881999,8753.853,1000,,,,,,,,,,
,,,,,882000,,,-808.5763549804688,-5.770198822021484,5.488851547241211,807.267578125,807.3688354492188,0.117060087621212,0.02690053917467594,0.0003,0.0003,0.11706926673650742
,,,,,882999,8846.742,1000,,,,,,,,,,
,,,,,883000,,,-805.4998168945312,-6.225889205932617,3.8456292152404785,803.9052124023438,804.1755981445312,0.11832234263420105,-0.026727743446826935,0.0003,0.0003,0.1183241754770279
,,,,,883999,8615.855,1000,,,,,,,,,,
,,,,,884000,,,-811.481689453125,-6.195828437805176,4.872554779052734,809.5994262695312,810.21240234375,0.11851152777671814,-0.023207955062389374,0.0003,0.0003,0.11851625144481659
,,,,,884999,8937.438,1000,,,,,,,,,,
8879.5625,32.634098,8912.266,8792.966,1000.0,885000,,,-810.6392211914062,-6.0999369621276855,3.536530017852783,809.6412353515625,809.8192138671875,0.11809484660625458,-0.011801976710557938,0.0003,0.0003,0.11809594929218292
,,,,,885999,8868.331,1000,,,,,,,,,,
,,,,,886000,,,-810.9701538085938,-5.712568283081055,4.2291259765625,809.3485107421875,809.4354858398438,0.11768428981304169,0.03382619470357895,0.0003,0.0003,0.11768179386854172
,,,,,886999,8921.043,1000,,,,,,,,,,
,,,,,887000,,,-805.2479248046875,-6.039660930633545,7.097204208374023,804.1290893554688,803.7554931640625,0.117538221180439,-0.00466166902333498,0.0003,0.0003,0.11753486096858978
,,,,,887999,8803.998,1000,,,,,,,,,,
,,,,,888000,,,-804.7411499023438,-5.834859371185303,4.186811923980713,802.8771362304688,802.6605224609375,0.1188470870256424,0.019626429304480553,0.0003,0.0003,0.11884306371212006
,,,,,888999,8995.591,1000,,,,,,,,,,
,,,,,889000,,,-807.3482666015625,-6.344844818115234,3.3500471115112305,805.771728515625,805.817138671875,0.11834900081157684,-0.040812019258737564,0.0003,0.0003,0.11834795773029327
,,,,,889999,8912.838,1000,,,,,,,,,,
8922.442,56.10688,9036.974,8817.562,1000.0,890000,,,-805.6468505859375,-6.4255051612854,3.8797733783721924,804.37109375,804.3096923828125,0.11904293298721313,-0.05065343528985977,0.0003,0.0003,0.11904287338256836
,,,,,890999,8918.397,1000,,,,,,,,,,
,,,,,891000,,,-805.609619140625,-5.967289447784424,5.813730239868164,804.1129760742188,803.8013305664062,0.11922238022089005,0.0038998383097350597,0.0003,0.0003,0.11922436952590942
,,,,,891999,8770.451,1000,,,,,,,,,,
,,,,,892000,,,-811.6303100585938,-5.895316123962402,4.355879783630371,810.2352905273438,810.383056640625,0.11824806034564972,0.012378695420920849,0.0003,0.0003,0.11824656277894974
,,,,,892999,8991.078,1000,,,,,,,,,,
,,,,,893000,,,-800.1468505859375,-6.249240398406982,5.890052318572998,798.9945068359375,798.44482421875,0.11825595051050186,-0.029474228620529175,0.0003,0.0003,0.11825324594974518
,,,,,893999,8873.756,1000,,,,,,,,,,
,,,,,894000,,,-820.0784912109375,-5.666593074798584,3.8474678993225098,818.1512451171875,818.422119140625,0.11790435761213303,0.03931009769439697,0.0003,0.0003,0.11790537089109421
,,,,,894999,8783.639,1000,,,,,,,,,,
8887.666,91.72945,9005.079,8695.484,1000.0,895000,,,-802.68798828125,-5.899612903594971,4.644265651702881,800.9901123046875,800.8840942382812,0.11835312098264694,0.011881141923367977,0.0003,0.0003,0.11835907399654388
,,,,,895999,8877.571,1000,,,,,,,,,,
,,,,,896000,,,-813.2142944335938,-5.8664984703063965,3.3194828033447266,811.6069946289062,811.7120971679688,0.11775967478752136,0.01572120003402233,0.0003,0.0003,0.11775010079145432
,,,,,896999,8545.257,1000,,,,,,,,,,
,,,,,897000,,,-808.6912841796875,-6.078829288482666,4.9077558517456055,806.7532348632812,807.0235595703125,0.11697418242692947,-0.009221041575074196,0.0003,0.0003,0.11697373539209366
,,,,,897999,8809.884,1000,,,,,,,,,,
,,,,,898000,,,-812.35107421875,-6.3945698738098145,4.27817964553833,810.9830322265625,811.078857421875,0.11533844470977783,-0.04550907388329506,0.0003,0.0003,0.1153421625494957
,,,,,898999,8868.364,1000,,,,,,,,,,
,,,,,899000,,,-805.74365234375,-5.840249061584473,3.9846291542053223,804.045654296875,804.2034301757812,0.11644116044044495,0.01860157772898674,0.0003,0.0003,0.11643780767917633
,,,,,899999,8958.982,1000,,,,,,,,,,
8789.667,35.587566,8847.657,8722.038,1000.0,900000,,,-812.7808837890625,-6.569333076477051,5.3351006507873535,810.8787231445312,810.6793823242188,0.11595120280981064,-0.06601481139659882,0.0003,0.0003,0.11595828086137772
,,,,,900999,8981.36,1000,,,,,,,,,,
,,,,,901000,,,-818.8651733398438,-5.599788188934326,3.799506187438965,817.0855102539062,817.178466796875,0.11585918068885803,0.046368204057216644,0.0003,0.0003,0.11585813015699387
,,,,,901999,8988.409,1000,,,,,,,,,,
,,,,,902000,,,-812.6384887695312,-5.934755802154541,4.420127868652344,810.5176391601562,810.927490234375,0.11723445355892181,0.0076487925834953785,0.0003,0.0003,0.11723126471042633
,,,,,902999,8928.318,1000,,,,,,,,,,
,,,,,903000,,,-807.1116943359375,-5.740386962890625,4.922842025756836,805.104248046875,805.7105102539062,0.11777385324239731,0.030575677752494812,0.0003,0.0003,0.11777503788471222
,,,,,903999,8920.675,1000,,,,,,,,,,
,,,,,904000,,,-810.2279052734375,-6.490147113800049,5.986751079559326,809.1405639648438,808.923583984375,0.11687959730625153,-0.057288266718387604,0.0003,0.0003,0.11688422411680222
,,,,,904999,7862.9688,1000,,,,,,,,,,
8566.818,762.54535,8977.913,6292.4478,1000.0,905000,,,-812.8173828125,-6.149450778961182,3.55488657951355,811.02490234375,810.9248046875,0.1177203506231308,-0.017593394964933395,0.0003,0.0003,0.11771835386753082
,,,,,905999,8903.73,1000,,,,,,,,,,
,,,,,906000,,,-822.438232421875,-6.174361705780029,4.533827304840088,821.2476196289062,820.7722778320312,0.11715348064899445,-0.020427122712135315,0.0003,0.0003,0.11715616285800934
,,,,,906999,8894.043,1000,,,,,,,,,,
,,,,,907000,,,-826.3087158203125,-5.91102409362793,3.3850982189178467,825.3240966796875,825.009033203125,0.11700703948736191,0.010410815477371216,0.0003,0.0003,0.11700519919395447
,,,,,907999,8904.874,1000,,,,,,,,,,
,,,,,908000,,,-817.4739990234375,-6.158137321472168,4.607142925262451,816.2076416015625,816.2110595703125,0.11731947958469391,-0.018552543595433235,0.0003,0.0003,0.11732107400894165
,,,,,908999,8735.486,1000,,,,,,,,,,
,,,,,909000,,,-816.23876953125,-5.82974910736084,4.758448123931885,814.886474609375,814.5260009765625,0.11696384102106094,0.01991325430572033,0.0003,0.0003,0.11696048825979233
,,,,,909999,8950.607,1000,,,,,,,,,,
8936.412,71.35819,9010.775,8812.981,1000.0,910000,,,-818.0941162109375,-6.313555717468262,4.503645896911621,816.8757934570312,816.8919067382812,0.11745194345712662,-0.036827750504016876,0.0003,0.0003,0.11745692789554596
,,,,,910999,8918.417,1000,,,,,,,,,,
,,,,,911000,,,-822.0283203125,-6.108718395233154,4.495607852935791,819.7417602539062,820.4876098632812,0.11846093833446503,-0.01287887990474701,0.0003,0.0003,0.11845856159925461
,,,,,911999,8915.178,1000,,,,,,,,,,
,,,,,912000,,,-824.4597778320312,-5.659326076507568,4.356134414672852,823.2892456054688,823.0263671875,0.11832146346569061,0.04030900076031685,0.0003,0.0003,0.11831746250391006
,,,,,912999,8869.681,1000,,,,,,,,,,
,,,,,913000,,,-816.2717895507812,-5.894298076629639,7.006919860839844,814.9288940429688,814.8428344726562,0.11675042659044266,0.012340727262198925,0.0003,0.0003,0.11675139516592026
,,,,,913999,9041.506,1000,,,,,,,,,,
,,,,,914000,,,-816.586181640625,-6.270890712738037,3.806321620941162,815.1070556640625,814.9609985351562,0.11742343753576279,-0.031808942556381226,0.0003,0.0003,0.1174284815788269
,,,,,914999,8964.923,1000,,,,,,,,,,
8896.086,69.31414,9013.859,8755.429,1000.0,915000,,,-817.7428588867188,-6.446219444274902,6.153754711151123,816.0808715820312,815.8442993164062,0.11819472908973694,-0.05274073779582977,0.0003,0.0003,0.11819292604923248
,,,,,915999,8967.225,1000,,,,,,,,,,
,,,,,916000,,,-823.9379272460938,-6.117190361022949,3.575075626373291,822.4171142578125,822.4805908203125,0.11758705228567123,-0.0137800807133317,0.0003,0.0003,0.11758797615766525
,,,,,916999,8999.405,1000,,,,,,,,,,
,,,,,917000,,,-822.5159912109375,-5.843793869018555,4.397171974182129,820.904296875,820.8854370117188,0.11788751929998398,0.01841474324464798,0.0003,0.0003,0.11788918077945709
,,,,,917999,8870.192,1000,,,,,,,,,,
,,,,,918000,,,-822.4860229492188,-5.66678524017334,4.1147541999816895,821.5810546875,821.28369140625,0.11903358995914459,0.03966373950242996,0.0003,0.0003,0.11903055757284164
,,,,,918999,2724.5435,1000,,,,,,,,,,
,,,,,919000,,,-822.0784912109375,-6.062353610992432,4.992824077606201,820.8832397460938,820.3596801757812,0.11907676607370377,-0.007424885872751474,0.0003,0.0003,0.11907532066106796
,,,,,919999,9040.413,1000,,,,,,,,,,
8902.451,47.337307,8982.616,8835.419,1000.0,920000,,,-830.4259643554688,-5.956118583679199,4.005390644073486,829.5332641601562,829.1697998046875,0.11877807974815369,0.005212226416915655,0.0003,0.0003,0.11877218633890152
,,,,,920999,8913.309,1000,,,,,,,,,,
,,,,,921000,,,-817.5421142578125,-6.487279891967773,5.378789901733398,815.1992797851562,815.5905151367188,0.11672389507293701,-0.05687722936272621,0.0003,0.0003,0.1167258769273758
,,,,,921999,8989.033,1000,,,,,,,,,,
,,,,,922000,,,-816.95068359375,-5.882175445556641,4.115570068359375,815.80322265625,815.5400390625,0.11811371147632599,0.013916757889091969,0.0003,0.0003,0.11811500787734985
,,,,,922999,8975.633,1000,,,,,,,,,,
,,,,,923000,,,-825.014404296875,-5.626631736755371,5.614255905151367,823.4354248046875,823.2753295898438,0.11830764263868332,0.04417238384485245,0.0003,0.0003,0.1183052510023117
,,,,,923999,9027.152,1000,,,,,,,,,,
,,,,,924000,,,-816.1351318359375,-5.949901103973389,5.506742000579834,814.5487670898438,814.5514526367188,0.11903677135705948,0.005963568110018969,0.0003,0.0003,0.11903313547372818
,,,,,924999,8963.235,1000,,,,,,,,,,
8981.832,85.46128,9095.078,8779.328,1000.0,925000,,,-817.685791015625,-6.003413200378418,4.0906081199646,816.215087890625,816.2532958984375,0.11811038851737976,-0.00040313880890607834,0.0003,0.0003,0.11811041831970215
,,,,,925999,8970.187,1000,,,,,,,,,,
,,,,,926000,,,-817.568603515625,-6.027223587036133,6.059027671813965,815.765625,815.9647216796875,0.11892213672399521,-0.003237481927499175,0.0003,0.0003,0.11892352998256683
,,,,,926999,8981.876,1000,,,,,,,,,,
,,,,,927000,,,-827.6754150390625,-5.491993427276611,4.268492221832275,826.3823852539062,826.5560302734375,0.11824309825897217,0.06006822735071182,0.0003,0.0003,0.11824163049459457
,,,,,927999,9004.835,1000,,,,,,,,,,
,,,,,928000,,,-830.8994140625,-5.919946193695068,5.186399459838867,829.9661254882812,829.9739990234375,0.11813540011644363,0.009457112289965153,0.0003,0.0003,0.11813120543956757
,,,,,928999,9053.189,1000,,,,,,,,,,
,,,,,929000,,,-816.8363037109375,-6.250360488891602,5.401976585388184,815.1376953125,815.1751098632812,0.11869711428880692,-0.02971714548766613,0.0003,0.0003,0.11870215088129044
,,,,,929999,8935.152,1000,,,,,,,,,,
8583.725,1404.9736,9229.451,4410.3276,1000.0,930000,,,-820.8744506835938,-6.187280178070068,4.347434997558594,819.104736328125,819.241455078125,0.11757300794124603,-0.022019077092409134,0.0003,0.0003,0.11756784468889236
,,,,,930999,8872.613,1000,,,,,,,,,,
,,,,,931000,,,-822.9520874023438,-6.056002616882324,6.046250343322754,821.3929443359375,821.6451416015625,0.11716479063034058,-0.006561525631695986,0.0003,0.0003,0.11716462671756744
,,,,,931999,8852.011,1000,,,,,,,,,,
,,,,,932000,,,-827.0152587890625,-6.7156476974487305,4.304907321929932,825.0385131835938,825.1895141601562,0.117144376039505,-0.08383411914110184,0.0003,0.0003,0.11714738607406616
,,,,,932999,8998.869,1000,,,,,,,,,,
,,,,,933000,,,-815.9434814453125,-6.242790222167969,4.137052536010742,814.6605834960938,814.4649047851562,0.11725927889347076,-0.028469454497098923,0.0003,0.0003,0.11726251989603043
,,,,,933999,9032.655,1000,,,,,,,,,,
,,,,,934000,,,-822.9823608398438,-6.205493927001953,5.006706714630127,821.4306640625,821.3523559570312,0.11651503294706345,-0.02394316904246807,0.0003,0.0003,0.11651194840669632
,,,,,934999,8984.106,1000,,,,,,,,,,
9021.564,38.88084,9059.928,8941.804,1000.0,935000,,,-814.9218139648438,-6.149846076965332,5.471220016479492,813.5514526367188,813.4237060546875,0.11647459119558334,-0.01745324209332466,0.0003,0.0003,0.11646979302167892
,,,,,935999,9019.339,1000,,,,,,,,,,
,,,,,936000,,,-825.9638061523438,-6.493732452392578,5.760345935821533,824.6744384765625,824.715576171875,0.11735333502292633,-0.05794110894203186,0.0003,0.0003,0.11735890060663223
,,,,,936999,8893.868,1000,,,,,,,,,,
,,,,,937000,,,-820.9794921875,-6.523414611816406,5.071194648742676,818.9007568359375,818.5349731445312,0.11698249727487564,-0.06123039126396179,0.0003,0.0003,0.11698779463768005
,,,,,937999,8817.457,1000,,,,,,,,,,
,,,,,938000,,,-824.0953979492188,-6.108064651489258,3.7205636501312256,822.33203125,822.3237915039062,0.11664143949747086,-0.0126048494130373,0.0003,0.0003,0.11664488911628723
,,,,,938999,9015.251,1000,,,,,,,,,,
,,,,,939000,,,-831.83642578125,-5.769747257232666,4.503976821899414,830.40673828125,830.7025146484375,0.11796601861715317,0.027161980047822,0.0003,0.0003,0.11796942353248596
,,,,,939999,9059.595,1000,,,,,,,,,,
8993.408,79.56437,9078.446,8784.904,1000.0,940000,,,-825.9049682617188,-6.0014753341674805,4.130981922149658,824.1473388671875,824.3866577148438,0.11810847371816635,-0.00017429170839022845,0.0003,0.0003,0.11810627579689026
,,,,,940999,9008.494,1000,,,,,,,,,,
,,,,,941000,,,-832.7748413085938,-5.819336891174316,4.789848327636719,830.83740234375,830.9271240234375,0.1163010224699974,0.02101123332977295,0.0003,0.0003,0.11629664152860641
,,,,,941999,9057.571,1000,,,,,,,,,,
,,,,,942000,,,-831.235595703125,-6.156338214874268,4.3001508712768555,829.7103271484375,829.7374267578125,0.11605384200811386,-0.018143652006983757,0.0003,0.0003,0.11605760455131531
,,,,,942999,8783.043,1000,,,,,,,,,,
,,,,,943000,,,-824.0262451171875,-6.033606052398682,6.669118881225586,822.2107543945312,822.3013916015625,0.11770185083150864,-0.003955493681132793,0.0003,0.0003,0.11769997328519821
,,,,,943999,8908.69,1000,,,,,,,,,,
,,,,,944000,,,-822.8256225585938,-6.005605220794678,3.1868667602539062,821.499267578125,821.448974609375,0.11688622832298279,-0.0006552044651471078,0.0003,0.0003,0.11688400059938431
,,,,,944999,9045.786,1000,,,,,,,,,,
9068.846,93.185555,9214.594,8940.629,1000.0,945000,,,-822.7233276367188,-5.943075656890869,3.579756259918213,820.8723754882812,820.693115234375,0.11697939783334732,0.0066589368507266045,0.0003,0.0003,0.11698149144649506
,,,,,945999,9092.597,1000,,,,,,,,,,
,,,,,946000,,,-831.5791625976562,-5.832469463348389,3.7850217819213867,830.0537109375,830.0531616210938,0.11940301954746246,0.020003650337457657,0.0003,0.0003,0.11940324306488037
,,,,,946999,8765.416,1000,,,,,,,,,,
,,,,,947000,,,-831.8052978515625,-5.832241058349609,3.8856019973754883,830.7207641601562,830.6618041992188,0.1190292239189148,0.019968202337622643,0.0003,0.0003,0.11903106421232224
,,,,,947999,7668.828,1000,,,,,,,,,,
,,,,,948000,,,-834.4866333007812,-6.212353229522705,4.647219181060791,832.9769897460938,832.7081298828125,0.1196274384856224,-0.02540331520140171,0.0003,0.0003,0.11963166296482086
,,,,,948999,9031.941,1000,,,,,,,,,,
,,,,,949000,,,-820.3985595703125,-6.070660591125488,4.245359897613525,819.1957397460938,819.404541015625,0.12061957269906998,-0.008523055352270603,0.0003,0.0003,0.12061804533004761
,,,,,949999,9031.09,1000,,,,,,,,,,
8871.282,79.89674,9065.453,8768.769,1000.0,950000,,,-827.3232421875,-5.769464492797852,4.547761917114258,825.7467651367188,825.9371948242188,0.11857865750789642,0.027336573228240013,0.0003,0.0003,0.11857650429010391
,,,,,950999,9081.724,1000,,,,,,,,,,
,,,,,951000,,,-834.10546875,-5.967106342315674,3.7713418006896973,832.4900512695312,832.7174682617188,0.11941426247358322,0.003928012680262327,0.0003,0.0003,0.11941659450531006
,,,,,951999,8945.793,1000,,,,,,,,,,
,,,,,952000,,,-829.1016235351562,-5.706413269042969,5.02545166015625,827.6605834960938,827.8550415039062,0.11997827887535095,0.0352240726351738,0.0003,0.0003,0.11997313052415848
,,,,,952999,706.76404,1000,,,,,,,,,,
,,,,,953000,,,-821.5762939453125,-5.586256980895996,5.420124053955078,819.9307250976562,820.13671875,0.11817306280136108,0.04889330267906189,0.0003,0.0003,0.11817283928394318
,,,,,953999,9073.808,1000,,,,,,,,,,
,,,,,954000,,,-827.9276733398438,-6.220383644104004,7.6055908203125,826.621337890625,826.5203857421875,0.11806125938892365,-0.026018766686320305,0.0003,0.0003,0.11806201934814453
,,,,,954999,3341.644,1000,,,,,,,,,,
8969.457,76.898056,9056.595,8779.435,1000.0,955000,,,-812.4556274414062,-6.412642955780029,9.085870742797852,810.70458984375,810.3783569335938,0.11743998527526855,-0.04846072942018509,0.0003,0.0003,0.11744163930416107
,,,,,955999,8878.274,1000,,,,,,,,,,
,,,,,956000,,,-834.1181030273438,-5.652364253997803,3.9041574001312256,833.1466064453125,833.09228515625,0.11821781098842621,0.0410967655479908,0.0003,0.0003,0.11822054535150528
,,,,,956999,9071.288,1000,,,,,,,,,,
,,,,,957000,,,-832.1373901367188,-6.528005123138428,4.693634510040283,830.5759887695312,830.6673583984375,0.11938918381929398,-0.06303808093070984,0.0003,0.0003,0.11939151585102081
,,,,,957999,9030.906,1000,,,,,,,,,,
,,,,,958000,,,-825.1357421875,-6.20108699798584,4.4203996658325195,823.1206665039062,823.3056640625,0.11833946406841278,-0.023796571418642998,0.0003,0.0003,0.1183457002043724
,,,,,958999,9084.236,1000,,,,,,,,,,
,,,,,959000,,,-831.4458618164062,-5.750110149383545,7.249499320983887,830.3594970703125,830.4363403320312,0.11812407523393631,0.029518062248826027,0.0003,0.0003,0.11812537163496017
,,,,,959999,9070.778,1000,,,,,,,,,,
9156.155,53.981293,9246.654,9079.194,1000.0,960000,,,-837.2000122070312,-6.5413007736206055,5.337423324584961,835.5496215820312,835.2777709960938,0.11809242516756058,-0.06392355263233185,0.0003,0.0003,0.1180945634841919
,,,,,960999,9034.57,1000,,,,,,,,,,
,,,,,961000,,,-821.8712768554688,-5.837218284606934,6.794066429138184,820.1796264648438,820.739013671875,0.11790351569652557,0.01919257827103138,0.0003,0.0003,0.11790584772825241
,,,,,961999,9094.747,1000,,,,,,,,,,
,,,,,962000,,,-825.051513671875,-6.142715930938721,8.644465446472168,824.263916015625,824.0975952148438,0.11872595548629761,-0.016944071277976036,0.0003,0.0003,0.11872496455907822
,,,,,962999,9126.25,1000,,,,,,,,,,
,,,,,963000,,,-835.1737670898438,-5.8650312423706055,10.105705261230469,833.7018432617188,834.6076049804688,0.11821183562278748,0.01595480553805828,0.0003,0.0003,0.11820518970489502
,,,,,963999,9092.116,1000,,,,,,,,,,
,,,,,964000,,,-828.9511108398438,-6.056978225708008,4.310172080993652,827.9180297851562,827.6714477539062,0.11907631158828735,-0.006784709170460701,0.0003,0.0003,0.11907798796892166
,,,,,964999,9070.331,1000,,,,,,,,,,
8271.6,2332.6755,9264.98,1341.0073,1000.0,965000,,,-829.08447265625,-5.929544925689697,3.148745536804199,827.0972290039062,827.1690673828125,0.11793241649866104,0.00830897968262434,0.0003,0.0003,0.11793317645788193
,,,,,965999,9025.987,1000,,,,,,,,,,
,,,,,966000,,,-838.4149169921875,-5.906281471252441,4.865708827972412,836.9710693359375,836.8870849609375,0.1167810708284378,0.010944516398012638,0.0003,0.0003,0.11678633838891983
,,,,,966999,9110.573,1000,,,,,,,,,,
,,,,,967000,,,-826.12548828125,-6.222977638244629,5.234853744506836,824.4293823242188,824.9839477539062,0.11735948920249939,-0.026168521493673325,0.0003,0.0003,0.11735881865024567
,,,,,967999,9020.551,1000,,,,,,,,,,
,,,,,968000,,,-831.0228271484375,-6.690988540649414,7.907341957092285,829.123779296875,828.8734130859375,0.11719605326652527,-0.08098112046718597,0.0003,0.0003,0.11720186471939087
,,,,,968999,9022.578,1000,,,,,,,,,,
,,,,,969000,,,-825.4453735351562,-5.923024654388428,7.363739490509033,824.0382080078125,823.8186645507812,0.11812213063240051,0.009092489257454872,0.0003,0.0003,0.11812599003314972
,,,,,969999,9094.543,1000,,,,,,,,,,
9003.522,73.74848,9123.325,8892.885,1000.0,970000,,,-832.8222045898438,-6.040369033813477,12.476499557495117,830.9423828125,831.2880859375,0.11891598999500275,-0.004800476599484682,0.0003,0.0003,0.11891516298055649
,,,,,970999,9160.107,1000,,,,,,,,,,
,,,,,971000,,,-843.4736938476562,-6.000187873840332,4.615564823150635,841.9765625,841.9934692382812,0.11893884092569351,-2.2293213987722993e-05,0.0003,0.0003,0.11893725395202637
,,,,,971999,9064.22,1000,,,,,,,,,,
,,,,,972000,,,-826.2476806640625,-5.742485046386719,3.878459930419922,824.3820190429688,824.7235717773438,0.11788352578878403,0.030356762930750847,0.0003,0.0003,0.1178797036409378
,,,,,972999,9126.052,1000,,,,,,,,,,
,,,,,973000,,,-833.19580078125,-6.1143293380737305,7.441711902618408,831.902099609375,832.149658203125,0.11745522171258926,-0.013428572565317154,0.0003,0.0003,0.11744906008243561
,,,,,973999,9026.997,1000,,,,,,,,,,
,,,,,974000,,,-826.3057250976562,-5.601287364959717,6.898951053619385,824.6549072265625,825.1905517578125,0.11686549335718155,0.046595778316259384,0.0003,0.0003,0.1168622076511383
,,,,,974999,9070.731,1000,,,,,,,,,,
9039.466,190.36531,9145.734,8475.939,1000.0,975000,,,-838.2300415039062,-5.614728927612305,6.569952011108398,837.3204956054688,837.196533203125,0.11804510653018951,0.04547932371497154,0.0003,0.0003,0.11803939193487167
,,,,,975999,9117.921,1000,,,,,,,,,,
,,,,,976000,,,-829.8395385742188,-6.310831069946289,5.237839221954346,828.4271240234375,828.2756958007812,0.11810202896595001,-0.036709800362586975,0.0003,0.0003,0.1181042268872261
,,,,,976999,9064.175,1000,,,,,,,,,,
,,,,,977000,,,-835.321533203125,-5.719468116760254,5.313915729522705,834.0728759765625,834.3508911132812,0.11860653758049011,0.033272914588451385,0.0003,0.0003,0.11860217899084091
,,,,,977999,8773.219,1000,,,,,,,,,,
,,,,,978000,,,-837.8687133789062,-5.5386176109313965,3.2626099586486816,836.6228637695312,836.5689697265625,0.11845892667770386,0.05465492233633995,0.0003,0.0003,0.11845754832029343
,,,,,978999,9132.309,1000,,,,,,,,,,
,,,,,979000,,,-825.9752197265625,-6.0303635597229,6.461042404174805,824.3285522460938,824.0338134765625,0.11802355200052261,-0.0035836310125887394,0.0003,0.0003,0.11802852898836136
,,,,,979999,8822.46,1000,,,,,,,,,,
9092.607,137.50175,9284.115,8800.201,1000.0,980000,,,-840.4881591796875,-5.907077312469482,6.383300304412842,838.9205932617188,838.568603515625,0.11816934496164322,0.010980590246617794,0.0003,0.0003,0.11817306280136108
,,,,,980999,8004.3643,1000,,,,,,,,,,
,,,,,981000,,,-834.716552734375,-5.685660362243652,4.829376220703125,833.0908203125,833.4024658203125,0.11880960315465927,0.03734653815627098,0.0003,0.0003,0.11880648881196976
,,,,,981999,9155.259,1000,,,,,,,,,,
,,,,,982000,,,-826.1478271484375,-6.653252124786377,4.725526332855225,824.8464965820312,824.6856689453125,0.11914796382188797,-0.07783374935388565,0.0003,0.0003,0.1191515401005745
,,,,,982999,9000.726,1000,,,,,,,,,,
,,,,,983000,,,-839.279052734375,-6.226526260375977,5.135092258453369,837.5250854492188,838.1693115234375,0.11833664774894714,-0.02680634707212448,0.0003,0.0003,0.11833994835615158
,,,,,983999,9055.331,1000,,,,,,,,,,
,,,,,984000,,,-831.4443359375,-5.832376480102539,5.752265453338623,830.0253295898438,830.17724609375,0.11852938681840897,0.019868364557623863,0.0003,0.0003,0.11852388083934784
,,,,,984999,8931.189,1000,,,,,,,,,,
9116.439,68.22233,9177.12,8983.57,1000.0,985000,,,-832.8521118164062,-6.248703956604004,3.960061550140381,831.5043334960938,831.247802734375,0.11635124683380127,-0.028937049210071564,0.0003,0.0003,0.11635058373212814
,,,,,985999,9149.194,1000,,,,,,,,,,
,,,,,986000,,,-834.7305297851562,-5.552923679351807,5.679311275482178,832.8651123046875,832.5867919921875,0.11746950447559357,0.05251786857843399,0.0003,0.0003,0.11747174710035324
,,,,,986999,9054.721,1000,,,,,,,,,,
,,,,,987000,,,-831.506591796875,-6.341705322265625,3.468470811843872,830.0440063476562,830.3099975585938,0.11870410293340683,-0.04056188091635704,0.0003,0.0003,0.11870718747377396
,,,,,987999,8946.487,1000,,,,,,,,,,
,,,,,988000,,,-836.0830688476562,-6.100234031677246,3.93733811378479,835.2318725585938,835.2618408203125,0.11979737877845764,-0.01200782135128975,0.0003,0.0003,0.11980337649583817
,,,,,988999,9198.568,1000,,,,,,,,,,
,,,,,989000,,,-831.5311889648438,-6.25827693939209,12.296935081481934,830.0313720703125,830.1726684570312,0.12063322961330414,-0.031156770884990692,0.0003,0.0003,0.12063141912221909
,,,,,989999,9170.678,1000,,,,,,,,,,
8493.035,2180.3267,9265.292,1953.4254,1000.0,990000,,,-834.7604370117188,-5.4000773429870605,6.935188293457031,832.6705322265625,833.189208984375,0.11961660534143448,0.07176067680120468,0.0003,0.0003,0.11961149424314499
,,,,,990999,9126.194,1000,,,,,,,,,,
,,,,,991000,,,-837.9153442382812,-6.365164756774902,11.803266525268555,836.7918090820312,836.4814453125,0.11824572086334229,-0.04317912831902504,0.0003,0.0003,0.11824298650026321
,,,,,991999,8377.522,1000,,,,,,,,,,
,,,,,992000,,,-840.2757568359375,-5.9261274337768555,6.3665771484375,838.8197021484375,839.0009155273438,0.11910944432020187,0.008798942901194096,0.0003,0.0003,0.1191057562828064
,,,,,992999,9144.669,1000,,,,,,,,,,
,,,,,993000,,,-836.9967041015625,-6.02871036529541,5.522351264953613,835.5484619140625,835.226806640625,0.11854077875614166,-0.0034033393021672964,0.0003,0.0003,0.11854270100593567
,,,,,993999,9130.916,1000,,,,,,,,,,
,,,,,994000,,,-840.1724243164062,-5.970162391662598,4.341784954071045,839.0269165039062,838.991943359375,0.11900895833969116,0.0035509804729372263,0.0003,0.0003,0.11900950223207474
,,,,,994999,9090.825,1000,,,,,,,,,,
9159.678,26.750359,9198.238,9112.915,1000.0,995000,,,-842.4520874023438,-5.740645885467529,4.941609859466553,841.0430297851562,841.0536499023438,0.11902155727148056,0.030868766829371452,0.0003,0.0003,0.11902400106191635
,,,,,995999,9163.826,1000,,,,,,,,,,
,,,,,996000,,,-837.6088256835938,-5.724428176879883,6.249747276306152,836.6983642578125,836.542236328125,0.11953546851873398,0.032940641045570374,0.0003,0.0003,0.11952882260084152
,,,,,996999,9218.381,1000,,,,,,,,,,
,,,,,997000,,,-843.168212890625,-6.312702178955078,4.452990531921387,841.5206298828125,841.1192626953125,0.11889433115720749,-0.03717851638793945,0.0003,0.0003,0.1188969612121582
,,,,,997999,1038.6497,1000,,,,,,,,,,
,,,,,998000,,,-846.0836181640625,-5.983783721923828,6.345125198364258,844.75634765625,844.6846923828125,0.11796286702156067,0.0019129564752802253,0.0003,0.0003,0.11795983463525772
,,,,,998999,9102.103,1000,,,,,,,,,,
,,,,,999000,,,-844.3856811523438,-5.936936855316162,4.273999214172363,842.6530151367188,842.9608764648438,0.11705310642719269,0.00738171860575676,0.0003,0.0003,0.11705341190099716
,,,,,999999,9066.549,1000,,,,,,,,,,
