Eval_AverageReturn,Eval_StdReturn,Eval_MaxReturn,Eval_MinReturn,Eval_AverageEpLen,step,Train_EpisodeReturn,Train_EpisodeLen,actor_loss,entropy,critic_loss,q_values,target_values,actor_lr,critic_lr,temperature
15.198517,5.8245916,31.192907,8.476403,18.2,0,,,,,,,,,,
,,,,,16,14.354487,17,,,,,,,,
,,,,,26,7.59628,10,,,,,,,,
,,,,,41,10.914816,15,,,,,,,,
,,,,,72,25.005688,31,,,,,,,,
,,,,,87,11.083353,15,,,,,,,,
,,,,,102,8.470246,15,,,,,,,,
,,,,,131,22.451197,29,,,,,,,,
,,,,,160,13.164803,29,,,,,,,,
,,,,,183,19.794271,23,,,,,,,,
,,,,,199,12.5089,16,,,,,,,,
,,,,,211,10.448998,12,,,,,,,,
,,,,,265,69.058136,54,,,,,,,,
,,,,,279,10.412099,14,,,,,,,,
,,,,,294,8.829541,15,,,,,,,,
,,,,,339,52.584328,45,,,,,,,,
,,,,,387,52.200825,48,,,,,,,,
,,,,,409,9.879481,22,,,,,,,,
,,,,,420,8.602605,11,,,,,,,,
,,,,,434,13.119268,14,,,,,,,,
,,,,,458,21.804619,24,,,,,,,,
,,,,,475,11.43482,17,,,,,,,,
,,,,,501,11.609768,26,,,,,,,,
,,,,,519,17.525503,18,,,,,,,,
,,,,,547,18.483809,28,,,,,,,,
,,,,,566,8.503132,19,,,,,,,,
,,,,,580,5.6989174,14,,,,,,,,
,,,,,592,10.106812,12,,,,,,,,
,,,,,618,25.381725,26,,,,,,,,
,,,,,634,9.879562,16,,,,,,,,
,,,,,656,16.529902,22,,,,,,,,
,,,,,678,10.523509,22,,,,,,,,
,,,,,695,10.89633,17,,,,,,,,
,,,,,705,7.774611,10,,,,,,,,
,,,,,736,21.232655,31,,,,,,,,
,,,,,751,10.3452215,15,,,,,,,,
,,,,,767,10.69684,16,,,,,,,,
,,,,,787,18.923023,20,,,,,,,,
,,,,,801,12.09275,14,,,,,,,,
,,,,,856,49.521725,55,,,,,,,,
,,,,,878,9.429205,22,,,,,,,,
,,,,,899,15.506078,21,,,,,,,,
,,,,,921,25.554056,22,,,,,,,,
,,,,,930,6.699578,9,,,,,,,,
,,,,,962,13.384288,32,,,,,,,,
,,,,,988,17.326843,26,,,,,,,,
,,,,,1001,9.54023,13,,,,,,,,
,,,,,1017,12.746661,16,,,,,,,,
,,,,,1029,7.855494,12,,,,,,,,
,,,,,1041,9.151295,12,,,,,,,,
,,,,,1055,6.7662745,14,,,,,,,,
,,,,,1079,16.096079,24,,,,,,,,
,,,,,1101,13.760467,22,,,,,,,,
,,,,,1119,9.407369,18,,,,,,,,
,,,,,1142,28.672802,23,,,,,,,,
,,,,,1154,9.104347,12,,,,,,,,
,,,,,1163,5.849847,9,,,,,,,,
,,,,,1218,46.261017,55,,,,,,,,
,,,,,1230,4.8533115,12,,,,,,,,
,,,,,1248,10.649073,18,,,,,,,,
,,,,,1354,198.8308,106,,,,,,,,
,,,,,1387,32.39593,33,,,,,,,,
,,,,,1397,7.0933695,10,,,,,,,,
,,,,,1413,15.522094,16,,,,,,,,
,,,,,1434,10.718716,21,,,,,,,,
,,,,,1450,10.103199,16,,,,,,,,
,,,,,1464,11.12385,14,,,,,,,,
,,,,,1476,9.217293,12,,,,,,,,
,,,,,1499,14.053571,23,,,,,,,,
,,,,,1527,26.59626,28,,,,,,,,
,,,,,1549,16.50871,22,,,,,,,,
,,,,,1572,20.825777,23,,,,,,,,
,,,,,1623,34.588024,51,,,,,,,,
,,,,,1644,11.653714,21,,,,,,,,
,,,,,1653,7.001708,9,,,,,,,,
,,,,,1672,15.245722,19,,,,,,,,
,,,,,1687,11.858452,15,,,,,,,,
,,,,,1700,10.012301,13,,,,,,,,
,,,,,1727,16.191544,27,,,,,,,,
,,,,,1739,9.448373,12,,,,,,,,
,,,,,1752,11.53355,13,,,,,,,,
,,,,,1766,7.9576163,14,,,,,,,,
,,,,,1795,11.9571495,29,,,,,,,,
,,,,,1807,9.340897,12,,,,,,,,
,,,,,1817,7.5524855,10,,,,,,,,
,,,,,1864,49.601295,47,,,,,,,,
,,,,,1879,11.975408,15,,,,,,,,
,,,,,1887,5.398077,8,,,,,,,,
,,,,,1896,4.280251,9,,,,,,,,
,,,,,1967,122.70775,71,,,,,,,,
,,,,,1979,8.918757,12,,,,,,,,
,,,,,2010,24.09136,31,,,,,,,,
,,,,,2047,27.72727,37,,,,,,,,
,,,,,2072,30.451803,25,,,,,,,,
,,,,,2086,10.934962,14,,,,,,,,
,,,,,2096,7.184507,10,,,,,,,,
,,,,,2108,8.283942,12,,,,,,,,
,,,,,2126,10.88617,18,,,,,,,,
,,,,,2161,22.087116,35,,,,,,,,
,,,,,2177,13.769521,16,,,,,,,,
,,,,,2192,15.461887,15,,,,,,,,
,,,,,2229,33.761276,37,,,,,,,,
,,,,,2249,18.63291,20,,,,,,,,
,,,,,2288,50.40538,39,,,,,,,,
,,,,,2297,7.4061437,9,,,,,,,,
,,,,,2327,13.045937,30,,,,,,,,
,,,,,2344,15.26296,17,,,,,,,,
,,,,,2370,11.660938,26,,,,,,,,
,,,,,2399,19.880405,29,,,,,,,,
,,,,,2410,10.921717,11,,,,,,,,
,,,,,2423,8.495888,13,,,,,,,,
,,,,,2439,8.744109,16,,,,,,,,
,,,,,2457,16.40176,18,,,,,,,,
,,,,,2467,3.888637,10,,,,,,,,
,,,,,2480,9.96849,13,,,,,,,,
,,,,,2494,9.470859,14,,,,,,,,
,,,,,2503,6.2331667,9,,,,,,,,
,,,,,2516,10.922134,13,,,,,,,,
,,,,,2545,16.608265,29,,,,,,,,
,,,,,2563,9.014531,18,,,,,,,,
,,,,,2578,14.357251,15,,,,,,,,
,,,,,2616,55.94999,38,,,,,,,,
,,,,,2643,29.455006,27,,,,,,,,
,,,,,2669,24.774067,26,,,,,,,,
,,,,,2695,25.98276,26,,,,,,,,
,,,,,2713,17.53944,18,,,,,,,,
,,,,,2728,12.898122,15,,,,,,,,
,,,,,2747,18.011206,19,,,,,,,,
,,,,,2767,7.5316577,20,,,,,,,,
,,,,,2795,18.182522,28,,,,,,,,
,,,,,2812,13.127462,17,,,,,,,,
,,,,,2828,9.755124,16,,,,,,,,
,,,,,2839,7.2899194,11,,,,,,,,
,,,,,2850,9.547797,11,,,,,,,,
,,,,,2875,9.930265,25,,,,,,,,
,,,,,2893,14.369245,18,,,,,,,,
,,,,,2907,8.574874,14,,,,,,,,
,,,,,2916,7.1913986,9,,,,,,,,
,,,,,2931,8.385295,15,,,,,,,,
,,,,,2939,4.846204,8,,,,,,,,
,,,,,2969,31.421867,30,,,,,,,,
,,,,,2981,7.692861,12,,,,,,,,
,,,,,3003,11.563464,22,,,,,,,,
,,,,,3041,22.053238,38,,,,,,,,
,,,,,3062,19.37943,21,,,,,,,,
,,,,,3078,15.864899,16,,,,,,,,
,,,,,3113,26.711477,35,,,,,,,,
,,,,,3142,25.569887,29,,,,,,,,
,,,,,3159,11.118698,17,,,,,,,,
,,,,,3172,11.572446,13,,,,,,,,
,,,,,3185,8.64228,13,,,,,,,,
,,,,,3198,9.642451,13,,,,,,,,
,,,,,3222,21.672953,24,,,,,,,,
,,,,,3239,15.354005,17,,,,,,,,
,,,,,3269,27.137697,30,,,,,,,,
,,,,,3282,9.541612,13,,,,,,,,
,,,,,3296,11.096597,14,,,,,,,,
,,,,,3317,20.021954,21,,,,,,,,
,,,,,3349,28.68085,32,,,,,,,,
,,,,,3382,14.455955,33,,,,,,,,
,,,,,3404,15.662727,22,,,,,,,,
,,,,,3452,39.13949,48,,,,,,,,
,,,,,3475,18.858948,23,,,,,,,,
,,,,,3490,10.825667,15,,,,,,,,
,,,,,3507,17.453022,17,,,,,,,,
,,,,,3535,27.147581,28,,,,,,,,
,,,,,3559,15.285262,24,,,,,,,,
,,,,,3583,17.906979,24,,,,,,,,
,,,,,3603,7.9589567,20,,,,,,,,
,,,,,3631,25.29722,28,,,,,,,,
,,,,,3647,15.341641,16,,,,,,,,
,,,,,3695,21.573336,48,,,,,,,,
,,,,,3729,32.9272,34,,,,,,,,
,,,,,3739,6.555401,10,,,,,,,,
,,,,,3766,25.481848,27,,,,,,,,
,,,,,3800,30.287363,34,,,,,,,,
,,,,,3817,9.292826,17,,,,,,,,
,,,,,3831,9.279944,14,,,,,,,,
,,,,,3847,15.822814,16,,,,,,,,
,,,,,3863,11.923877,16,,,,,,,,
,,,,,3873,7.471845,10,,,,,,,,
,,,,,3891,16.305912,18,,,,,,,,
,,,,,3912,22.25288,21,,,,,,,,
,,,,,3933,17.457249,21,,,,,,,,
,,,,,3951,16.603867,18,,,,,,,,
,,,,,3971,16.22161,20,,,,,,,,
,,,,,3997,30.51937,26,,,,,,,,
,,,,,4038,55.923973,41,,,,,,,,
,,,,,4068,10.829993,30,,,,,,,,
,,,,,4094,14.88744,26,,,,,,,,
,,,,,4125,38.375507,31,,,,,,,,
,,,,,4172,45.52808,47,,,,,,,,
,,,,,4193,14.670052,21,,,,,,,,
,,,,,4213,17.319925,20,,,,,,,,
,,,,,4233,24.314983,20,,,,,,,,
,,,,,4255,18.16521,22,,,,,,,,
,,,,,4275,14.95343,20,,,,,,,,
,,,,,4288,10.490097,13,,,,,,,,
,,,,,4300,10.62462,12,,,,,,,,
,,,,,4316,12.936959,16,,,,,,,,
,,,,,4330,7.0796084,14,,,,,,,,
,,,,,4344,7.2326083,14,,,,,,,,
,,,,,4361,8.114263,17,,,,,,,,
,,,,,4372,7.749405,11,,,,,,,,
,,,,,4408,24.51161,36,,,,,,,,
,,,,,4427,14.997044,19,,,,,,,,
,,,,,4452,25.763556,25,,,,,,,,
,,,,,4467,9.4624405,15,,,,,,,,
,,,,,4484,16.77644,17,,,,,,,,
,,,,,4495,8.280362,11,,,,,,,,
,,,,,4535,67.73483,40,,,,,,,,
,,,,,4556,23.736103,21,,,,,,,,
,,,,,4586,18.952854,30,,,,,,,,
,,,,,4612,11.303099,26,,,,,,,,
,,,,,4630,10.359091,18,,,,,,,,
,,,,,4672,59.08137,42,,,,,,,,
,,,,,4694,25.909798,22,,,,,,,,
,,,,,4713,15.800836,19,,,,,,,,
,,,,,4736,12.701512,23,,,,,,,,
,,,,,4744,5.652726,8,,,,,,,,
,,,,,4763,18.082481,19,,,,,,,,
,,,,,4791,6.1401157,28,,,,,,,,
,,,,,4817,8.613895,26,,,,,,,,
,,,,,4837,18.733612,20,,,,,,,,
,,,,,4847,8.257481,10,,,,,,,,
,,,,,4881,18.030645,34,,,,,,,,
,,,,,4893,8.746479,12,,,,,,,,
,,,,,4920,22.732819,27,,,,,,,,
,,,,,4949,13.419532,29,,,,,,,,
,,,,,4964,13.778132,15,,,,,,,,
,,,,,4977,9.736996,13,,,,,,,,
15.410184,5.1616096,26.152885,6.782263,17.1,5000,,,,,,,,,,
,,,,,5004,15.444006,27,,,,,,,,
,,,,,5026,17.13624,22,,,,,,,,
,,,,,5047,19.27908,21,,,,,,,,
,,,,,5065,18.291758,18,,,,,,,,
,,,,,5088,19.910192,23,,,,,,,,
,,,,,5103,13.185518,15,,,,,,,,
,,,,,5116,11.735537,13,,,,,,,,
,,,,,5125,7.304515,9,,,,,,,,
,,,,,5136,8.234184,11,,,,,,,,
,,,,,5153,16.290203,17,,,,,,,,
,,,,,5172,13.239557,19,,,,,,,,
,,,,,5209,40.328503,37,,,,,,,,
,,,,,5219,7.1509447,10,,,,,,,,
,,,,,5229,7.7704034,10,,,,,,,,
,,,,,5314,153.11804,85,,,,,,,,
,,,,,5325,7.9843903,11,,,,,,,,
,,,,,5353,22.355244,28,,,,,,,,
,,,,,5374,11.460935,21,,,,,,,,
,,,,,5395,16.254944,21,,,,,,,,
,,,,,5420,29.168795,25,,,,,,,,
,,,,,5438,13.901257,18,,,,,,,,
,,,,,5459,18.760218,21,,,,,,,,
,,,,,5478,12.729612,19,,,,,,,,
,,,,,5507,21.605076,29,,,,,,,,
,,,,,5534,25.026598,27,,,,,,,,
,,,,,5545,9.227762,11,,,,,,,,
,,,,,5556,9.517415,11,,,,,,,,
,,,,,5570,10.855827,14,,,,,,,,
,,,,,5585,11.984952,15,,,,,,,,
,,,,,5608,29.052204,23,,,,,,,,
,,,,,5630,23.490171,22,,,,,,,,
,,,,,5646,15.492506,16,,,,,,,,
,,,,,5656,7.021584,10,,,,,,,,
,,,,,5681,28.557247,25,,,,,,,,
,,,,,5703,21.138885,22,,,,,,,,
,,,,,5732,16.512325,29,,,,,,,,
,,,,,5750,17.893719,18,,,,,,,,
,,,,,5764,13.513902,14,,,,,,,,
,,,,,5847,160.24875,83,,,,,,,,
,,,,,5858,9.314035,11,,,,,,,,
,,,,,5880,21.35383,22,,,,,,,,
,,,,,5897,16.769953,17,,,,,,,,
,,,,,5913,15.467484,16,,,,,,,,
,,,,,5923,8.541615,10,,,,,,,,
,,,,,5948,12.582341,25,,,,,,,,
,,,,,5991,66.04283,43,,,,,,,,
,,,,,6029,47.545578,38,,,,,,,,
,,,,,6044,12.917207,15,,,,,,,,
,,,,,6066,13.4338875,22,,,,,,,,
,,,,,6080,12.37113,14,,,,,,,,
,,,,,6088,5.7292504,8,,,,,,,,
,,,,,6098,6.9542103,10,,,,,,,,
,,,,,6111,10.06684,13,,,,,,,,
,,,,,6136,26.842714,25,,,,,,,,
,,,,,6166,35.380997,30,,,,,,,,
,,,,,6179,11.0810175,13,,,,,,,,
,,,,,6197,15.512133,18,,,,,,,,
,,,,,6210,8.468833,13,,,,,,,,
,,,,,6225,13.134448,15,,,,,,,,
,,,,,6240,9.95618,15,,,,,,,,
,,,,,6259,14.174898,19,,,,,,,,
,,,,,6279,14.355902,20,,,,,,,,
,,,,,6306,25.23633,27,,,,,,,,
,,,,,6323,9.8663025,17,,,,,,,,
,,,,,6366,62.578194,43,,,,,,,,
,,,,,6382,9.5588045,16,,,,,,,,
,,,,,6398,12.746243,16,,,,,,,,
,,,,,6417,19.687231,19,,,,,,,,
,,,,,6434,16.728554,17,,,,,,,,
,,,,,6460,21.043968,26,,,,,,,,
,,,,,6471,8.498599,11,,,,,,,,
,,,,,6506,26.806654,35,,,,,,,,
,,,,,6528,23.802896,22,,,,,,,,
,,,,,6555,28.713356,27,,,,,,,,
,,,,,6593,42.032185,38,,,,,,,,
,,,,,6603,8.158205,10,,,,,,,,
,,,,,6618,12.790334,15,,,,,,,,
,,,,,6629,9.680039,11,,,,,,,,
,,,,,6650,11.443531,21,,,,,,,,
,,,,,6668,15.771928,18,,,,,,,,
,,,,,6696,36.210983,28,,,,,,,,
,,,,,6724,35.047203,28,,,,,,,,
,,,,,6739,11.50885,15,,,,,,,,
,,,,,6816,99.958115,77,,,,,,,,
,,,,,6837,14.654547,21,,,,,,,,
,,,,,6862,9.896836,25,,,,,,,,
,,,,,6913,28.290813,51,,,,,,,,
,,,,,6988,133.57977,75,,,,,,,,
,,,,,7008,16.158224,20,,,,,,,,
,,,,,7048,36.107155,40,,,,,,,,
,,,,,7062,11.673864,14,,,,,,,,
,,,,,7090,13.3866205,28,,,,,,,,
,,,,,7103,12.254322,13,,,,,,,,
,,,,,7123,20.469908,20,,,,,,,,
,,,,,7145,20.59922,22,,,,,,,,
,,,,,7162,19.207205,17,,,,,,,,
,,,,,7181,18.846333,19,,,,,,,,
,,,,,7203,25.59263,22,,,,,,,,
,,,,,7218,10.89687,15,,,,,,,,
,,,,,7248,13.451292,30,,,,,,,,
,,,,,7274,13.193807,26,,,,,,,,
,,,,,7326,69.25572,52,,,,,,,,
,,,,,7343,16.7799,17,,,,,,,,
,,,,,7361,19.118078,18,,,,,,,,
,,,,,7384,23.295921,23,,,,,,,,
,,,,,7406,23.109644,22,,,,,,,,
,,,,,7439,31.420515,33,,,,,,,,
,,,,,7456,18.133844,17,,,,,,,,
,,,,,7471,12.892229,15,,,,,,,,
,,,,,7489,12.436654,18,,,,,,,,
,,,,,7516,23.139477,27,,,,,,,,
,,,,,7527,7.921501,11,,,,,,,,
,,,,,7577,47.44726,50,,,,,,,,
,,,,,7590,11.590232,13,,,,,,,,
,,,,,7635,39.07613,45,,,,,,,,
,,,,,7663,22.20835,28,,,,,,,,
,,,,,7702,52.790657,39,,,,,,,,
,,,,,7715,11.443904,13,,,,,,,,
,,,,,7755,53.815727,40,,,,,,,,
,,,,,7775,13.298506,20,,,,,,,,
,,,,,7788,8.019624,13,,,,,,,,
,,,,,7805,13.657417,17,,,,,,,,
,,,,,7821,12.991157,16,,,,,,,,
,,,,,7859,15.384135,38,,,,,,,,
,,,,,7882,14.850169,23,,,,,,,,
,,,,,7897,14.907773,15,,,,,,,,
,,,,,7917,14.670594,20,,,,,,,,
,,,,,7937,20.566841,20,,,,,,,,
,,,,,7960,13.316473,23,,,,,,,,
,,,,,8000,45.163837,40,,,,,,,,
,,,,,8016,12.226101,16,,,,,,,,
,,,,,8033,15.770654,17,,,,,,,,
,,,,,8055,14.2191725,22,,,,,,,,
,,,,,8070,11.25922,15,,,,,,,,
,,,,,8083,10.153188,13,,,,,,,,
,,,,,8097,12.504747,14,,,,,,,,
,,,,,8128,33.780823,31,,,,,,,,
,,,,,8139,8.520467,11,,,,,,,,
,,,,,8186,72.4451,47,,,,,,,,
,,,,,8220,45.26952,34,,,,,,,,
,,,,,8234,13.01117,14,,,,,,,,
,,,,,8252,16.037556,18,,,,,,,,
,,,,,8265,11.709786,13,,,,,,,,
,,,,,8296,39.943657,31,,,,,,,,
,,,,,8315,12.188676,19,,,,,,,,
,,,,,8329,12.071227,14,,,,,,,,
,,,,,8341,8.471789,12,,,,,,,,
,,,,,8363,20.424881,22,,,,,,,,
,,,,,8376,11.046957,13,,,,,,,,
,,,,,8389,10.485797,13,,,,,,,,
,,,,,8401,9.975608,12,,,,,,,,
,,,,,8429,37.682327,28,,,,,,,,
,,,,,8440,9.123376,11,,,,,,,,
,,,,,8458,8.018169,18,,,,,,,,
,,,,,8479,13.657791,21,,,,,,,,
,,,,,8525,45.768326,46,,,,,,,,
,,,,,8543,15.72122,18,,,,,,,,
,,,,,8559,18.084127,16,,,,,,,,
,,,,,8597,32.905018,38,,,,,,,,
,,,,,8607,6.692998,10,,,,,,,,
,,,,,8620,10.526815,13,,,,,,,,
,,,,,8635,10.252348,15,,,,,,,,
,,,,,8655,17.534977,20,,,,,,,,
,,,,,8679,24.644917,24,,,,,,,,
,,,,,8692,11.011726,13,,,,,,,,
,,,,,8709,14.165699,17,,,,,,,,
,,,,,8742,29.247673,33,,,,,,,,
,,,,,8751,4.5434995,9,,,,,,,,
,,,,,8762,9.49593,11,,,,,,,,
,,,,,8772,7.266467,10,,,,,,,,
,,,,,8790,16.28338,18,,,,,,,,
,,,,,8808,11.944502,18,,,,,,,,
,,,,,8831,19.274672,23,,,,,,,,
,,,,,8884,77.96924,53,,,,,,,,
,,,,,8896,9.160041,12,,,,,,,,
,,,,,8914,16.996199,18,,,,,,,,
,,,,,8928,12.962426,14,,,,,,,,
,,,,,8943,12.770328,15,,,,,,,,
,,,,,8960,13.325217,17,,,,,,,,
,,,,,8973,7.529023,13,,,,,,,,
,,,,,9003,19.150019,30,,,,,,,,
,,,,,9026,10.721872,23,,,,,,,,
,,,,,9065,28.014032,39,,,,,,,,
,,,,,9093,35.06117,28,,,,,,,,
,,,,,9136,52.98149,43,,,,,,,,
,,,,,9154,12.064712,18,,,,,,,,
,,,,,9177,8.197018,23,,,,,,,,
,,,,,9192,14.8133955,15,,,,,,,,
,,,,,9203,8.825956,11,,,,,,,,
,,,,,9212,6.3303385,9,,,,,,,,
,,,,,9222,8.830887,10,,,,,,,,
,,,,,9236,10.600104,14,,,,,,,,
,,,,,9252,15.19608,16,,,,,,,,
,,,,,9269,10.38279,17,,,,,,,,
,,,,,9284,11.833571,15,,,,,,,,
,,,,,9304,19.302917,20,,,,,,,,
,,,,,9324,12.936908,20,,,,,,,,
,,,,,9341,16.515,17,,,,,,,,
,,,,,9371,18.0857,30,,,,,,,,
,,,,,9396,29.57907,25,,,,,,,,
,,,,,9423,26.908167,27,,,,,,,,
,,,,,9433,7.210013,10,,,,,,,,
,,,,,9452,19.283386,19,,,,,,,,
,,,,,9468,15.425314,16,,,,,,,,
,,,,,9479,7.287015,11,,,,,,,,
,,,,,9500,22.06764,21,,,,,,,,
,,,,,9574,123.79869,74,,,,,,,,
,,,,,9589,14.267119,15,,,,,,,,
,,,,,9606,17.105856,17,,,,,,,,
,,,,,9622,14.852513,16,,,,,,,,
,,,,,9638,11.084266,16,,,,,,,,
,,,,,9676,10.330631,38,,,,,,,,
,,,,,9699,30.907837,23,,,,,,,,
,,,,,9738,25.64501,39,,,,,,,,
,,,,,9760,22.330976,22,,,,,,,,
,,,,,9775,15.843188,15,,,,,,,,
,,,,,9814,54.500587,39,,,,,,,,
,,,,,9829,13.534654,15,,,,,,,,
,,,,,9845,14.984994,16,,,,,,,,
,,,,,9864,6.910722,19,,,,,,,,
,,,,,9888,15.729615,24,,,,,,,,
,,,,,9906,8.892748,18,,,,,,,,
,,,,,9923,16.330805,17,,,,,,,,
,,,,,9954,43.60109,31,,,,,,,,
,,,,,9968,13.323596,14,,,,,,,,
,,,,,9986,14.743811,18,,,,,,,,
19.457348,13.822986,49.97866,7.043417,22.2,10000,,,-0.26090699434280396,1.935002326965332,1.206001877784729,0.002178625203669071,0.9996044635772705,0.0003,0.0003,0.1
,,,,,10016,16.629847,30,,,,,,,,
,,,,,10044,13.146773,28,,,,,,,,
,,,,,10057,6.9140635,13,,,,,,,,
,,,,,10095,26.420387,38,,,,,,,,
,,,,,10158,51.346752,63,,,,,,,,
,,,,,10272,146.44225,114,,,,,,,,
,,,,,10329,100.6548,57,,,,,,,,
,,,,,10372,72.72263,43,,,,,,,,
,,,,,10426,92.110054,54,,,,,,,,
,,,,,10470,76.945816,44,,,,,,,,
,,,,,10516,76.5686,46,,,,,,,,
,,,,,10570,95.27187,54,,,,,,,,
,,,,,10608,63.081715,38,,,,,,,,
,,,,,10646,63.03042,38,,,,,,,,
,,,,,10697,91.156876,51,,,,,,,,
,,,,,10741,73.21979,44,,,,,,,,
,,,,,10782,67.29144,41,,,,,,,,
,,,,,10819,62.879097,37,,,,,,,,
,,,,,10851,52.284164,32,,,,,,,,
,,,,,10887,59.681,36,,,,,,,,
,,,,,10927,66.21325,40,,,,,,,,
,,,,,10960,54.88751,33,,,,,,,,
,,,,,11000,,,-6.263452529907227,0.40872716903686523,0.4851504862308502,5.835461139678955,5.755386829376221,0.0003,0.0003,0.1
,,,,,11014,96.48834,54,,,,,,,,
,,,,,11059,76.71141,45,,,,,,,,
,,,,,11093,55.946167,34,,,,,,,,
,,,,,11128,56.99738,35,,,,,,,,
,,,,,11166,62.91879,38,,,,,,,,
,,,,,11247,161.89455,81,,,,,,,,
,,,,,11322,145.6374,75,,,,,,,,
,,,,,11420,194.41577,98,,,,,,,,
,,,,,11488,127.62047,68,,,,,,,,
,,,,,11584,184.29257,96,,,,,,,,
,,,,,11681,203.67555,97,,,,,,,,
,,,,,11781,206.13873,100,,,,,,,,
,,,,,11868,150.17668,87,,,,,,,,
,,,,,11969,204.66374,101,,,,,,,,
,,,,,12000,,,-14.680240631103516,-0.9593748450279236,1.1137473583221436,13.188136100769043,13.52241325378418,0.0003,0.0003,0.1
,,,,,12072,204.28479,103,,,,,,,,
,,,,,12154,156.33585,82,,,,,,,,
,,,,,12239,168.19084,85,,,,,,,,
,,,,,12359,248.2215,120,,,,,,,,
,,,,,12456,192.58446,97,,,,,,,,
,,,,,12535,141.6176,79,,,,,,,,
,,,,,12658,280.59305,123,,,,,,,,
,,,,,12739,144.87123,81,,,,,,,,
,,,,,12852,226.85822,113,,,,,,,,
,,,,,12963,205.1905,111,,,,,,,,
,,,,,13000,,,-23.433090209960938,-1.698486089706421,1.7280281782150269,21.45222282409668,21.526355743408203,0.0003,0.0003,0.1
,,,,,13076,226.90831,113,,,,,,,,
,,,,,13184,229.7337,108,,,,,,,,
,,,,,13283,212.51343,99,,,,,,,,
,,,,,13387,226.69595,104,,,,,,,,
,,,,,13482,200.5882,95,,,,,,,,
,,,,,13579,210.11493,97,,,,,,,,
,,,,,13670,193.46294,91,,,,,,,,
,,,,,13764,200.14981,94,,,,,,,,
,,,,,13866,224.10544,102,,,,,,,,
,,,,,13969,229.20114,103,,,,,,,,
,,,,,14000,,,-33.37205505371094,-0.9226739406585693,5.909520149230957,31.754167556762695,31.38818359375,0.0003,0.0003,0.1
,,,,,14075,241.63177,106,,,,,,,,
,,,,,14183,207.11737,108,,,,,,,,
,,,,,14290,243.31767,107,,,,,,,,
,,,,,14408,236.14944,118,,,,,,,,
,,,,,14526,263.5263,118,,,,,,,,
,,,,,14609,177.71643,83,,,,,,,,
,,,,,14711,237.93872,102,,,,,,,,
,,,,,14804,214.27333,93,,,,,,,,
,,,,,14901,195.61646,97,,,,,,,,
,,,,,14988,184.35097,87,,,,,,,,
218.95671,23.262396,258.00836,187.25877,101.4,15000,,,-40.687950134277344,-1.3046648502349854,10.283015251159668,38.60224151611328,39.13414764404297,0.0003,0.0003,0.1
,,,,,15097,236.39764,109,,,,,,,,
,,,,,15204,234.23407,107,,,,,,,,
,,,,,15293,186.13808,89,,,,,,,,
,,,,,15404,251.51399,111,,,,,,,,
,,,,,15507,193.76196,103,,,,,,,,
,,,,,15602,197.40466,95,,,,,,,,
,,,,,15699,202.73314,97,,,,,,,,
,,,,,15817,273.63254,118,,,,,,,,
,,,,,15931,235.79007,114,,,,,,,,
,,,,,16000,,,-50.51946258544922,-1.2637395858764648,3.2565512657165527,48.79814910888672,48.553157806396484,0.0003,0.0003,0.1
,,,,,16040,237.74205,109,,,,,,,,
,,,,,16148,227.62273,108,,,,,,,,
,,,,,16266,266.51093,118,,,,,,,,
,,,,,16372,229.11545,106,,,,,,,,
,,,,,16474,208.15453,102,,,,,,,,
,,,,,16583,254.52422,109,,,,,,,,
,,,,,16689,225.19704,106,,,,,,,,
,,,,,16798,232.49146,109,,,,,,,,
,,,,,16913,250.90071,115,,,,,,,,
,,,,,17000,,,-58.38371658325195,-1.8965750932693481,8.47195053100586,55.5226936340332,55.53875732421875,0.0003,0.0003,0.1
,,,,,17027,260.198,114,,,,,,,,
,,,,,17133,230.46611,106,,,,,,,,
,,,,,17239,222.7184,106,,,,,,,,
,,,,,17356,284.40298,117,,,,,,,,
,,,,,17453,202.78806,97,,,,,,,,
,,,,,17572,266.57147,119,,,,,,,,
,,,,,17688,271.8579,116,,,,,,,,
,,,,,17806,235.23618,118,,,,,,,,
,,,,,17914,233.86276,108,,,,,,,,
,,,,,18000,,,-66.1471176147461,-0.997160792350769,4.91132116317749,63.51124572753906,63.774044036865234,0.0003,0.0003,0.1
,,,,,18034,255.30884,120,,,,,,,,
,,,,,18151,268.7726,117,,,,,,,,
,,,,,18275,260.55017,124,,,,,,,,
,,,,,18396,265.71667,121,,,,,,,,
,,,,,18523,269.39334,127,,,,,,,,
,,,,,18643,256.17868,120,,,,,,,,
,,,,,18758,249.11078,115,,,,,,,,
,,,,,18874,259.5861,116,,,,,,,,
,,,,,19000,,,-72.89706420898438,-0.861463725566864,10.220056533813477,70.12501525878906,69.9840087890625,0.0003,0.0003,0.1
,,,,,19002,305.94418,128,,,,,,,,
,,,,,19126,300.77524,124,,,,,,,,
,,,,,19249,272.8038,123,,,,,,,,
,,,,,19374,305.43027,125,,,,,,,,
,,,,,19495,299.23157,121,,,,,,,,
,,,,,19605,263.585,110,,,,,,,,
,,,,,19732,296.094,127,,,,,,,,
,,,,,19852,281.53375,120,,,,,,,,
,,,,,19972,296.0902,120,,,,,,,,
305.26166,8.7463455,316.1505,282.30838,123.7,20000,,,-79.72257995605469,-0.8839569091796875,12.423564910888672,77.71810913085938,78.23780822753906,0.0003,0.0003,0.1
,,,,,20094,315.58276,122,,,,,,,,
,,,,,20211,255.60204,117,,,,,,,,
,,,,,20330,296.58865,119,,,,,,,,
,,,,,20460,319.47556,130,,,,,,,,
,,,,,20562,245.43639,102,,,,,,,,
,,,,,20668,247.50793,106,,,,,,,,
,,,,,20784,288.45795,116,,,,,,,,
,,,,,20889,245.87158,105,,,,,,,,
,,,,,20991,247.30437,102,,,,,,,,
,,,,,21000,,,-84.95601654052734,-0.9856990575790405,5.908411026000977,81.68101501464844,81.81022644042969,0.0003,0.0003,0.1
,,,,,21098,262.00174,107,,,,,,,,
,,,,,21217,272.6899,119,,,,,,,,
,,,,,21316,216.95468,99,,,,,,,,
,,,,,21423,251.53928,107,,,,,,,,
,,,,,21530,252.56468,107,,,,,,,,
,,,,,21631,231.2158,101,,,,,,,,
,,,,,21746,242.93971,115,,,,,,,,
,,,,,21846,240.25752,100,,,,,,,,
,,,,,21954,267.389,108,,,,,,,,
,,,,,22000,,,-92.10911560058594,-1.5035369396209717,4.347892761230469,88.57891845703125,88.49769592285156,0.0003,0.0003,0.1
,,,,,22057,253.73526,103,,,,,,,,
,,,,,22163,260.63504,106,,,,,,,,
,,,,,22267,258.7185,104,,,,,,,,
,,,,,22373,260.43417,106,,,,,,,,
,,,,,22483,281.60483,110,,,,,,,,
,,,,,22587,243.81871,104,,,,,,,,
,,,,,22694,263.21066,107,,,,,,,,
,,,,,22802,264.51385,108,,,,,,,,
,,,,,22905,255.88173,103,,,,,,,,
,,,,,23000,,,-98.51586151123047,-0.9756890535354614,5.193233966827393,96.52410888671875,96.57322692871094,0.0003,0.0003,0.1
,,,,,23015,278.7543,110,,,,,,,,
,,,,,23127,289.52945,112,,,,,,,,
,,,,,23237,295.9028,110,,,,,,,,
,,,,,23347,288.81747,110,,,,,,,,
,,,,,23454,279.88187,107,,,,,,,,
,,,,,23575,274.18103,121,,,,,,,,
,,,,,23696,293.31656,121,,,,,,,,
,,,,,23824,283.68216,128,,,,,,,,
,,,,,23935,281.8137,111,,,,,,,,
,,,,,24000,,,-102.5220947265625,-1.3043404817581177,15.982041358947754,99.0294418334961,98.54768371582031,0.0003,0.0003,0.1
,,,,,24045,286.6755,110,,,,,,,,
,,,,,24159,299.82495,114,,,,,,,,
,,,,,24288,287.6625,129,,,,,,,,
,,,,,24412,292.53317,124,,,,,,,,
,,,,,24520,257.5029,108,,,,,,,,
,,,,,24632,275.0535,112,,,,,,,,
,,,,,24751,262.63092,119,,,,,,,,
,,,,,24867,278.23175,116,,,,,,,,
,,,,,24983,279.36127,116,,,,,,,,
247.76111,68.95712,287.9631,43.471985,102.3,25000,,,-104.94020080566406,-1.4100333452224731,7.905979633331299,101.9643325805664,102.54215240478516,0.0003,0.0003,0.1
,,,,,25095,265.48132,112,,,,,,,,
,,,,,25212,270.7256,117,,,,,,,,
,,,,,25236,40.75361,24,,,,,,,,
,,,,,25359,286.21265,123,,,,,,,,
,,,,,25382,39.87698,23,,,,,,,,
,,,,,25487,254.46266,105,,,,,,,,
,,,,,25594,256.2615,107,,,,,,,,
,,,,,25708,264.55518,114,,,,,,,,
,,,,,25816,247.23036,108,,,,,,,,
,,,,,25922,252.26953,106,,,,,,,,
,,,,,26000,,,-111.68719482421875,-1.217832088470459,4.082101821899414,109.20012664794922,109.48240661621094,0.0003,0.0003,0.1
,,,,,26031,242.90561,109,,,,,,,,
,,,,,26142,266.67508,111,,,,,,,,
,,,,,26260,274.1594,118,,,,,,,,
,,,,,26371,278.48135,111,,,,,,,,
,,,,,26483,262.83856,112,,,,,,,,
,,,,,26596,298.8376,113,,,,,,,,
,,,,,26708,275.70407,112,,,,,,,,
,,,,,26820,292.6742,112,,,,,,,,
,,,,,26935,309.42572,115,,,,,,,,
,,,,,27000,,,-114.51506042480469,-1.1731293201446533,9.70317268371582,111.98455810546875,111.80794525146484,0.0003,0.0003,0.1
,,,,,27048,292.1787,113,,,,,,,,
,,,,,27164,307.8715,116,,,,,,,,
,,,,,27289,330.76306,125,,,,,,,,
,,,,,27374,191.3116,85,,,,,,,,
,,,,,27496,318.80927,122,,,,,,,,
,,,,,27616,265.5109,120,,,,,,,,
,,,,,27727,286.01776,111,,,,,,,,
,,,,,27841,251.17415,114,,,,,,,,
,,,,,27949,256.695,108,,,,,,,,
,,,,,28000,,,-124.27554321289062,-1.1165016889572144,8.951682090759277,122.30425262451172,122.29214477539062,0.0003,0.0003,0.1
,,,,,28069,293.6767,120,,,,,,,,
,,,,,28180,237.87917,111,,,,,,,,
,,,,,28288,256.41922,108,,,,,,,,
,,,,,28411,253.8998,123,,,,,,,,
,,,,,28548,304.95837,137,,,,,,,,
,,,,,28662,301.93637,114,,,,,,,,
,,,,,28714,88.566086,52,,,,,,,,
,,,,,28824,245.521,110,,,,,,,,
,,,,,28937,262.46985,113,,,,,,,,
,,,,,29000,,,-121.52735900878906,-1.365871548652649,6.530371189117432,119.717041015625,120.12535858154297,0.0003,0.0003,0.1
,,,,,29060,299.8835,123,,,,,,,,
,,,,,29179,285.11804,119,,,,,,,,
,,,,,29285,224.7602,106,,,,,,,,
,,,,,29400,266.30075,115,,,,,,,,
,,,,,29521,293.5827,121,,,,,,,,
,,,,,29629,246.71916,108,,,,,,,,
,,,,,29741,257.6032,112,,,,,,,,
,,,,,29856,264.43784,115,,,,,,,,
,,,,,29973,299.75546,117,,,,,,,,
255.44746,12.091386,274.2074,236.99995,114.6,30000,,,-127.42615509033203,-1.2126747369766235,11.676918983459473,124.92832946777344,124.80987548828125,0.0003,0.0003,0.1
,,,,,30089,307.9782,116,,,,,,,,
,,,,,30204,253.30562,115,,,,,,,,
,,,,,30317,277.4433,113,,,,,,,,
,,,,,30434,277.36697,117,,,,,,,,
,,,,,30556,295.3234,122,,,,,,,,
,,,,,30682,299.6433,126,,,,,,,,
,,,,,30807,288.97726,125,,,,,,,,
,,,,,30929,284.38232,122,,,,,,,,
,,,,,31000,,,-126.10016632080078,-1.6023955345153809,46.180152893066406,122.90550231933594,122.70088195800781,0.0003,0.0003,0.1
,,,,,31045,278.73993,116,,,,,,,,
,,,,,31176,314.7728,131,,,,,,,,
,,,,,31300,336.58887,124,,,,,,,,
,,,,,31425,341.92804,125,,,,,,,,
,,,,,31553,341.81668,128,,,,,,,,
,,,,,31701,376.64948,148,,,,,,,,
,,,,,31794,216.91893,93,,,,,,,,
,,,,,31940,373.54324,146,,,,,,,,
,,,,,32000,,,-129.50868225097656,-1.2817288637161255,5.7102556228637695,126.7761459350586,126.78466796875,0.0003,0.0003,0.1
,,,,,32093,462.71173,153,,,,,,,,
,,,,,32183,183.06847,90,,,,,,,,
,,,,,32348,536.97424,165,,,,,,,,
,,,,,32537,600.6209,189,,,,,,,,
,,,,,32707,522.6788,170,,,,,,,,
,,,,,32887,539.35913,180,,,,,,,,
,,,,,33000,,,-135.22544860839844,-1.6743735074996948,24.106313705444336,130.43846130371094,130.94314575195312,0.0003,0.0003,0.1
,,,,,33018,351.28345,131,,,,,,,,
,,,,,33223,606.13947,205,,,,,,,,
,,,,,33373,385.36023,150,,,,,,,,
,,,,,33507,334.01312,134,,,,,,,,
,,,,,33638,324.93027,131,,,,,,,,
,,,,,33810,516.18396,172,,,,,,,,
,,,,,33945,344.53546,135,,,,,,,,
,,,,,34000,,,-135.40542602539062,-1.5300438404083252,14.110769271850586,133.32742309570312,133.62518310546875,0.0003,0.0003,0.1
,,,,,34077,347.0125,132,,,,,,,,
,,,,,34201,320.8352,124,,,,,,,,
,,,,,34327,323.09387,126,,,,,,,,
,,,,,34458,352.7331,131,,,,,,,,
,,,,,34589,370.2487,131,,,,,,,,
,,,,,34713,290.30453,124,,,,,,,,
,,,,,34835,302.26492,122,,,,,,,,
,,,,,34962,296.45105,127,,,,,,,,
324.27338,51.150574,440.54352,272.39365,134.2,35000,,,-138.41651916503906,-1.238634467124939,6.608333587646484,136.2340087890625,136.33145141601562,0.0003,0.0003,0.1
,,,,,35083,275.00925,121,,,,,,,,
,,,,,35218,279.83707,135,,,,,,,,
,,,,,35352,276.71252,134,,,,,,,,
,,,,,35494,338.1921,142,,,,,,,,
,,,,,35623,283.96118,129,,,,,,,,
,,,,,35751,281.53415,128,,,,,,,,
,,,,,35895,409.7257,144,,,,,,,,
,,,,,36000,,,-142.14686584472656,-1.950169563293457,10.794291496276855,139.0558319091797,138.83590698242188,0.0003,0.0003,0.1
,,,,,36021,277.18402,126,,,,,,,,
,,,,,36148,280.3771,127,,,,,,,,
,,,,,36282,294.7385,134,,,,,,,,
,,,,,36414,312.2956,132,,,,,,,,
,,,,,36557,338.28644,143,,,,,,,,
,,,,,36693,327.7652,136,,,,,,,,
,,,,,36834,340.5266,141,,,,,,,,
,,,,,36972,320.32632,138,,,,,,,,
,,,,,37000,,,-143.9656219482422,-1.687464952468872,5.169507026672363,141.52688598632812,141.4829559326172,0.0003,0.0003,0.1
,,,,,37105,323.19348,133,,,,,,,,
,,,,,37232,306.9186,127,,,,,,,,
,,,,,37364,286.79593,132,,,,,,,,
,,,,,37498,292.988,134,,,,,,,,
,,,,,37624,296.85913,126,,,,,,,,
,,,,,37757,323.07523,133,,,,,,,,
,,,,,37893,330.71716,136,,,,,,,,
,,,,,38000,,,-153.04403686523438,-1.7195192575454712,8.140868186950684,149.70455932617188,149.8270263671875,0.0003,0.0003,0.1
,,,,,38028,326.98386,135,,,,,,,,
,,,,,38168,328.0498,140,,,,,,,,
,,,,,38303,327.25015,135,,,,,,,,
,,,,,38437,327.52982,134,,,,,,,,
,,,,,38575,328.11728,138,,,,,,,,
,,,,,38703,317.22974,128,,,,,,,,
,,,,,38836,331.3985,133,,,,,,,,
,,,,,38969,330.97565,133,,,,,,,,
,,,,,39000,,,-153.15203857421875,-2.0408217906951904,20.611955642700195,147.71694946289062,147.1603240966797,0.0003,0.0003,0.1
,,,,,39102,340.81284,133,,,,,,,,
,,,,,39234,342.69986,132,,,,,,,,
,,,,,39372,350.26114,138,,,,,,,,
,,,,,39505,336.8298,133,,,,,,,,
,,,,,39636,335.23566,131,,,,,,,,
,,,,,39770,328.86957,134,,,,,,,,
,,,,,39909,368.7897,139,,,,,,,,
354.50122,36.859337,433.80298,315.35562,137.9,40000,,,-157.3014373779297,-1.7500081062316895,9.535065650939941,154.51034545898438,154.980712890625,0.0003,0.0003,0.1
,,,,,40101,586.39014,192,,,,,,,,
,,,,,40243,358.74533,142,,,,,,,,
,,,,,40409,485.45697,166,,,,,,,,
,,,,,40563,446.3355,154,,,,,,,,
,,,,,40749,566.68335,186,,,,,,,,
,,,,,40886,361.42352,137,,,,,,,,
,,,,,41000,,,-156.265869140625,-1.5827165842056274,20.289920806884766,152.77197265625,152.11216735839844,0.0003,0.0003,0.1
,,,,,41025,365.55353,139,,,,,,,,
,,,,,41225,626.0909,200,,,,,,,,
,,,,,41421,597.69934,196,,,,,,,,
,,,,,41556,348.15262,135,,,,,,,,
,,,,,41686,315.70886,130,,,,,,,,
,,,,,41825,343.67795,139,,,,,,,,
,,,,,41959,333.93005,134,,,,,,,,
,,,,,42000,,,-161.99099731445312,-1.2351447343826294,16.007434844970703,159.90667724609375,160.07322692871094,0.0003,0.0003,0.1
,,,,,42098,341.22522,139,,,,,,,,
,,,,,42234,322.11188,136,,,,,,,,
,,,,,42370,342.90015,136,,,,,,,,
,,,,,42504,331.9647,134,,,,,,,,
,,,,,42642,368.6038,138,,,,,,,,
,,,,,42779,341.67017,137,,,,,,,,
,,,,,42915,350.13425,136,,,,,,,,
,,,,,43000,,,-158.70852661132812,-2.076838970184326,10.276460647583008,156.017578125,156.52235412597656,0.0003,0.0003,0.1
,,,,,43037,303.62582,122,,,,,,,,
,,,,,43242,625.3596,205,,,,,,,,
,,,,,43385,362.05203,143,,,,,,,,
,,,,,43527,348.52805,142,,,,,,,,
,,,,,43680,415.217,153,,,,,,,,
,,,,,43813,318.3243,133,,,,,,,,
,,,,,43950,330.43564,137,,,,,,,,
,,,,,44000,,,-160.44886779785156,-1.8804144859313965,12.441373825073242,157.7119903564453,157.79598999023438,0.0003,0.0003,0.1
,,,,,44090,352.42947,140,,,,,,,,
,,,,,44229,343.05386,139,,,,,,,,
,,,,,44374,364.164,145,,,,,,,,
,,,,,44581,534.3185,207,,,,,,,,
,,,,,44729,371.68106,148,,,,,,,,
,,,,,44875,369.70395,146,,,,,,,,
387.7355,95.49056,673.0578,339.0742,151.5,45000,,,-161.93255615234375,-1.6985663175582886,3.4678173065185547,160.07138061523438,160.2515869140625,0.0003,0.0003,0.1
,,,,,45018,336.05045,143,,,,,,,,
,,,,,45171,379.8236,153,,,,,,,,
,,,,,45317,358.9279,146,,,,,,,,
,,,,,45466,372.98434,149,,,,,,,,
,,,,,45620,396.26315,154,,,,,,,,
,,,,,45806,592.52423,186,,,,,,,,
,,,,,45958,370.96466,152,,,,,,,,
,,,,,46000,,,-161.7185821533203,-1.9025198221206665,6.516332149505615,157.59324645996094,157.400146484375,0.0003,0.0003,0.1
,,,,,46133,381.61414,175,,,,,,,,
,,,,,46286,337.58344,153,,,,,,,,
,,,,,46454,427.56363,168,,,,,,,,
,,,,,46628,458.41138,174,,,,,,,,
,,,,,46907,781.4958,279,,,,,,,,
,,,,,47000,,,-161.8609161376953,-1.986835241317749,13.36107063293457,159.43417358398438,159.68043518066406,0.0003,0.0003,0.1
,,,,,47064,475.65576,157,,,,,,,,
,,,,,47306,745.8654,242,,,,,,,,
,,,,,47528,661.5877,222,,,,,,,,
,,,,,47718,528.5093,190,,,,,,,,
,,,,,47919,580.27435,201,,,,,,,,
,,,,,48000,,,-164.13546752929688,-2.0485098361968994,9.291509628295898,162.3231964111328,161.9134521484375,0.0003,0.0003,0.1
,,,,,48198,871.3447,279,,,,,,,,
,,,,,48366,424.1274,168,,,,,,,,
,,,,,48515,369.19513,149,,,,,,,,
,,,,,48666,366.3267,151,,,,,,,,
,,,,,48761,188.77982,95,,,,,,,,
,,,,,48932,440.2542,171,,,,,,,,
,,,,,49000,,,-172.6018524169922,-1.401463508605957,44.69733428955078,169.5686798095703,170.13787841796875,0.0003,0.0003,0.1
,,,,,49146,620.35706,214,,,,,,,,
,,,,,49301,440.63434,155,,,,,,,,
,,,,,49557,727.32495,256,,,,,,,,
,,,,,49698,348.3983,141,,,,,,,,
,,,,,49860,447.2088,162,,,,,,,,
678.461,127.46448,863.3206,401.6088,226.0,50000,,,-168.978515625,-1.7406747341156006,20.28652572631836,165.73049926757812,165.21875,0.0003,0.0003,0.1
,,,,,50165,945.4056,305,,,,,,,,
,,,,,50314,375.521,149,,,,,,,,
,,,,,50528,674.23956,214,,,,,,,,
,,,,,50685,396.1586,157,,,,,,,,
,,,,,50909,703.09894,224,,,,,,,,
,,,,,51000,,,-169.7375946044922,-1.6998331546783447,8.296157836914062,166.890869140625,167.02720642089844,0.0003,0.0003,0.1
,,,,,51076,474.6046,167,,,,,,,,
,,,,,51225,370.7153,149,,,,,,,,
,,,,,51412,532.3293,187,,,,,,,,
,,,,,51629,625.53906,217,,,,,,,,
,,,,,51861,714.6555,232,,,,,,,,
,,,,,52000,,,-171.10450744628906,-1.6524125337600708,8.644018173217773,167.59228515625,167.47744750976562,0.0003,0.0003,0.1
,,,,,52058,587.77893,197,,,,,,,,
,,,,,52280,660.16675,222,,,,,,,,
,,,,,52486,599.852,206,,,,,,,,
,,,,,52530,75.48462,44,,,,,,,,
,,,,,52757,682.79425,227,,,,,,,,
,,,,,52954,569.2321,197,,,,,,,,
,,,,,53000,,,-169.2729034423828,-1.6716455221176147,8.9556245803833,166.982177734375,167.15562438964844,0.0003,0.0003,0.1
,,,,,53157,627.2043,203,,,,,,,,
,,,,,53381,726.9822,224,,,,,,,,
,,,,,53578,588.00055,197,,,,,,,,
,,,,,53763,576.6712,185,,,,,,,,
,,,,,53981,691.2207,218,,,,,,,,
,,,,,54000,,,-174.4564208984375,-1.5406639575958252,15.548663139343262,172.41294860839844,171.8427276611328,0.0003,0.0003,0.1
,,,,,54231,858.362,250,,,,,,,,
,,,,,54443,675.8817,212,,,,,,,,
,,,,,54641,616.15186,198,,,,,,,,
,,,,,54821,603.56323,180,,,,,,,,
521.0609,42.98614,582.75757,415.38348,177.0,55000,,,-168.57688903808594,-2.2846341133117676,18.3945369720459,165.1581573486328,165.65769958496094,0.0003,0.0003,0.1
,,,,,55018,676.3827,197,,,,,,,,
,,,,,55198,573.6099,180,,,,,,,,
,,,,,55390,625.5178,192,,,,,,,,
,,,,,55587,636.2574,197,,,,,,,,
,,,,,55770,532.2175,183,,,,,,,,
,,,,,55941,501.23322,171,,,,,,,,
,,,,,56000,,,-174.50274658203125,-1.7768018245697021,7.553771018981934,171.42210388183594,170.96702575683594,0.0003,0.0003,0.1
,,,,,56089,387.64432,148,,,,,,,,
,,,,,56260,495.56287,171,,,,,,,,
,,,,,56457,682.22644,197,,,,,,,,
,,,,,56656,603.58606,199,,,,,,,,
,,,,,56806,374.51022,150,,,,,,,,
,,,,,57000,,,-170.05445861816406,-1.9406119585037231,10.56270980834961,168.21795654296875,168.88040161132812,0.0003,0.0003,0.1
,,,,,57012,691.7166,206,,,,,,,,
,,,,,57181,501.06696,169,,,,,,,,
,,,,,57383,676.30426,202,,,,,,,,
,,,,,57420,60.77056,37,,,,,,,,
,,,,,57612,583.0016,192,,,,,,,,
,,,,,57792,537.3904,180,,,,,,,,
,,,,,57974,535.4698,182,,,,,,,,
,,,,,58000,,,-168.0926971435547,-1.6528944969177246,16.693002700805664,165.64520263671875,165.65048217773438,0.0003,0.0003,0.1
,,,,,58157,566.3584,183,,,,,,,,
,,,,,58340,533.62335,183,,,,,,,,
,,,,,58541,633.8375,201,,,,,,,,
,,,,,58721,545.7037,180,,,,,,,,
,,,,,58914,581.0791,193,,,,,,,,
,,,,,59000,,,-167.77462768554688,-2.2666521072387695,8.12297534942627,165.29336547851562,165.00611877441406,0.0003,0.0003,0.1
,,,,,59100,570.5868,186,,,,,,,,
,,,,,59308,634.2561,208,,,,,,,,
,,,,,59487,534.3611,179,,,,,,,,
,,,,,59674,576.02454,187,,,,,,,,
,,,,,59865,573.0197,191,,,,,,,,
543.5459,74.09707,613.9549,346.26514,184.4,60000,,,-180.38430786132812,-1.5635861158370972,12.552070617675781,178.19482421875,177.9150390625,0.0003,0.0003,0.1
,,,,,60055,556.4155,190,,,,,,,,
,,,,,60264,669.58545,209,,,,,,,,
,,,,,60463,517.5032,199,,,,,,,,
,,,,,60640,513.9253,177,,,,,,,,
,,,,,60835,576.2794,195,,,,,,,,
,,,,,61000,,,-175.7150115966797,-1.8662230968475342,6.933786392211914,174.5908203125,174.16000366210938,0.0003,0.0003,0.1
,,,,,61032,563.6754,197,,,,,,,,
,,,,,61220,566.6865,188,,,,,,,,
,,,,,61471,848.19586,251,,,,,,,,
,,,,,61733,794.29486,262,,,,,,,,
,,,,,61938,689.31146,205,,,,,,,,
,,,,,62000,,,-178.38092041015625,-1.984860897064209,8.647991180419922,175.0750274658203,175.45101928710938,0.0003,0.0003,0.1
,,,,,62128,610.1592,190,,,,,,,,
,,,,,62342,641.4623,214,,,,,,,,
,,,,,62559,682.7168,217,,,,,,,,
,,,,,62754,586.4905,195,,,,,,,,
,,,,,62967,669.0235,213,,,,,,,,
,,,,,63000,,,-178.06719970703125,-1.8845438957214355,13.04092025756836,175.49989318847656,175.82406616210938,0.0003,0.0003,0.1
,,,,,63174,691.21704,207,,,,,,,,
,,,,,63429,835.79205,255,,,,,,,,
,,,,,63478,82.79607,49,,,,,,,,
,,,,,63682,654.49,204,,,,,,,,
,,,,,63887,673.094,205,,,,,,,,
,,,,,64000,,,-179.191650390625,-1.606045126914978,20.8633975982666,177.7231903076172,177.41726684570312,0.0003,0.0003,0.1
,,,,,64092,688.5299,205,,,,,,,,
,,,,,64302,698.7779,210,,,,,,,,
,,,,,64512,688.11365,210,,,,,,,,
,,,,,64715,678.8838,203,,,,,,,,
,,,,,64917,684.65106,202,,,,,,,,
648.4418,25.483345,683.41125,605.17975,202.9,65000,,,-183.9618377685547,-1.627210021018982,7.062516689300537,181.5408935546875,181.09291076660156,0.0003,0.0003,0.1
,,,,,65135,686.0238,218,,,,,,,,
,,,,,65340,696.8157,205,,,,,,,,
,,,,,65540,664.2271,200,,,,,,,,
,,,,,65740,628.4355,200,,,,,,,,
,,,,,65934,619.12866,194,,,,,,,,
,,,,,66000,,,-183.3756561279297,-1.819806456565857,30.487625122070312,181.4185028076172,181.67715454101562,0.0003,0.0003,0.1
,,,,,66143,700.6499,209,,,,,,,,
,,,,,66346,680.7488,203,,,,,,,,
,,,,,66531,606.7788,185,,,,,,,,
,,,,,66734,651.5231,203,,,,,,,,
,,,,,66949,657.1591,215,,,,,,,,
,,,,,67000,,,-185.8468780517578,-1.9793219566345215,7.358891010284424,185.22732543945312,185.3590087890625,0.0003,0.0003,0.1
,,,,,67176,702.1038,227,,,,,,,,
,,,,,67375,622.6353,199,,,,,,,,
,,,,,67593,702.4417,218,,,,,,,,
,,,,,67800,671.15216,207,,,,,,,,
,,,,,68000,,,-183.25057983398438,-2.1803059577941895,9.10809326171875,180.5066680908203,180.59515380859375,0.0003,0.0003,0.1
,,,,,68002,708.6382,202,,,,,,,,
,,,,,68185,604.22235,183,,,,,,,,
,,,,,68392,681.50366,207,,,,,,,,
,,,,,68588,675.6016,196,,,,,,,,
,,,,,68791,603.89246,203,,,,,,,,
,,,,,69000,,,-180.62472534179688,-2.1903016567230225,6.810337543487549,178.17327880859375,177.6571807861328,0.0003,0.0003,0.1
,,,,,69003,681.066,212,,,,,,,,
,,,,,69212,677.20703,209,,,,,,,,
,,,,,69434,741.25726,222,,,,,,,,
,,,,,69648,706.2963,214,,,,,,,,
,,,,,69835,560.4217,187,,,,,,,,
580.3564,134.34543,701.15045,324.84726,187.9,70000,,,-190.40283203125,-1.7359013557434082,4.249551773071289,187.8310546875,188.287109375,0.0003,0.0003,0.1
,,,,,70048,728.56506,213,,,,,,,,
,,,,,70245,609.7838,197,,,,,,,,
,,,,,70447,653.39026,202,,,,,,,,
,,,,,70645,606.921,198,,,,,,,,
,,,,,70843,658.9971,198,,,,,,,,
,,,,,71000,,,-179.16476440429688,-1.9524383544921875,9.85993766784668,176.77114868164062,176.89459228515625,0.0003,0.0003,0.1
,,,,,71025,549.6105,182,,,,,,,,
,,,,,71229,667.97943,204,,,,,,,,
,,,,,71444,711.40125,215,,,,,,,,
,,,,,71653,655.7073,209,,,,,,,,
,,,,,71837,546.3112,184,,,,,,,,
,,,,,72000,,,-188.46356201171875,-1.9517936706542969,8.777653694152832,184.40606689453125,183.87222290039062,0.0003,0.0003,0.1
,,,,,72054,676.45087,217,,,,,,,,
,,,,,72268,687.26074,214,,,,,,,,
,,,,,72475,709.657,207,,,,,,,,
,,,,,72700,733.38513,225,,,,,,,,
,,,,,72911,622.29395,211,,,,,,,,
,,,,,73000,,,-193.37493896484375,-1.5069100856781006,3.074599027633667,192.1380157470703,192.0984649658203,0.0003,0.0003,0.1
,,,,,73123,673.5124,212,,,,,,,,
,,,,,73321,629.32764,198,,,,,,,,
,,,,,73535,687.10767,214,,,,,,,,
,,,,,73740,661.62134,205,,,,,,,,
,,,,,73942,655.0313,202,,,,,,,,
,,,,,74000,,,-186.87570190429688,-2.024411678314209,5.209298610687256,185.8637237548828,185.8225555419922,0.0003,0.0003,0.1
,,,,,74158,686.9367,216,,,,,,,,
,,,,,74365,646.9771,207,,,,,,,,
,,,,,74567,636.11847,202,,,,,,,,
,,,,,74758,614.7413,191,,,,,,,,
,,,,,74969,659.59155,211,,,,,,,,
608.03046,45.499336,656.9603,532.05963,202.8,75000,,,-186.65492248535156,-1.971493124961853,32.010868072509766,184.65762329101562,183.23377990722656,0.0003,0.0003,0.1
,,,,,75173,657.0235,204,,,,,,,,
,,,,,75388,694.945,215,,,,,,,,
,,,,,75571,603.77405,183,,,,,,,,
,,,,,75773,651.2625,202,,,,,,,,
,,,,,75981,662.5832,208,,,,,,,,
,,,,,76000,,,-192.403564453125,-1.872983694076538,8.621415138244629,190.85301208496094,190.2911834716797,0.0003,0.0003,0.1
,,,,,76180,632.3391,199,,,,,,,,
,,,,,76374,622.00635,194,,,,,,,,
,,,,,76570,618.1152,196,,,,,,,,
,,,,,76780,656.6071,210,,,,,,,,
,,,,,76994,725.86005,214,,,,,,,,
,,,,,77000,,,-189.20660400390625,-2.2838170528411865,18.5120849609375,187.84054565429688,187.81588745117188,0.0003,0.0003,0.1
,,,,,77197,649.63684,203,,,,,,,,
,,,,,77403,632.9256,206,,,,,,,,
,,,,,77606,639.9521,203,,,,,,,,
,,,,,77815,650.0303,209,,,,,,,,
,,,,,78000,,,-195.20909118652344,-1.9734448194503784,5.835472583770752,193.88217163085938,194.03042602539062,0.0003,0.0003,0.1
,,,,,78015,630.1823,200,,,,,,,,
,,,,,78205,612.6587,190,,,,,,,,
,,,,,78398,635.03534,193,,,,,,,,
,,,,,78598,675.5917,200,,,,,,,,
,,,,,78786,570.25464,188,,,,,,,,
,,,,,78982,615.6679,196,,,,,,,,
,,,,,79000,,,-192.3268280029297,-2.1425251960754395,8.198492050170898,189.18881225585938,189.31900024414062,0.0003,0.0003,0.1
,,,,,79155,539.7933,173,,,,,,,,
,,,,,79361,641.3407,206,,,,,,,,
,,,,,79559,664.58356,198,,,,,,,,
,,,,,79749,602.3356,190,,,,,,,,
,,,,,79961,715.7032,212,,,,,,,,
547.7274,216.60657,748.9598,118.56626,173.0,80000,,,-198.02767944335938,-1.738764762878418,7.949522495269775,195.4348907470703,195.4381103515625,0.0003,0.0003,0.1
,,,,,80170,704.21075,209,,,,,,,,
,,,,,80373,709.35944,203,,,,,,,,
,,,,,80553,578.5642,180,,,,,,,,
,,,,,80763,717.9919,210,,,,,,,,
,,,,,80972,688.8296,209,,,,,,,,
,,,,,81000,,,-196.8075714111328,-1.889488935470581,13.306709289550781,193.89956665039062,193.83477783203125,0.0003,0.0003,0.1
,,,,,81191,721.56506,219,,,,,,,,
,,,,,81416,757.1765,225,,,,,,,,
,,,,,81641,762.0241,225,,,,,,,,
,,,,,81870,766.52405,229,,,,,,,,
,,,,,82000,,,-195.4739227294922,-2.1452796459198,14.560351371765137,192.2641143798828,192.0644989013672,0.0003,0.0003,0.1
,,,,,82088,750.3497,218,,,,,,,,
,,,,,82314,763.3673,226,,,,,,,,
,,,,,82532,720.762,218,,,,,,,,
,,,,,82751,763.0608,219,,,,,,,,
,,,,,82963,698.79724,212,,,,,,,,
,,,,,83000,,,-198.63189697265625,-2.1543757915496826,21.286731719970703,195.851806640625,195.15228271484375,0.0003,0.0003,0.1
,,,,,83188,764.57935,225,,,,,,,,
,,,,,83411,720.7627,223,,,,,,,,
,,,,,83637,752.8145,226,,,,,,,,
,,,,,83881,861.88135,244,,,,,,,,
,,,,,84000,,,-193.12811279296875,-2.013397455215454,12.935154914855957,190.90403747558594,190.0615692138672,0.0003,0.0003,0.1
,,,,,84098,707.25745,217,,,,,,,,
,,,,,84309,670.0049,211,,,,,,,,
,,,,,84524,735.1174,215,,,,,,,,
,,,,,84771,843.5351,247,,,,,,,,
717.97217,88.23114,814.1231,594.6467,216.9,85000,,,-196.3102569580078,-2.2553982734680176,7.577181816101074,193.67709350585938,194.07705688476562,0.0003,0.0003,0.1
,,,,,85004,794.9908,233,,,,,,,,
,,,,,85240,780.31494,236,,,,,,,,
,,,,,85426,586.01,186,,,,,,,,
,,,,,85634,663.2889,208,,,,,,,,
,,,,,85843,683.73804,209,,,,,,,,
,,,,,86000,,,-198.4051971435547,-2.3666813373565674,19.271175384521484,196.62681579589844,197.12222290039062,0.0003,0.0003,0.1
,,,,,86052,671.8787,209,,,,,,,,
,,,,,86308,889.6231,256,,,,,,,,
,,,,,86526,687.5124,218,,,,,,,,
,,,,,86740,710.37805,214,,,,,,,,
,,,,,86971,782.2186,231,,,,,,,,
,,,,,87000,,,-195.42279052734375,-2.175502061843872,9.360209465026855,194.70828247070312,194.00201416015625,0.0003,0.0003,0.1
,,,,,87176,693.17664,205,,,,,,,,
,,,,,87373,630.6758,197,,,,,,,,
,,,,,87601,716.20715,228,,,,,,,,
,,,,,87828,726.7381,227,,,,,,,,
,,,,,88000,,,-194.5286407470703,-2.0324723720550537,14.863648414611816,192.83204650878906,192.86795043945312,0.0003,0.0003,0.1
,,,,,88047,721.60925,219,,,,,,,,
,,,,,88274,747.55444,227,,,,,,,,
,,,,,88506,719.3448,232,,,,,,,,
,,,,,88718,669.1568,212,,,,,,,,
,,,,,88960,753.2666,242,,,,,,,,
,,,,,89000,,,-199.70901489257812,-2.5074269771575928,8.966976165771484,194.091064453125,194.44107055664062,0.0003,0.0003,0.1
,,,,,89197,758.1926,237,,,,,,,,
,,,,,89403,665.25037,206,,,,,,,,
,,,,,89631,750.20685,228,,,,,,,,
,,,,,89838,702.4358,207,,,,,,,,
840.2664,168.53406,1249.0537,667.99493,273.5,90000,,,-210.2039031982422,-2.1857848167419434,14.890109062194824,207.47695922851562,206.55027770996094,0.0003,0.0003,0.1
,,,,,90052,661.3296,214,,,,,,,,
,,,,,90349,920.6625,297,,,,,,,,
,,,,,90678,1010.213,329,,,,,,,,
,,,,,90969,977.6484,291,,,,,,,,
,,,,,91000,,,-203.25875854492188,-2.1154491901397705,12.259674072265625,201.75946044921875,201.4545135498047,0.0003,0.0003,0.1
,,,,,91173,662.2503,204,,,,,,,,
,,,,,91428,828.98096,255,,,,,,,,
,,,,,91651,721.1341,223,,,,,,,,
,,,,,91878,700.97845,227,,,,,,,,
,,,,,92000,,,-209.01966857910156,-1.9384580850601196,9.967988967895508,207.21324157714844,207.15829467773438,0.0003,0.0003,0.1
,,,,,92135,837.00256,257,,,,,,,,
,,,,,92410,921.6349,275,,,,,,,,
,,,,,92670,822.4082,260,,,,,,,,
,,,,,92906,766.84174,236,,,,,,,,
,,,,,93000,,,-205.49154663085938,-1.986799955368042,7.862240791320801,204.74618530273438,205.22406005859375,0.0003,0.0003,0.1
,,,,,93116,683.7594,210,,,,,,,,
,,,,,93353,768.53546,237,,,,,,,,
,,,,,93594,769.1784,241,,,,,,,,
,,,,,93837,761.43024,243,,,,,,,,
,,,,,94000,,,-204.77471923828125,-2.0397284030914307,22.92498016357422,203.6553955078125,203.5474853515625,0.0003,0.0003,0.1
,,,,,94105,859.6097,268,,,,,,,,
,,,,,94382,882.3155,277,,,,,,,,
,,,,,94626,819.57355,244,,,,,,,,
,,,,,94844,679.2717,218,,,,,,,,
802.9957,104.6292,1076.998,707.7689,256.5,95000,,,-201.1756591796875,-2.0898501873016357,10.16911506652832,198.08836364746094,198.35093688964844,0.0003,0.0003,0.1
,,,,,95073,727.13586,229,,,,,,,,
,,,,,95375,985.10034,302,,,,,,,,
,,,,,95620,792.15967,245,,,,,,,,
,,,,,95912,1020.05853,292,,,,,,,,
,,,,,96000,,,-215.2946319580078,-2.1628236770629883,6.095085144042969,211.88658142089844,212.08958435058594,0.0003,0.0003,0.1
,,,,,96172,844.93933,260,,,,,,,,
,,,,,96416,790.18164,244,,,,,,,,
,,,,,96650,769.5786,234,,,,,,,,
,,,,,96923,906.02637,273,,,,,,,,
,,,,,97000,,,-209.96295166015625,-2.1028730869293213,5.313492774963379,209.43714904785156,209.2919921875,0.0003,0.0003,0.1
,,,,,97186,848.53064,263,,,,,,,,
,,,,,97415,751.8166,229,,,,,,,,
,,,,,97687,853.1798,272,,,,,,,,
,,,,,97946,812.7607,259,,,,,,,,
,,,,,98000,,,-216.43450927734375,-2.2207224369049072,7.882575035095215,214.95191955566406,215.29351806640625,0.0003,0.0003,0.1
,,,,,98191,769.1884,245,,,,,,,,
,,,,,98445,882.45996,254,,,,,,,,
,,,,,98681,760.56146,236,,,,,,,,
,,,,,98970,970.76404,289,,,,,,,,
,,,,,99000,,,-214.130859375,-1.8457891941070557,5.320230484008789,213.1737060546875,213.2318115234375,0.0003,0.0003,0.1
,,,,,99201,709.1656,231,,,,,,,,
,,,,,99462,874.75055,261,,,,,,,,
,,,,,99688,673.7818,226,,,,,,,,
,,,,,99978,953.3668,290,,,,,,,,
919.68884,75.32658,1078.0889,806.58527,285.4,100000,,,-217.2576141357422,-1.982733964920044,11.106819152832031,215.76747131347656,215.6372528076172,0.0003,0.0003,0.1
,,,,,100301,983.2134,323,,,,,,,,
,,,,,100549,843.4066,248,,,,,,,,
,,,,,100798,835.9198,249,,,,,,,,
,,,,,101000,,,-218.43856811523438,-2.273172378540039,7.741709232330322,217.88702392578125,217.82664489746094,0.0003,0.0003,0.1
,,,,,101184,1233.7413,386,,,,,,,,
,,,,,101411,696.8412,227,,,,,,,,
,,,,,101638,709.0529,227,,,,,,,,
,,,,,101883,794.1864,245,,,,,,,,
,,,,,102000,,,-205.0546112060547,-2.239220142364502,7.687877655029297,204.36764526367188,203.61471557617188,0.0003,0.0003,0.1
,,,,,102111,719.3912,228,,,,,,,,
,,,,,102359,795.6726,248,,,,,,,,
,,,,,102588,710.6258,229,,,,,,,,
,,,,,102870,922.4485,282,,,,,,,,
,,,,,103000,,,-218.9017791748047,-1.9286236763000488,8.775431632995605,217.77980041503906,217.13047790527344,0.0003,0.0003,0.1
,,,,,103141,920.8133,271,,,,,,,,
,,,,,103410,869.0698,269,,,,,,,,
,,,,,103655,815.09375,245,,,,,,,,
,,,,,103902,791.2739,247,,,,,,,,
,,,,,104000,,,-216.3174591064453,-1.9784876108169556,13.214154243469238,214.17588806152344,213.65203857421875,0.0003,0.0003,0.1
,,,,,104184,897.2236,282,,,,,,,,
,,,,,104482,949.532,298,,,,,,,,
,,,,,104776,980.88947,294,,,,,,,,
1025.2523,160.32388,1329.4753,843.7321,313.9,105000,,,-213.66761779785156,-2.074284076690674,16.37466812133789,212.82138061523438,213.27340698242188,0.0003,0.0003,0.1
,,,,,105080,1000.6006,304,,,,,,,,
,,,,,105381,1007.83435,301,,,,,,,,
,,,,,105696,1049.5024,315,,,,,,,,
,,,,,105989,1010.7456,293,,,,,,,,
,,,,,106000,,,-210.31346130371094,-1.9227352142333984,32.44313049316406,207.671875,206.9513397216797,0.0003,0.0003,0.1
,,,,,106310,999.619,321,,,,,,,,
,,,,,106588,878.5222,278,,,,,,,,
,,,,,106834,832.30615,246,,,,,,,,
,,,,,107000,,,-215.54368591308594,-2.566652297973633,14.729455947875977,211.63543701171875,211.8280029296875,0.0003,0.0003,0.1
,,,,,107084,798.73425,250,,,,,,,,
,,,,,107347,900.26105,263,,,,,,,,
,,,,,107612,897.1862,265,,,,,,,,
,,,,,108000,,,-214.0665283203125,-2.1850900650024414,8.323302268981934,212.668701171875,212.73403930664062,0.0003,0.0003,0.1
,,,,,108002,1242.8206,390,,,,,,,,
,,,,,108260,832.0574,258,,,,,,,,
,,,,,108488,734.1508,228,,,,,,,,
,,,,,108736,866.3663,248,,,,,,,,
,,,,,109000,,,-219.5384521484375,-2.129817485809326,8.530179977416992,218.67947387695312,218.7877197265625,0.0003,0.0003,0.1
,,,,,109021,916.5124,285,,,,,,,,
,,,,,109305,937.7537,284,,,,,,,,
,,,,,109585,911.9812,280,,,,,,,,
,,,,,109839,864.35834,254,,,,,,,,
864.4725,89.87334,954.9774,653.87445,260.6,110000,,,-210.72702026367188,-1.7964547872543335,7.224137306213379,209.18934631347656,209.17213439941406,0.0003,0.0003,0.1
,,,,,110127,948.7445,288,,,,,,,,
,,,,,110448,1080.306,321,,,,,,,,
,,,,,110726,915.0082,278,,,,,,,,
,,,,,110985,899.92413,259,,,,,,,,
,,,,,111000,,,-213.18856811523438,-2.227708101272583,10.725738525390625,210.7069091796875,210.33816528320312,0.0003,0.0003,0.1
,,,,,111334,1095.9271,349,,,,,,,,
,,,,,111665,1169.8688,331,,,,,,,,
,,,,,111965,1047.3081,300,,,,,,,,
,,,,,112000,,,-217.79855346679688,-2.6652586460113525,13.81721305847168,215.11703491210938,214.62979125976562,0.0003,0.0003,0.1
,,,,,112242,895.7417,277,,,,,,,,
,,,,,112574,1168.2883,332,,,,,,,,
,,,,,112829,838.37646,255,,,,,,,,
,,,,,113000,,,-212.0628662109375,-2.1265037059783936,12.877548217773438,209.1199493408203,209.33660888671875,0.0003,0.0003,0.1
,,,,,113077,857.79333,248,,,,,,,,
,,,,,113347,903.894,270,,,,,,,,
,,,,,113620,929.36707,273,,,,,,,,
,,,,,113880,871.1935,260,,,,,,,,
,,,,,114000,,,-214.22930908203125,-2.2824440002441406,8.449409484863281,212.30860900878906,212.5400848388672,0.0003,0.0003,0.1
,,,,,114162,981.53394,282,,,,,,,,
,,,,,114467,1063.7141,305,,,,,,,,
,,,,,114713,789.4131,246,,,,,,,,
,,,,,114947,779.22687,234,,,,,,,,
877.59357,45.288437,940.72876,799.7094,262.1,115000,,,-212.74462890625,-2.159914970397949,5.2957563400268555,212.12594604492188,212.11788940429688,0.0003,0.0003,0.1
,,,,,115234,1017.2787,287,,,,,,,,
,,,,,115499,896.7555,265,,,,,,,,
,,,,,115726,690.218,227,,,,,,,,
,,,,,115943,681.6267,217,,,,,,,,
,,,,,116000,,,-215.78262329101562,-2.282773733139038,8.256439208984375,213.58282470703125,214.28575134277344,0.0003,0.0003,0.1
,,,,,116214,944.8974,271,,,,,,,,
,,,,,116485,911.00323,271,,,,,,,,
,,,,,116739,849.7785,254,,,,,,,,
,,,,,117000,,,-222.42572021484375,-2.2726030349731445,7.824013710021973,221.9133758544922,221.6298370361328,0.0003,0.0003,0.1
,,,,,117005,884.1152,266,,,,,,,,
,,,,,117156,456.40802,151,,,,,,,,
,,,,,117417,865.32074,261,,,,,,,,
,,,,,117653,766.52313,236,,,,,,,,
,,,,,117887,709.6925,234,,,,,,,,
,,,,,118000,,,-213.0801544189453,-1.907087802886963,34.808021545410156,211.56124877929688,211.8814697265625,0.0003,0.0003,0.1
,,,,,118155,929.74243,268,,,,,,,,
,,,,,118418,891.3683,263,,,,,,,,
,,,,,118660,819.2908,242,,,,,,,,
,,,,,118979,1136.5068,319,,,,,,,,
,,,,,119000,,,-217.28216552734375,-1.7908439636230469,6.618401050567627,216.2274169921875,216.32229614257812,0.0003,0.0003,0.1
,,,,,119276,986.69104,297,,,,,,,,
,,,,,119517,834.98883,241,,,,,,,,
,,,,,119776,893.028,259,,,,,,,,
803.9332,97.49661,919.39825,633.88495,241.4,120000,,,-210.3011016845703,-1.944567322731018,14.384212493896484,209.77719116210938,209.8575897216797,0.0003,0.0003,0.1
,,,,,120036,863.2039,260,,,,,,,,
,,,,,120331,1074.4019,295,,,,,,,,
,,,,,120571,789.2979,240,,,,,,,,
,,,,,120793,708.3755,222,,,,,,,,
,,,,,121000,,,-226.08096313476562,-2.2267465591430664,4.763214111328125,224.1334991455078,224.23715209960938,0.0003,0.0003,0.1
,,,,,121054,865.48987,261,,,,,,,,
,,,,,121335,929.7252,281,,,,,,,,
,,,,,121646,1109.5905,311,,,,,,,,
,,,,,121961,1100.9589,315,,,,,,,,
,,,,,122000,,,-217.32838439941406,-1.9881333112716675,6.796355724334717,216.45980834960938,216.5592498779297,0.0003,0.0003,0.1
,,,,,122238,923.7186,277,,,,,,,,
,,,,,122518,923.02136,280,,,,,,,,
,,,,,122784,889.3043,266,,,,,,,,
,,,,,123000,,,-222.2962646484375,-2.1929585933685303,6.475515365600586,221.57449340820312,221.8140106201172,0.0003,0.0003,0.1
,,,,,123051,849.34265,267,,,,,,,,
,,,,,123316,903.82965,265,,,,,,,,
,,,,,123542,711.3989,226,,,,,,,,
,,,,,123825,942.5713,283,,,,,,,,
,,,,,124000,,,-221.08538818359375,-2.1879475116729736,7.295698165893555,218.1722412109375,218.27218627929688,0.0003,0.0003,0.1
,,,,,124072,810.9831,247,,,,,,,,
,,,,,124295,724.2573,223,,,,,,,,
,,,,,124564,889.6862,269,,,,,,,,
,,,,,124854,1005.49164,290,,,,,,,,
796.5867,87.696625,987.2694,690.0189,249.7,125000,,,-221.91502380371094,-2.0926804542541504,10.320989608764648,219.86822509765625,219.76133728027344,0.0003,0.0003,0.1
,,,,,125089,717.66626,235,,,,,,,,
,,,,,125366,910.4631,277,,,,,,,,
,,,,,125651,904.4729,285,,,,,,,,
,,,,,125921,903.79425,270,,,,,,,,
,,,,,126000,,,-212.67166137695312,-2.1901133060455322,6.583054065704346,211.3577423095703,211.84718322753906,0.0003,0.0003,0.1
,,,,,126186,943.6616,265,,,,,,,,
,,,,,126457,948.02826,271,,,,,,,,
,,,,,126720,863.6596,263,,,,,,,,
,,,,,126999,913.8863,279,,,,,,,,
,,,,,127000,,,-223.30352783203125,-1.7151193618774414,7.712412357330322,223.02142333984375,222.76715087890625,0.0003,0.0003,0.1
,,,,,127235,728.31866,236,,,,,,,,
,,,,,127525,982.44165,290,,,,,,,,
,,,,,127751,719.26404,226,,,,,,,,
,,,,,128000,,,-224.8027801513672,-2.3001248836517334,5.075259685516357,224.21934509277344,223.5677947998047,0.0003,0.0003,0.1
,,,,,128028,989.83685,277,,,,,,,,
,,,,,128331,1047.8036,303,,,,,,,,
,,,,,128591,858.40704,260,,,,,,,,
,,,,,128878,922.8164,287,,,,,,,,
,,,,,129000,,,-220.13975524902344,-1.9886906147003174,13.068400382995605,217.0364990234375,217.081787109375,0.0003,0.0003,0.1
,,,,,129127,855.91766,249,,,,,,,,
,,,,,129388,859.83746,261,,,,,,,,
,,,,,129658,907.03345,270,,,,,,,,
,,,,,129921,884.7457,263,,,,,,,,
747.1869,52.41783,865.32733,680.7546,238.8,130000,,,-215.1305694580078,-1.8748019933700562,13.673712730407715,214.20489501953125,214.60633850097656,0.0003,0.0003,0.1
,,,,,130204,872.5232,283,,,,,,,,
,,,,,130441,767.89417,237,,,,,,,,
,,,,,130682,747.4098,241,,,,,,,,
,,,,,130918,734.0536,236,,,,,,,,
,,,,,131000,,,-215.40322875976562,-2.034817934036255,6.999283313751221,213.77488708496094,214.3538818359375,0.0003,0.0003,0.1
,,,,,131155,744.1209,237,,,,,,,,
,,,,,131412,822.82806,257,,,,,,,,
,,,,,131635,691.4048,223,,,,,,,,
,,,,,131934,1078.0479,299,,,,,,,,
,,,,,132000,,,-226.3719940185547,-1.7363407611846924,6.598088264465332,225.6943359375,226.27752685546875,0.0003,0.0003,0.1
,,,,,132284,1129.2504,350,,,,,,,,
,,,,,132567,879.10925,283,,,,,,,,
,,,,,132860,938.33795,293,,,,,,,,
,,,,,133000,,,-225.06011962890625,-1.8235571384429932,6.570847511291504,222.846923828125,222.71090698242188,0.0003,0.0003,0.1
,,,,,133156,925.99554,296,,,,,,,,
,,,,,133383,705.1123,227,,,,,,,,
,,,,,133667,927.92126,284,,,,,,,,
,,,,,134000,,,-222.5602264404297,-1.85585618019104,6.388016700744629,221.4292755126953,220.79098510742188,0.0003,0.0003,0.1
,,,,,134132,1597.8962,465,,,,,,,,
,,,,,134443,935.285,311,,,,,,,,
1001.8092,93.599495,1122.7667,841.85236,297.0,135000,,,-219.98822021484375,-2.020233154296875,8.84772777557373,219.5203857421875,219.45669555664062,0.0003,0.0003,0.1
,,,,,135011,1792.8455,568,,,,,,,,
,,,,,135266,849.46075,255,,,,,,,,
,,,,,135600,1061.5465,334,,,,,,,,
,,,,,135892,931.8944,292,,,,,,,,
,,,,,136000,,,-219.62652587890625,-1.8547608852386475,6.8542866706848145,217.8758544921875,218.07354736328125,0.0003,0.0003,0.1
,,,,,136125,762.5174,233,,,,,,,,
,,,,,136664,1717.2986,539,,,,,,,,
,,,,,136975,1022.26984,311,,,,,,,,
,,,,,137000,,,-226.79879760742188,-1.451767921447754,5.721216201782227,225.7547149658203,226.2039337158203,0.0003,0.0003,0.1
,,,,,137276,1053.5652,301,,,,,,,,
,,,,,137561,883.5206,285,,,,,,,,
,,,,,137847,967.8782,286,,,,,,,,
,,,,,138000,,,-222.76405334472656,-2.2040140628814697,11.974523544311523,220.50965881347656,220.73338317871094,0.0003,0.0003,0.1
,,,,,138141,985.9945,294,,,,,,,,
,,,,,138834,2170.0938,693,,,,,,,,
,,,,,139000,,,-226.4626007080078,-1.666963815689087,10.107622146606445,224.05233764648438,223.48899841308594,0.0003,0.0003,0.1
,,,,,139159,958.9349,325,,,,,,,,
,,,,,139647,1571.194,488,,,,,,,,
1071.069,128.60869,1357.313,928.74176,329.3,140000,,,-219.61056518554688,-2.0321648120880127,5.120328903198242,218.55186462402344,218.7086181640625,0.0003,0.0003,0.1
,,,,,140010,1071.6421,363,,,,,,,,
,,,,,140296,935.5601,286,,,,,,,,
,,,,,140698,1278.3135,402,,,,,,,,
,,,,,141000,,,-224.16355895996094,-2.139352321624756,8.142732620239258,222.45309448242188,222.24705505371094,0.0003,0.0003,0.1
,,,,,141172,1519.0592,474,,,,,,,,
,,,,,141440,854.5083,268,,,,,,,,
,,,,,141977,1651.721,537,,,,,,,,
,,,,,142000,,,-223.8408966064453,-1.9000465869903564,4.027209281921387,223.61300659179688,223.78500366210938,0.0003,0.0003,0.1
,,,,,142254,891.7802,277,,,,,,,,
,,,,,142550,866.58307,296,,,,,,,,
,,,,,142894,1206.666,344,,,,,,,,
,,,,,143000,,,-222.2179718017578,-1.846254825592041,7.68798303604126,221.28317260742188,221.0891571044922,0.0003,0.0003,0.1
,,,,,143163,933.09955,269,,,,,,,,
,,,,,143452,966.2192,289,,,,,,,,
,,,,,143734,899.1789,282,,,,,,,,
,,,,,144000,,,-227.4796142578125,-1.9349489212036133,6.739470481872559,225.9027099609375,225.80392456054688,0.0003,0.0003,0.1
,,,,,144030,933.73267,296,,,,,,,,
,,,,,144333,1032.074,303,,,,,,,,
,,,,,144658,1040.7305,325,,,,,,,,
1015.7062,79.69141,1176.9333,877.245,297.1,145000,,,-218.32015991210938,-1.8800957202911377,5.396842002868652,217.17529296875,217.24411010742188,0.0003,0.0003,0.1
,,,,,145011,1158.0383,353,,,,,,,,
,,,,,145284,910.26886,273,,,,,,,,
,,,,,145587,1085.1742,303,,,,,,,,
,,,,,145940,1118.251,353,,,,,,,,
,,,,,146000,,,-221.8974609375,-1.9713674783706665,22.581762313842773,220.06639099121094,220.08486938476562,0.0003,0.0003,0.1
,,,,,146239,1008.7707,299,,,,,,,,
,,,,,146590,1157.0193,351,,,,,,,,
,,,,,146887,932.02356,297,,,,,,,,
,,,,,147000,,,-222.59193420410156,-1.903799057006836,6.499159812927246,221.04568481445312,221.00265502929688,0.0003,0.0003,0.1
,,,,,147237,1106.851,350,,,,,,,,
,,,,,147598,1183.4498,361,,,,,,,,
,,,,,147880,938.7238,282,,,,,,,,
,,,,,148000,,,-224.6506805419922,-1.8312946557998657,21.40242576599121,223.52847290039062,223.61502075195312,0.0003,0.0003,0.1
,,,,,148168,1008.4437,288,,,,,,,,
,,,,,148508,1206.5066,340,,,,,,,,
,,,,,148878,1308.9827,370,,,,,,,,
,,,,,149000,,,-223.32977294921875,-1.7730802297592163,8.706219673156738,222.00439453125,221.73582458496094,0.0003,0.0003,0.1
,,,,,149161,944.05597,283,,,,,,,,
,,,,,149454,967.92596,293,,,,,,,,
,,,,,149743,970.7151,289,,,,,,,,
996.43054,108.67396,1166.7562,877.10645,310.4,150000,,,-226.05099487304688,-1.681279182434082,26.42049217224121,225.2537078857422,225.3030242919922,0.0003,0.0003,0.1
,,,,,150028,895.37524,285,,,,,,,,
,,,,,150367,1083.6475,339,,,,,,,,
,,,,,150654,860.4655,287,,,,,,,,
,,,,,150981,1172.2201,327,,,,,,,,
,,,,,151000,,,-232.97091674804688,-1.9592801332473755,4.693666934967041,230.22496032714844,230.5831756591797,0.0003,0.0003,0.1
,,,,,151332,1235.3013,351,,,,,,,,
,,,,,151644,1023.94794,312,,,,,,,,
,,,,,151952,1073.9971,308,,,,,,,,
,,,,,152000,,,-226.93048095703125,-1.7910667657852173,9.258491516113281,226.36154174804688,226.6388397216797,0.0003,0.0003,0.1
,,,,,152161,678.5679,209,,,,,,,,
,,,,,152436,961.145,275,,,,,,,,
,,,,,152765,1185.2987,329,,,,,,,,
,,,,,153000,,,-225.6027069091797,-2.117103338241577,7.416562557220459,224.84764099121094,224.3021697998047,0.0003,0.0003,0.1
,,,,,153017,859.7437,252,,,,,,,,
,,,,,153274,882.7969,257,,,,,,,,
,,,,,153585,1058.2097,311,,,,,,,,
,,,,,153859,945.0509,274,,,,,,,,
,,,,,154000,,,-222.07382202148438,-1.7956655025482178,8.589088439941406,222.0004425048828,221.4156494140625,0.0003,0.0003,0.1
,,,,,154183,1167.8351,324,,,,,,,,
,,,,,154429,852.2579,246,,,,,,,,
,,,,,154732,981.6765,303,,,,,,,,
978.7705,111.15443,1191.4766,876.4487,298.7,155000,,,-229.75778198242188,-2.0963551998138428,7.051042556762695,228.47335815429688,229.02847290039062,0.0003,0.0003,0.1
,,,,,155016,984.2267,284,,,,,,,,
,,,,,155305,1016.73236,289,,,,,,,,
,,,,,155543,823.8777,238,,,,,,,,
,,,,,155834,862.28265,291,,,,,,,,
,,,,,156000,,,-226.4897918701172,-1.8956142663955688,7.053426742553711,225.65414428710938,225.38467407226562,0.0003,0.0003,0.1
,,,,,156133,1048.8502,299,,,,,,,,
,,,,,156438,1107.7861,305,,,,,,,,
,,,,,156664,780.459,226,,,,,,,,
,,,,,156948,919.23315,284,,,,,,,,
,,,,,157000,,,-228.25979614257812,-1.6043368577957153,7.605081081390381,225.7099609375,225.39353942871094,0.0003,0.0003,0.1
,,,,,157204,869.0471,256,,,,,,,,
,,,,,157505,1075.2167,301,,,,,,,,
,,,,,157752,800.01044,247,,,,,,,,
,,,,,158000,,,-219.08004760742188,-2.0829315185546875,5.107913017272949,217.8642578125,217.4709930419922,0.0003,0.0003,0.1
,,,,,158031,956.33936,279,,,,,,,,
,,,,,158338,959.5772,307,,,,,,,,
,,,,,158620,927.9498,282,,,,,,,,
,,,,,158876,890.4256,256,,,,,,,,
,,,,,159000,,,-229.24880981445312,-1.678568720817566,5.953415393829346,229.23182678222656,229.34616088867188,0.0003,0.0003,0.1
,,,,,159198,1142.0917,322,,,,,,,,
,,,,,159511,1072.8436,313,,,,,,,,
,,,,,159827,1140.8866,316,,,,,,,,
920.0955,30.712532,962.91815,867.79297,283.0,160000,,,-227.44056701660156,-1.8297027349472046,17.906105041503906,226.5802764892578,226.30673217773438,0.0003,0.0003,0.1
,,,,,160061,804.7235,234,,,,,,,,
,,,,,160357,1054.6221,296,,,,,,,,
,,,,,160643,986.43933,286,,,,,,,,
,,,,,160873,767.63934,230,,,,,,,,
,,,,,161000,,,-224.19537353515625,-1.8556549549102783,14.839777946472168,223.68157958984375,223.91539001464844,0.0003,0.0003,0.1
,,,,,161157,932.94995,284,,,,,,,,
,,,,,161449,1024.7722,292,,,,,,,,
,,,,,161703,873.2917,254,,,,,,,,
,,,,,161998,1046.5302,295,,,,,,,,
,,,,,162000,,,-215.84400939941406,-1.690807819366455,4.024521827697754,214.405517578125,214.5857391357422,0.0003,0.0003,0.1
,,,,,162292,990.55096,294,,,,,,,,
,,,,,162597,1083.2097,305,,,,,,,,
,,,,,162884,892.75024,287,,,,,,,,
,,,,,163000,,,-227.82925415039062,-1.9232490062713623,12.946370124816895,226.0916748046875,225.8821563720703,0.0003,0.0003,0.1
,,,,,163145,889.2388,261,,,,,,,,
,,,,,163434,1005.7972,289,,,,,,,,
,,,,,163756,1131.3606,322,,,,,,,,
,,,,,164000,,,-225.91827392578125,-1.945313572883606,6.068056106567383,225.58041381835938,225.66262817382812,0.0003,0.0003,0.1
,,,,,164034,899.5639,278,,,,,,,,
,,,,,164326,973.61584,292,,,,,,,,
,,,,,164650,1162.4358,324,,,,,,,,
,,,,,164959,1113.7515,309,,,,,,,,
814.2331,66.90876,883.34576,681.0735,246.3,165000,,,-233.0758056640625,-2.0983543395996094,10.38348388671875,232.32833862304688,232.45162963867188,0.0003,0.0003,0.1
,,,,,165245,855.613,286,,,,,,,,
,,,,,165508,830.00305,263,,,,,,,,
,,,,,165799,992.83295,291,,,,,,,,
,,,,,166000,,,-226.8565673828125,-1.7212663888931274,6.368408203125,224.83358764648438,224.45843505859375,0.0003,0.0003,0.1
,,,,,166089,898.78326,290,,,,,,,,
,,,,,166385,1014.519,296,,,,,,,,
,,,,,166678,879.2824,293,,,,,,,,
,,,,,166960,941.09674,282,,,,,,,,
,,,,,167000,,,-229.241943359375,-2.084074020385742,6.934357166290283,228.62380981445312,228.75596618652344,0.0003,0.0003,0.1
,,,,,167264,1049.0817,304,,,,,,,,
,,,,,167554,944.9817,290,,,,,,,,
,,,,,167833,963.2348,279,,,,,,,,
,,,,,168000,,,-232.69747924804688,-1.7595139741897583,7.038605690002441,232.01699829101562,231.85903930664062,0.0003,0.0003,0.1
,,,,,168146,1131.8818,313,,,,,,,,
,,,,,168449,1028.0156,303,,,,,,,,
,,,,,168739,917.9299,290,,,,,,,,
,,,,,169000,,,-230.93191528320312,-1.6663944721221924,7.32021951675415,231.08486938476562,231.19888305664062,0.0003,0.0003,0.1
,,,,,169023,980.05743,284,,,,,,,,
,,,,,169316,981.703,293,,,,,,,,
,,,,,169635,1135.5839,319,,,,,,,,
,,,,,169932,975.9918,297,,,,,,,,
937.9888,72.432,1057.1167,810.5765,287.6,170000,,,-223.2582550048828,-1.9486160278320312,5.77124547958374,221.94796752929688,222.25599670410156,0.0003,0.0003,0.1
,,,,,170197,918.63385,265,,,,,,,,
,,,,,170493,944.11597,296,,,,,,,,
,,,,,170788,1003.8707,295,,,,,,,,
,,,,,171000,,,-223.08363342285156,-2.0683705806732178,4.500552654266357,222.2403564453125,222.312744140625,0.0003,0.0003,0.1
,,,,,171076,918.81464,288,,,,,,,,
,,,,,171368,932.3254,292,,,,,,,,
,,,,,171692,1076.4097,324,,,,,,,,
,,,,,172000,,,-227.62196350097656,-2.0783939361572266,10.168087005615234,225.62545776367188,225.82327270507812,0.0003,0.0003,0.1
,,,,,172009,1020.1411,317,,,,,,,,
,,,,,172318,1126.502,309,,,,,,,,
,,,,,172628,1091.4784,310,,,,,,,,
,,,,,172913,989.70953,285,,,,,,,,
,,,,,173000,,,-223.93292236328125,-1.7465627193450928,6.677877902984619,222.90753173828125,222.95883178710938,0.0003,0.0003,0.1
,,,,,173201,934.9481,288,,,,,,,,
,,,,,173501,936.5031,300,,,,,,,,
,,,,,173805,1074.7043,304,,,,,,,,
,,,,,174000,,,-227.45889282226562,-1.8836276531219482,5.93486213684082,225.46347045898438,225.71231079101562,0.0003,0.0003,0.1
,,,,,174101,973.8765,296,,,,,,,,
,,,,,174408,1006.00507,307,,,,,,,,
,,,,,174717,1122.1068,309,,,,,,,,
991.1051,91.265976,1220.4785,882.42566,291.8,175000,,,-226.63389587402344,-1.8575115203857422,22.39344024658203,226.31027221679688,225.42286682128906,0.0003,0.0003,0.1
,,,,,175006,955.94934,289,,,,,,,,
,,,,,175281,948.0925,275,,,,,,,,
,,,,,175639,1087.5583,358,,,,,,,,
,,,,,175929,953.78314,290,,,,,,,,
,,,,,176000,,,-234.3389129638672,-1.7518101930618286,5.531525611877441,233.1625213623047,233.24676513671875,0.0003,0.0003,0.1
,,,,,176231,1013.3508,302,,,,,,,,
,,,,,176493,927.12134,262,,,,,,,,
,,,,,176787,985.8252,294,,,,,,,,
,,,,,177000,,,-231.16883850097656,-1.7473429441452026,5.982620716094971,229.51622009277344,229.67227172851562,0.0003,0.0003,0.1
,,,,,177046,904.9512,259,,,,,,,,
,,,,,177350,1090.437,304,,,,,,,,
,,,,,177630,995.0751,280,,,,,,,,
,,,,,177887,910.452,257,,,,,,,,
,,,,,178000,,,-230.72528076171875,-1.7438831329345703,6.270975112915039,230.138671875,230.28367614746094,0.0003,0.0003,0.1
,,,,,178293,1394.7991,406,,,,,,,,
,,,,,178573,973.7533,280,,,,,,,,
,,,,,178810,836.04016,237,,,,,,,,
,,,,,179000,,,-232.8895263671875,-1.6814048290252686,5.671478748321533,232.44500732421875,232.39691162109375,0.0003,0.0003,0.1
,,,,,179066,920.4564,256,,,,,,,,
,,,,,179339,967.2936,273,,,,,,,,
,,,,,179601,909.447,262,,,,,,,,
,,,,,179886,1002.06824,285,,,,,,,,
967.3048,74.76837,1182.8562,905.5665,286.1,180000,,,-239.3470458984375,-1.8860244750976562,5.494226455688477,238.3419647216797,238.70553588867188,0.0003,0.0003,0.1
,,,,,180187,1082.6874,301,,,,,,,,
,,,,,180482,963.5332,295,,,,,,,,
,,,,,180752,947.54626,270,,,,,,,,
,,,,,180975,763.90674,223,,,,,,,,
,,,,,181000,,,-232.658447265625,-1.5569894313812256,9.149962425231934,232.4947052001953,232.82135009765625,0.0003,0.0003,0.1
,,,,,181272,1055.7634,297,,,,,,,,
,,,,,181599,1183.3406,327,,,,,,,,
,,,,,181905,1099.0739,306,,,,,,,,
,,,,,182000,,,-236.6278533935547,-1.696986198425293,3.882512092590332,235.26272583007812,235.06922912597656,0.0003,0.0003,0.1
,,,,,182223,1139.9766,318,,,,,,,,
,,,,,182474,904.5507,251,,,,,,,,
,,,,,182995,1657.5261,521,,,,,,,,
,,,,,183000,,,-238.21475219726562,-1.870674729347229,72.1901626586914,237.60940551757812,236.48516845703125,0.0003,0.0003,0.1
,,,,,183281,943.47,286,,,,,,,,
,,,,,183551,958.85223,270,,,,,,,,
,,,,,183823,959.19745,272,,,,,,,,
,,,,,184000,,,-228.7137908935547,-2.0684425830841064,10.166326522827148,228.42459106445312,228.3765869140625,0.0003,0.0003,0.1
,,,,,184075,916.59656,252,,,,,,,,
,,,,,184333,906.2166,258,,,,,,,,
,,,,,184582,871.89935,249,,,,,,,,
,,,,,184848,911.9624,266,,,,,,,,
977.4266,80.86009,1155.2521,892.89655,278.6,185000,,,-238.87059020996094,-1.2820909023284912,3.865563154220581,238.58021545410156,238.73350524902344,0.0003,0.0003,0.1
,,,,,185188,1151.7656,340,,,,,,,,
,,,,,185534,1223.8485,346,,,,,,,,
,,,,,185791,874.1874,257,,,,,,,,
,,,,,186000,,,-224.62960815429688,-1.8460050821304321,3.851647138595581,223.96343994140625,223.7835235595703,0.0003,0.0003,0.1
,,,,,186057,929.46173,266,,,,,,,,
,,,,,186421,1300.7549,364,,,,,,,,
,,,,,186674,870.9744,253,,,,,,,,
,,,,,186938,929.3264,264,,,,,,,,
,,,,,187000,,,-234.88980102539062,-1.834702730178833,3.4551632404327393,234.47642517089844,234.71475219726562,0.0003,0.0003,0.1
,,,,,187237,1013.7505,299,,,,,,,,
,,,,,187549,1046.9447,312,,,,,,,,
,,,,,187849,1092.7915,300,,,,,,,,
,,,,,188000,,,-229.27633666992188,-1.6038103103637695,5.124347686767578,229.13906860351562,229.19732666015625,0.0003,0.0003,0.1
,,,,,188162,1130.535,313,,,,,,,,
,,,,,188462,1089.969,300,,,,,,,,
,,,,,188708,851.0929,246,,,,,,,,
,,,,,189000,,,-229.018310546875,-1.9936480522155762,4.755467891693115,228.85897827148438,228.6160430908203,0.0003,0.0003,0.1
,,,,,189013,1103.6178,305,,,,,,,,
,,,,,189312,1084.295,299,,,,,,,,
,,,,,189625,1089.5006,313,,,,,,,,
,,,,,189925,1000.9125,300,,,,,,,,
1023.5173,92.87174,1193.4023,905.3194,291.8,190000,,,-238.27291870117188,-1.8041346073150635,5.994809627532959,237.39047241210938,236.9479217529297,0.0003,0.0003,0.1
,,,,,190228,986.8774,303,,,,,,,,
,,,,,190544,1144.2908,316,,,,,,,,
,,,,,190831,998.1907,287,,,,,,,,
,,,,,191000,,,-236.53126525878906,-1.7295265197753906,3.56599760055542,235.3878173828125,235.06524658203125,0.0003,0.0003,0.1
,,,,,191100,940.32166,269,,,,,,,,
,,,,,191357,895.6475,257,,,,,,,,
,,,,,191622,952.04016,265,,,,,,,,
,,,,,191923,1067.367,301,,,,,,,,
,,,,,192000,,,-230.65089416503906,-1.5120848417282104,6.607208251953125,230.2401123046875,230.45632934570312,0.0003,0.0003,0.1
,,,,,192184,939.6343,261,,,,,,,,
,,,,,192492,1125.679,308,,,,,,,,
,,,,,192768,960.9801,276,,,,,,,,
,,,,,193000,,,-229.79263305664062,-1.7319674491882324,13.324110984802246,228.43844604492188,228.61349487304688,0.0003,0.0003,0.1
,,,,,193105,1230.1792,337,,,,,,,,
,,,,,193356,900.33856,251,,,,,,,,
,,,,,193658,1045.4524,302,,,,,,,,
,,,,,193908,889.4118,250,,,,,,,,
,,,,,194000,,,-229.4842987060547,-1.7736095190048218,5.005627155303955,229.33120727539062,229.2098846435547,0.0003,0.0003,0.1
,,,,,194135,782.7597,227,,,,,,,,
,,,,,194399,928.04114,264,,,,,,,,
,,,,,194661,915.713,262,,,,,,,,
,,,,,194960,1093.4283,299,,,,,,,,
1011.96173,109.842674,1215.7535,875.0999,288.3,195000,,,-228.82594299316406,-1.5936615467071533,3.5670864582061768,228.66165161132812,228.7493133544922,0.0003,0.0003,0.1
,,,,,195358,1303.7498,398,,,,,,,,
,,,,,195614,912.0653,256,,,,,,,,
,,,,,195884,973.2287,270,,,,,,,,
,,,,,196000,,,-240.4158935546875,-1.7145740985870361,7.521325588226318,238.42176818847656,238.35354614257812,0.0003,0.0003,0.1
,,,,,196130,872.4793,246,,,,,,,,
,,,,,196372,887.7434,242,,,,,,,,
,,,,,196691,1172.8456,319,,,,,,,,
,,,,,196919,764.5032,228,,,,,,,,
,,,,,197000,,,-228.14996337890625,-1.8755687475204468,6.708828449249268,227.38824462890625,227.37840270996094,0.0003,0.0003,0.1
,,,,,197179,932.489,260,,,,,,,,
,,,,,197393,684.11115,214,,,,,,,,
,,,,,197653,938.4408,260,,,,,,,,
,,,,,197938,1023.8931,285,,,,,,,,
,,,,,198000,,,-227.67181396484375,-1.5645475387573242,5.3285088539123535,227.10614013671875,227.0952911376953,0.0003,0.0003,0.1
,,,,,198198,889.9376,260,,,,,,,,
,,,,,198459,908.2942,261,,,,,,,,
,,,,,198788,1128.3574,329,,,,,,,,
,,,,,199000,,,-227.5006866455078,-1.701359510421753,5.378937721252441,227.08984375,227.3668212890625,0.0003,0.0003,0.1
,,,,,199045,895.3573,257,,,,,,,,
,,,,,199310,962.9665,265,,,,,,,,
,,,,,199629,1085.2239,319,,,,,,,,
,,,,,199917,1034.6682,288,,,,,,,,
924.56836,47.64693,1002.2376,859.05695,263.7,200000,,,-237.08583068847656,-1.656705617904663,4.312320232391357,237.06234741210938,237.38436889648438,0.0003,0.0003,0.1
,,,,,200176,889.72144,259,,,,,,,,
,,,,,200439,951.3231,263,,,,,,,,
,,,,,200787,1132.1292,348,,,,,,,,
,,,,,201000,,,-228.54425048828125,-2.001347303390503,9.973978042602539,227.2863006591797,226.98248291015625,0.0003,0.0003,0.1
,,,,,201043,905.07104,256,,,,,,,,
,,,,,201312,951.09344,269,,,,,,,,
,,,,,201627,986.1452,315,,,,,,,,
,,,,,201876,867.9494,249,,,,,,,,
,,,,,202000,,,-231.3209686279297,-1.8890252113342285,3.979130268096924,230.44789123535156,230.33258056640625,0.0003,0.0003,0.1
,,,,,202125,875.9476,249,,,,,,,,
,,,,,202411,1026.8062,286,,,,,,,,
,,,,,202728,1119.9404,317,,,,,,,,
,,,,,202987,905.37524,259,,,,,,,,
,,,,,203000,,,-240.22882080078125,-1.6555858850479126,9.773633003234863,240.22262573242188,239.90585327148438,0.0003,0.0003,0.1
,,,,,203219,826.3282,232,,,,,,,,
,,,,,203516,1074.8485,297,,,,,,,,
,,,,,203766,887.274,250,,,,,,,,
,,,,,204000,,,-234.8959503173828,-2.0622735023498535,5.25568962097168,234.5507049560547,234.13540649414062,0.0003,0.0003,0.1
,,,,,204020,912.44293,254,,,,,,,,
,,,,,204283,919.97955,263,,,,,,,,
,,,,,204621,1227.8625,338,,,,,,,,
,,,,,204935,996.94855,314,,,,,,,,
1005.70654,61.06856,1118.6613,901.9938,284.7,205000,,,-233.32449340820312,-1.590684413909912,6.89094352722168,232.6287841796875,233.38992309570312,0.0003,0.0003,0.1
,,,,,205216,989.39703,281,,,,,,,,
,,,,,205527,1014.8909,311,,,,,,,,
,,,,,205838,921.9238,311,,,,,,,,
,,,,,206000,,,-233.82586669921875,-1.8297399282455444,5.635013103485107,233.3961944580078,232.80616760253906,0.0003,0.0003,0.1
,,,,,206107,965.6223,269,,,,,,,,
,,,,,206418,1171.4104,311,,,,,,,,
,,,,,206687,950.1314,269,,,,,,,,
,,,,,207000,,,-229.42543029785156,-1.5389562845230103,5.254507541656494,229.3197784423828,229.37232971191406,0.0003,0.0003,0.1
,,,,,207026,1112.9575,339,,,,,,,,
,,,,,207343,1053.5715,317,,,,,,,,
,,,,,207612,957.78156,269,,,,,,,,
,,,,,207928,1069.7595,316,,,,,,,,
,,,,,208000,,,-237.2383575439453,-1.4808908700942993,4.414693832397461,236.8248291015625,236.90309143066406,0.0003,0.0003,0.1
,,,,,208103,492.91074,175,,,,,,,,
,,,,,208376,974.01544,273,,,,,,,,
,,,,,208728,1277.104,352,,,,,,,,
,,,,,209000,,,-234.9024658203125,-1.320426106452942,7.098207473754883,233.83018493652344,234.0604248046875,0.0003,0.0003,0.1
,,,,,209052,1092.2694,324,,,,,,,,
,,,,,209384,1169.0447,332,,,,,,,,
,,,,,209658,992.7871,274,,,,,,,,
,,,,,209901,847.05334,243,,,,,,,,
992.1403,91.101265,1151.0172,786.38464,277.1,210000,,,-227.2949676513672,-1.789447546005249,28.364044189453125,226.6847686767578,226.79583740234375,0.0003,0.0003,0.1
,,,,,210160,894.8221,259,,,,,,,,
,,,,,210421,901.59937,261,,,,,,,,
,,,,,210661,827.74725,240,,,,,,,,
,,,,,210921,911.80914,260,,,,,,,,
,,,,,211000,,,-240.4944610595703,-1.535423755645752,8.832603454589844,239.58497619628906,239.5271759033203,0.0003,0.0003,0.1
,,,,,211160,821.15,239,,,,,,,,
,,,,,211395,788.6643,235,,,,,,,,
,,,,,211660,930.5553,265,,,,,,,,
,,,,,212000,,,-230.06005859375,-1.6141473054885864,4.332673072814941,229.73562622070312,229.8733367919922,0.0003,0.0003,0.1
,,,,,212007,1224.789,347,,,,,,,,
,,,,,212343,1203.3849,336,,,,,,,,
,,,,,212710,1309.3383,367,,,,,,,,
,,,,,212945,793.6219,235,,,,,,,,
,,,,,213000,,,-232.95152282714844,-1.7266919612884521,8.745868682861328,232.723388671875,232.52976989746094,0.0003,0.0003,0.1
,,,,,213233,984.7125,288,,,,,,,,
,,,,,213526,1055.1483,293,,,,,,,,
,,,,,213807,991.04474,281,,,,,,,,
,,,,,214000,,,-230.87762451171875,-1.780876636505127,5.977887153625488,231.00201416015625,230.1826629638672,0.0003,0.0003,0.1
,,,,,214096,1025.5328,289,,,,,,,,
,,,,,214434,1199.0615,338,,,,,,,,
,,,,,214772,1258.0728,338,,,,,,,,
868.8293,96.93,1054.9725,734.5554,251.9,215000,,,-230.64344787597656,-1.8610864877700806,13.935258865356445,228.17523193359375,228.93228149414062,0.0003,0.0003,0.1
,,,,,215065,1035.277,293,,,,,,,,
,,,,,215334,931.39984,269,,,,,,,,
,,,,,215651,1135.9108,317,,,,,,,,
,,,,,215986,1054.3209,335,,,,,,,,
,,,,,216000,,,-240.6164093017578,-1.6838300228118896,5.853011131286621,240.24331665039062,240.60594177246094,0.0003,0.0003,0.1
,,,,,216281,1029.8824,295,,,,,,,,
,,,,,216542,903.6905,261,,,,,,,,
,,,,,216797,870.56036,255,,,,,,,,
,,,,,217000,,,-234.75685119628906,-1.5647668838500977,6.406713485717773,234.35052490234375,234.63540649414062,0.0003,0.0003,0.1
,,,,,217048,838.6344,251,,,,,,,,
,,,,,217358,1118.3871,310,,,,,,,,
,,,,,217626,922.6441,268,,,,,,,,
,,,,,217961,1221.0591,335,,,,,,,,
,,,,,218000,,,-228.84478759765625,-1.5714609622955322,13.743461608886719,227.812744140625,228.5828857421875,0.0003,0.0003,0.1
,,,,,218323,1270.0195,362,,,,,,,,
,,,,,218552,772.39575,229,,,,,,,,
,,,,,218825,1002.94183,273,,,,,,,,
,,,,,219000,,,-232.8479461669922,-2.1709063053131104,10.985111236572266,232.39373779296875,232.04234313964844,0.0003,0.0003,0.1
,,,,,219069,819.56415,244,,,,,,,,
,,,,,219376,1082.2567,307,,,,,,,,
,,,,,219725,1259.6793,349,,,,,,,,
,,,,,219954,782.1468,229,,,,,,,,
796.7416,53.207947,872.8723,708.65497,233.2,220000,,,-235.2613067626953,-1.451549768447876,4.119101047515869,234.75717163085938,234.55528259277344,0.0003,0.0003,0.1
,,,,,220255,1079.4734,301,,,,,,,,
,,,,,220518,911.58966,263,,,,,,,,
,,,,,220791,977.0723,273,,,,,,,,
,,,,,221000,,,-243.8759002685547,-1.499934434890747,5.99940824508667,242.36871337890625,242.20162963867188,0.0003,0.0003,0.1
,,,,,221072,1006.17285,281,,,,,,,,
,,,,,221277,661.35724,205,,,,,,,,
,,,,,221526,843.0635,249,,,,,,,,
,,,,,221776,861.36395,250,,,,,,,,
,,,,,222000,,,-234.2045135498047,-1.5752161741256714,6.275960922241211,233.18222045898438,233.00743103027344,0.0003,0.0003,0.1
,,,,,222008,776.82007,232,,,,,,,,
,,,,,222273,919.63983,265,,,,,,,,
,,,,,222546,944.2015,273,,,,,,,,
,,,,,222798,890.2929,252,,,,,,,,
,,,,,223000,,,-237.48170471191406,-1.7025984525680542,7.616186141967773,237.2700653076172,237.44944763183594,0.0003,0.0003,0.1
,,,,,223032,804.9403,234,,,,,,,,
,,,,,223282,885.1019,250,,,,,,,,
,,,,,223537,884.37146,255,,,,,,,,
,,,,,223770,780.81213,233,,,,,,,,
,,,,,224000,,,-232.20758056640625,-1.530965805053711,4.251450061798096,231.70465087890625,231.53244018554688,0.0003,0.0003,0.1
,,,,,224022,878.8164,252,,,,,,,,
,,,,,224246,748.3092,224,,,,,,,,
,,,,,224558,1132.2283,312,,,,,,,,
,,,,,224801,834.94824,243,,,,,,,,
1332.9623,707.8552,3060.5989,700.90265,395.1,225000,,,-241.61077880859375,-1.4389419555664062,4.662282943725586,241.3955078125,240.9988555908203,0.0003,0.0003,0.1
,,,,,225055,885.94653,254,,,,,,,,
,,,,,225376,1185.3943,321,,,,,,,,
,,,,,225625,906.55457,249,,,,,,,,
,,,,,225844,717.8639,219,,,,,,,,
,,,,,226000,,,-228.6295928955078,-1.6420937776565552,8.582411766052246,227.2278594970703,226.97450256347656,0.0003,0.0003,0.1
,,,,,226114,989.54565,270,,,,,,,,
,,,,,226415,1085.0879,301,,,,,,,,
,,,,,226669,876.29095,254,,,,,,,,
,,,,,227000,,,-241.2348175048828,-1.616274356842041,2.9134695529937744,240.2088165283203,240.53269958496094,0.0003,0.0003,0.1
,,,,,227046,1309.5131,377,,,,,,,,
,,,,,227296,889.63184,250,,,,,,,,
,,,,,227536,818.4003,240,,,,,,,,
,,,,,227854,1098.9762,318,,,,,,,,
,,,,,228000,,,-233.97276306152344,-1.7490463256835938,10.320350646972656,233.4050750732422,233.62478637695312,0.0003,0.0003,0.1
,,,,,228090,808.5209,236,,,,,,,,
,,,,,228374,1001.2709,284,,,,,,,,
,,,,,228631,875.49384,257,,,,,,,,
,,,,,228915,1006.8288,284,,,,,,,,
,,,,,229000,,,-240.30213928222656,-1.6438225507736206,4.623064041137695,239.57305908203125,239.55540466308594,0.0003,0.0003,0.1
,,,,,229228,1127.6967,313,,,,,,,,
,,,,,229469,812.26355,241,,,,,,,,
,,,,,229884,1520.6245,415,,,,,,,,
965.1207,73.025375,1059.2618,851.4661,271.9,230000,,,-240.38523864746094,-1.9108552932739258,4.586696624755859,238.74562072753906,239.02476501464844,0.0003,0.0003,0.1
,,,,,230112,759.8824,228,,,,,,,,
,,,,,230362,883.43317,250,,,,,,,,
,,,,,230640,963.43414,278,,,,,,,,
,,,,,230887,902.49725,247,,,,,,,,
,,,,,231000,,,-239.75990295410156,-1.6895298957824707,14.753117561340332,239.35122680664062,239.00277709960938,0.0003,0.0003,0.1
,,,,,231135,838.79205,248,,,,,,,,
,,,,,231431,1076.086,296,,,,,,,,
,,,,,231660,754.0281,229,,,,,,,,
,,,,,231985,1139.9384,325,,,,,,,,
,,,,,232000,,,-236.3025360107422,-1.4559037685394287,55.95819091796875,235.62692260742188,234.84222412109375,0.0003,0.0003,0.1
,,,,,232223,798.5937,238,,,,,,,,
,,,,,232432,659.5096,209,,,,,,,,
,,,,,232703,938.31396,271,,,,,,,,
,,,,,232928,742.09906,225,,,,,,,,
,,,,,233000,,,-237.7732696533203,-1.7245718240737915,4.3610968589782715,237.57156372070312,237.97415161132812,0.0003,0.0003,0.1
,,,,,233199,940.2413,271,,,,,,,,
,,,,,233428,756.9105,229,,,,,,,,
,,,,,233658,772.3298,230,,,,,,,,
,,,,,233954,1079.4728,296,,,,,,,,
,,,,,234000,,,-238.47950744628906,-1.7013546228408813,5.839419364929199,238.2869873046875,238.15357971191406,0.0003,0.0003,0.1
,,,,,234758,2484.2559,804,,,,,,,,
873.6434,108.57887,1143.9054,737.1818,254.2,235000,,,-234.55416870117188,-1.582440972328186,32.56669235229492,232.9300537109375,233.04563903808594,0.0003,0.0003,0.1
,,,,,235067,1105.4119,309,,,,,,,,
,,,,,235307,811.36835,240,,,,,,,,
,,,,,235669,1300.9427,362,,,,,,,,
,,,,,235949,956.1797,280,,,,,,,,
,,,,,236000,,,-236.17640686035156,-1.5399949550628662,6.863729476928711,235.44065856933594,235.6111297607422,0.0003,0.0003,0.1
,,,,,236404,1632.2373,455,,,,,,,,
,,,,,236677,963.1719,273,,,,,,,,
,,,,,236930,865.6082,253,,,,,,,,
,,,,,237000,,,-235.6415557861328,-1.6236051321029663,4.1282639503479,234.29312133789062,234.55718994140625,0.0003,0.0003,0.1
,,,,,237194,909.23645,264,,,,,,,,
,,,,,237488,1051.8978,294,,,,,,,,
,,,,,237738,870.84674,250,,,,,,,,
,,,,,238000,,,-233.33705139160156,-1.8269785642623901,267.17047119140625,231.32215881347656,230.5836639404297,0.0003,0.0003,0.1
,,,,,238040,1087.8911,302,,,,,,,,
,,,,,238363,1076.5746,323,,,,,,,,
,,,,,238707,1205.5074,344,,,,,,,,
,,,,,238963,883.4448,256,,,,,,,,
,,,,,239000,,,-233.61888122558594,-1.8032934665679932,10.012632369995117,232.8533935546875,233.0469970703125,0.0003,0.0003,0.1
,,,,,239268,1126.7125,305,,,,,,,,
,,,,,239590,1178.1189,322,,,,,,,,
,,,,,239811,719.8382,221,,,,,,,,
1128.4177,140.67375,1363.9187,900.52094,332.2,240000,,,-223.67758178710938,-1.9960429668426514,43.78981018066406,221.17922973632812,220.05641174316406,0.0003,0.0003,0.1
,,,,,240069,882.3128,258,,,,,,,,
,,,,,240318,852.4663,249,,,,,,,,
,,,,,240513,611.6508,195,,,,,,,,
,,,,,240860,1085.0985,347,,,,,,,,
,,,,,241000,,,-244.44210815429688,-1.6488513946533203,7.186121463775635,243.3257293701172,244.1326141357422,0.0003,0.0003,0.1
,,,,,241112,863.30164,252,,,,,,,,
,,,,,241660,1694.2094,548,,,,,,,,
,,,,,241987,1182.5244,327,,,,,,,,
,,,,,242000,,,-243.0279541015625,-1.671154260635376,9.603038787841797,241.37008666992188,241.6669464111328,0.0003,0.0003,0.1
,,,,,242427,1471.9291,440,,,,,,,,
,,,,,242695,949.434,268,,,,,,,,
,,,,,243000,,,-242.75357055664062,-1.6543669700622559,4.632518291473389,242.88287353515625,242.59591674804688,0.0003,0.0003,0.1
,,,,,243042,1123.176,347,,,,,,,,
,,,,,243310,939.72577,268,,,,,,,,
,,,,,243786,1548.8121,476,,,,,,,,
,,,,,244000,,,-238.3744354248047,-1.967979073524475,8.571439743041992,235.45831298828125,235.67776489257812,0.0003,0.0003,0.1
,,,,,244219,1282.7772,433,,,,,,,,
,,,,,244531,1130.1913,312,,,,,,,,
,,,,,244818,1015.0625,287,,,,,,,,
924.1284,171.15979,1313.4325,700.5874,265.2,245000,,,-240.3838348388672,-1.5651013851165771,4.542401313781738,240.0814666748047,239.74708557128906,0.0003,0.0003,0.1
,,,,,245095,969.4307,277,,,,,,,,
,,,,,245299,653.1519,204,,,,,,,,
,,,,,245616,1164.2742,317,,,,,,,,
,,,,,245922,1114.969,306,,,,,,,,
,,,,,246000,,,-237.98617553710938,-1.836289644241333,8.149271011352539,236.9402313232422,236.6622772216797,0.0003,0.0003,0.1
,,,,,246252,1206.2639,330,,,,,,,,
,,,,,246581,1167.0264,329,,,,,,,,
,,,,,246896,1163.03,315,,,,,,,,
,,,,,247000,,,-239.6464385986328,-1.394243836402893,81.28731536865234,239.11163330078125,239.02670288085938,0.0003,0.0003,0.1
,,,,,247183,1038.9235,287,,,,,,,,
,,,,,247393,679.0146,210,,,,,,,,
,,,,,247719,1149.9348,326,,,,,,,,
,,,,,247986,930.50867,267,,,,,,,,
,,,,,248000,,,-238.08151245117188,-2.0800273418426514,52.17995071411133,236.46990966796875,236.93899536132812,0.0003,0.0003,0.1
,,,,,248239,872.4963,253,,,,,,,,
,,,,,248553,1051.064,314,,,,,,,,
,,,,,248834,998.98804,281,,,,,,,,
,,,,,249000,,,-238.7362823486328,-1.6806480884552002,5.216634273529053,238.46778869628906,238.52499389648438,0.0003,0.0003,0.1
,,,,,249212,1373.8129,378,,,,,,,,
,,,,,249528,1139.2195,316,,,,,,,,
,,,,,249819,1048.9314,291,,,,,,,,
986.2877,123.38146,1111.1901,662.05493,298.7,250000,,,-232.565673828125,-1.6370971202850342,4.396515369415283,232.3558807373047,232.1938934326172,0.0003,0.0003,0.1
,,,,,250109,1040.9855,290,,,,,,,,
,,,,,250332,748.73505,223,,,,,,,,
,,,,,250692,1257.1569,360,,,,,,,,
,,,,,250971,1006.5245,279,,,,,,,,
,,,,,251000,,,-247.0293426513672,-1.4547768831253052,3.21510910987854,246.86038208007812,246.73275756835938,0.0003,0.0003,0.1
,,,,,251346,1189.6548,375,,,,,,,,
,,,,,251599,866.9017,253,,,,,,,,
,,,,,251863,916.76495,264,,,,,,,,
,,,,,251898,56.984306,35,,,,,,,,
,,,,,252000,,,-243.55108642578125,-1.8767712116241455,4.557164192199707,242.6534423828125,242.65237426757812,0.0003,0.0003,0.1
,,,,,252206,1134.5211,308,,,,,,,,
,,,,,252468,896.6554,262,,,,,,,,
,,,,,252732,924.92053,264,,,,,,,,
,,,,,253000,,,-244.89317321777344,-1.4532084465026855,2.709566593170166,244.95213317871094,244.97006225585938,0.0003,0.0003,0.1
,,,,,253029,977.0643,297,,,,,,,,
,,,,,253335,1134.2681,306,,,,,,,,
,,,,,253614,1001.1313,279,,,,,,,,
,,,,,254000,,,-239.89883422851562,-1.5283712148666382,6.083383560180664,239.16845703125,239.6234130859375,0.0003,0.0003,0.1
,,,,,254002,1241.4008,388,,,,,,,,
,,,,,254201,629.7353,199,,,,,,,,
,,,,,254471,925.25024,270,,,,,,,,
,,,,,254678,655.49,207,,,,,,,,
,,,,,254990,1071.361,312,,,,,,,,
956.3041,106.56802,1141.5575,786.5248,268.6,255000,,,-235.60752868652344,-1.5371766090393066,9.270965576171875,234.35104370117188,234.0938262939453,0.0003,0.0003,0.1
,,,,,255350,1202.0939,360,,,,,,,,
,,,,,255628,983.206,278,,,,,,,,
,,,,,256000,,,-249.298095703125,-1.4243683815002441,4.7412614822387695,247.7245635986328,248.00003051757812,0.0003,0.0003,0.1
,,,,,256018,1237.6865,390,,,,,,,,
,,,,,256324,1061.1146,306,,,,,,,,
,,,,,256597,957.88434,273,,,,,,,,
,,,,,256850,862.3313,253,,,,,,,,
,,,,,257000,,,-235.38026428222656,-1.4852713346481323,4.596441745758057,234.8452606201172,234.9990692138672,0.0003,0.0003,0.1
,,,,,257175,1185.8679,325,,,,,,,,
,,,,,257460,1022.99493,285,,,,,,,,
,,,,,257778,1142.7853,318,,,,,,,,
,,,,,258000,,,-235.99403381347656,-1.783636450767517,12.763622283935547,235.56527709960938,235.66494750976562,0.0003,0.0003,0.1
,,,,,258102,1166.8123,324,,,,,,,,
,,,,,258420,1132.4957,318,,,,,,,,
,,,,,258935,1667.6034,515,,,,,,,,
,,,,,259000,,,-237.760498046875,-1.952991247177124,4.360931873321533,237.59317016601562,237.9484100341797,0.0003,0.0003,0.1
,,,,,259182,852.3627,247,,,,,,,,
,,,,,259475,1053.6992,293,,,,,,,,
,,,,,259988,1756.7313,513,,,,,,,,
1135.091,140.24487,1421.52,956.64886,321.9,260000,,,-246.26708984375,-1.349197506904602,4.331387519836426,246.0,246.04461669921875,0.0003,0.0003,0.1
,,,,,260418,1481.6052,430,,,,,,,,
,,,,,260764,1280.875,346,,,,,,,,
,,,,,261000,,,-241.00457763671875,-1.9020246267318726,7.970458030700684,241.3131866455078,241.01780700683594,0.0003,0.0003,0.1
,,,,,261129,1070.0719,365,,,,,,,,
,,,,,261404,985.1325,275,,,,,,,,
,,,,,261710,1118.9603,306,,,,,,,,
,,,,,261924,695.5611,214,,,,,,,,
,,,,,262000,,,-249.53390502929688,-1.4176726341247559,3.0161192417144775,249.2498779296875,249.16766357421875,0.0003,0.0003,0.1
,,,,,262277,1257.8768,353,,,,,,,,
,,,,,262570,1058.2025,293,,,,,,,,
,,,,,262889,1159.1088,319,,,,,,,,
,,,,,263000,,,-240.90589904785156,-1.4096977710723877,6.304025650024414,240.8544158935547,240.23255920410156,0.0003,0.0003,0.1
,,,,,263149,882.30676,260,,,,,,,,
,,,,,263535,1435.3068,386,,,,,,,,
,,,,,263886,1251.0425,351,,,,,,,,
,,,,,264000,,,-244.80589294433594,-1.405768871307373,5.364280700683594,244.18569946289062,244.4595184326172,0.0003,0.0003,0.1
,,,,,264170,983.7958,284,,,,,,,,
,,,,,264468,1094.2284,298,,,,,,,,
,,,,,264905,1458.5718,437,,,,,,,,
1198.594,88.45568,1388.7533,1109.3252,338.8,265000,,,-233.1925048828125,-1.7424393892288208,4.308753490447998,232.79165649414062,232.91461181640625,0.0003,0.0003,0.1
,,,,,265234,1195.338,329,,,,,,,,
,,,,,265611,1178.0519,377,,,,,,,,
,,,,,265928,1151.433,317,,,,,,,,
,,,,,266000,,,-234.33595275878906,-1.6119600534439087,7.368238925933838,233.90916442871094,234.6322784423828,0.0003,0.0003,0.1
,,,,,266417,1720.6317,489,,,,,,,,
,,,,,266748,1182.506,331,,,,,,,,
,,,,,267000,,,-234.8497772216797,-1.4685930013656616,4.852797985076904,234.4698486328125,234.4618682861328,0.0003,0.0003,0.1
,,,,,267009,890.9579,261,,,,,,,,
,,,,,267281,956.7057,272,,,,,,,,
,,,,,267550,940.1701,269,,,,,,,,
,,,,,267826,950.44165,276,,,,,,,,
,,,,,268000,,,-233.3047637939453,-1.5699138641357422,6.584888935089111,232.2811279296875,232.2368927001953,0.0003,0.0003,0.1
,,,,,268067,836.58655,241,,,,,,,,
,,,,,268333,888.5654,266,,,,,,,,
,,,,,268671,1213.9229,338,,,,,,,,
,,,,,268937,919.94507,266,,,,,,,,
,,,,,269000,,,-242.00262451171875,-1.8302490711212158,2.332005500793457,241.87310791015625,241.65245056152344,0.0003,0.0003,0.1
,,,,,269308,1357.9038,371,,,,,,,,
,,,,,269622,1138.8154,314,,,,,,,,
1070.2643,194.97833,1448.9476,882.66046,298.4,270000,,,-242.97023010253906,-1.5620691776275635,3.8524856567382812,243.01528930664062,243.2684783935547,0.0003,0.0003,0.1
,,,,,270001,1389.4601,379,,,,,,,,
,,,,,270311,1142.1487,310,,,,,,,,
,,,,,270564,861.291,253,,,,,,,,
,,,,,270852,1031.3453,288,,,,,,,,
,,,,,271000,,,-244.36581420898438,-1.6919333934783936,6.088904857635498,243.62689208984375,244.1610870361328,0.0003,0.0003,0.1
,,,,,271320,1689.0048,468,,,,,,,,
,,,,,271794,1704.9242,474,,,,,,,,
,,,,,272000,,,-242.191650390625,-1.7623333930969238,7.571865558624268,241.985107421875,242.2567901611328,0.0003,0.0003,0.1
,,,,,272150,1284.1699,356,,,,,,,,
,,,,,272715,1891.7848,565,,,,,,,,
,,,,,272991,964.03217,276,,,,,,,,
,,,,,273000,,,-242.59768676757812,-1.5968397855758667,4.21934700012207,241.33950805664062,241.4497833251953,0.0003,0.0003,0.1
,,,,,273308,1140.3069,317,,,,,,,,
,,,,,273578,948.40137,270,,,,,,,,
,,,,,273986,1488.8751,408,,,,,,,,
,,,,,274000,,,-238.7142791748047,-1.8289467096328735,7.08191442489624,238.10128784179688,238.22723388671875,0.0003,0.0003,0.1
,,,,,274327,1217.1649,341,,,,,,,,
,,,,,274637,1114.0879,310,,,,,,,,
,,,,,274990,1286.8945,353,,,,,,,,
1161.2151,121.18345,1425.6464,942.5049,324.8,275000,,,-244.40362548828125,-1.6205717325210571,12.194262504577637,243.578369140625,242.75518798828125,0.0003,0.0003,0.1
,,,,,275325,1205.3914,335,,,,,,,,
,,,,,275571,720.5561,246,,,,,,,,
,,,,,275866,1067.056,295,,,,,,,,
,,,,,276000,,,-244.3138427734375,-2.165964126586914,5.653735637664795,242.76797485351562,242.62319946289062,0.0003,0.0003,0.1
,,,,,276221,1074.85,355,,,,,,,,
,,,,,277000,,,-246.62557983398438,-1.405961513519287,4.146658897399902,246.35899353027344,246.39488220214844,0.0003,0.0003,0.1
,,,,,277187,3258.7808,966,,,,,,,,
,,,,,277461,964.2369,274,,,,,,,,
,,,,,277826,1331.3181,365,,,,,,,,
,,,,,278000,,,-245.6444549560547,-1.8550939559936523,12.456418991088867,245.0027618408203,244.9221954345703,0.0003,0.0003,0.1
,,,,,278148,1173.2063,322,,,,,,,,
,,,,,278434,997.9773,286,,,,,,,,
,,,,,278700,912.5323,266,,,,,,,,
,,,,,278973,984.793,273,,,,,,,,
,,,,,279000,,,-246.86575317382812,-1.5315017700195312,4.561050891876221,246.57630920410156,246.5605010986328,0.0003,0.0003,0.1
,,,,,279278,1124.1244,305,,,,,,,,
,,,,,279559,996.7109,281,,,,,,,,
,,,,,279838,999.268,279,,,,,,,,
1120.2344,153.99803,1539.9083,978.2952,310.2,280000,,,-241.56698608398438,-1.6588318347930908,6.125246524810791,239.41281127929688,239.8659210205078,0.0003,0.0003,0.1
,,,,,280240,1466.8954,402,,,,,,,,
,,,,,280498,901.3081,258,,,,,,,,
,,,,,280764,913.968,266,,,,,,,,
,,,,,281000,,,-240.892578125,-1.5457088947296143,5.921195030212402,239.76402282714844,239.83172607421875,0.0003,0.0003,0.1
,,,,,281040,988.4721,276,,,,,,,,
,,,,,281319,988.05133,279,,,,,,,,
,,,,,281621,1098.8517,302,,,,,,,,
,,,,,281901,991.0529,280,,,,,,,,
,,,,,282000,,,-241.5327606201172,-1.4237217903137207,10.955894470214844,241.4755859375,241.3265380859375,0.0003,0.0003,0.1
,,,,,282193,1019.51605,292,,,,,,,,
,,,,,282526,1228.1531,333,,,,,,,,
,,,,,282879,1252.0789,353,,,,,,,,
,,,,,283000,,,-246.3199920654297,-1.6365619897842407,8.410079002380371,244.82151794433594,244.94854736328125,0.0003,0.0003,0.1
,,,,,283219,1229.0464,340,,,,,,,,
,,,,,283597,1385.7369,378,,,,,,,,
,,,,,283844,851.1288,247,,,,,,,,
,,,,,284000,,,-240.69744873046875,-1.812302827835083,4.535556316375732,240.7450714111328,240.58538818359375,0.0003,0.0003,0.1
,,,,,284154,1123.0548,310,,,,,,,,
,,,,,284477,1149.0604,323,,,,,,,,
,,,,,284757,989.10706,280,,,,,,,,
1313.8989,559.11865,2965.104,982.61975,369.1,285000,,,-240.6289520263672,-1.5522211790084839,4.163722991943359,239.58035278320312,239.57691955566406,0.0003,0.0003,0.1
,,,,,285126,1342.6133,369,,,,,,,,
,,,,,285480,1279.0599,354,,,,,,,,
,,,,,285968,1739.1299,488,,,,,,,,
,,,,,286000,,,-238.96630859375,-1.3342149257659912,3.6207284927368164,239.0381317138672,239.130615234375,0.0003,0.0003,0.1
,,,,,286226,866.2868,258,,,,,,,,
,,,,,286489,896.76776,263,,,,,,,,
,,,,,286826,1212.068,337,,,,,,,,
,,,,,287000,,,-242.69631958007812,-1.721958041191101,4.384840965270996,242.4560546875,242.4815673828125,0.0003,0.0003,0.1
,,,,,287137,1148.2524,311,,,,,,,,
,,,,,287486,1244.6976,349,,,,,,,,
,,,,,287765,1002.98517,279,,,,,,,,
,,,,,288000,,,-241.01974487304688,-1.7802104949951172,5.478702545166016,240.90708923339844,241.12808227539062,0.0003,0.0003,0.1
,,,,,288095,1204.9512,330,,,,,,,,
,,,,,288431,1223.1796,336,,,,,,,,
,,,,,288736,1133.6812,305,,,,,,,,
,,,,,289000,,,-242.8196258544922,-1.4429532289505005,4.2299885749816895,241.95095825195312,241.6128692626953,0.0003,0.0003,0.1
,,,,,289173,1564.8254,437,,,,,,,,
,,,,,289539,1365.7795,366,,,,,,,,
,,,,,289830,1070.4984,291,,,,,,,,
1220.1003,121.60095,1478.3381,1058.5198,339.1,290000,,,-244.27755737304688,-1.8029963970184326,6.418602466583252,244.0668182373047,243.87403869628906,0.0003,0.0003,0.1
,,,,,290134,1135.5833,304,,,,,,,,
,,,,,290501,1344.9691,367,,,,,,,,
,,,,,290854,1270.6503,353,,,,,,,,
,,,,,291000,,,-242.13221740722656,-1.4441050291061401,6.963705062866211,240.943359375,240.98056030273438,0.0003,0.0003,0.1
,,,,,291026,485.65817,172,,,,,,,,
,,,,,292000,,,-239.6366729736328,-1.6303952932357788,4.419699192047119,239.01712036132812,239.23255920410156,0.0003,0.0003,0.1
,,,,,292026,3061.114,1000,,,,,,,,
,,,,,292423,1454.9592,397,,,,,,,,
,,,,,292694,943.2785,271,,,,,,,,
,,,,,293000,,,-237.26377868652344,-1.4735238552093506,10.760661125183105,236.86012268066406,236.6629638671875,0.0003,0.0003,0.1
,,,,,293694,3083.7905,1000,,,,,,,,
,,,,,294000,,,-242.94052124023438,-1.551802396774292,3.9731807708740234,242.42950439453125,242.7460174560547,0.0003,0.0003,0.1
,,,,,294023,1183.6934,329,,,,,,,,
,,,,,294915,3055.8013,892,,,,,,,,
1397.6838,158.98224,1665.2299,1140.298,385.7,295000,,,-230.06396484375,-1.536380648612976,3.289912700653076,229.8929901123047,229.97557067871094,0.0003,0.0003,0.1
,,,,,295377,1588.7638,462,,,,,,,,
,,,,,295660,1001.34344,283,,,,,,,,
,,,,,295997,1200.8811,337,,,,,,,,
,,,,,296000,,,-246.2694091796875,-1.4838671684265137,3.3175227642059326,246.0792999267578,246.08746337890625,0.0003,0.0003,0.1
,,,,,296315,1152.8759,318,,,,,,,,
,,,,,296623,1131.2817,308,,,,,,,,
,,,,,296889,918.6586,266,,,,,,,,
,,,,,297000,,,-239.17404174804688,-1.6699891090393066,5.663163661956787,237.7109832763672,237.53579711914062,0.0003,0.0003,0.1
,,,,,297232,1233.7257,343,,,,,,,,
,,,,,297569,1203.89,337,,,,,,,,
,,,,,298000,,,-245.31407165527344,-1.5990190505981445,242.2686004638672,244.9208526611328,244.39312744140625,0.0003,0.0003,0.1
,,,,,298021,1685.6885,452,,,,,,,,
,,,,,298295,965.52936,274,,,,,,,,
,,,,,298637,1268.4083,342,,,,,,,,
,,,,,298968,1186.573,331,,,,,,,,
,,,,,299000,,,-249.37710571289062,-1.4027118682861328,7.883832931518555,249.05641174316406,248.48074340820312,0.0003,0.0003,0.1
,,,,,299260,1061.1499,292,,,,,,,,
,,,,,299594,1209.3553,334,,,,,,,,
1076.4391,134.74437,1251.8792,865.1039,297.7,300000,,,-236.21987915039062,-1.6365115642547607,4.496708393096924,236.283935546875,235.9856719970703,0.0003,0.0003,0.1
,,,,,300058,1700.1824,464,,,,,,,,
,,,,,300389,1173.7964,331,,,,,,,,
,,,,,300748,1312.9504,359,,,,,,,,
,,,,,301000,,,-236.8104705810547,-1.5446525812149048,3.5127739906311035,236.5986328125,236.48178100585938,0.0003,0.0003,0.1
,,,,,301046,1116.5687,298,,,,,,,,
,,,,,301384,1228.673,338,,,,,,,,
,,,,,301699,1160.0778,315,,,,,,,,
,,,,,302000,,,-243.20181274414062,-1.875933289527893,5.073462963104248,241.24856567382812,241.05967712402344,0.0003,0.0003,0.1
,,,,,302175,1744.2684,476,,,,,,,,
,,,,,302514,1197.1509,339,,,,,,,,
,,,,,302830,1168.5358,316,,,,,,,,
,,,,,303000,,,-240.4366912841797,-1.528615951538086,2.869746685028076,240.34649658203125,240.2631072998047,0.0003,0.0003,0.1
,,,,,303171,1246.931,341,,,,,,,,
,,,,,303540,1353.7024,369,,,,,,,,
,,,,,303868,1201.6378,328,,,,,,,,
,,,,,304000,,,-246.69313049316406,-1.714935541152954,6.656286239624023,246.5562286376953,247.0509033203125,0.0003,0.0003,0.1
,,,,,304241,1375.8855,373,,,,,,,,
,,,,,304578,1231.2911,337,,,,,,,,
,,,,,304857,980.274,279,,,,,,,,
1861.706,882.38403,3264.9375,1174.8806,545.0,305000,,,-241.4657745361328,-1.4978975057601929,7.006491661071777,241.7093963623047,241.70738220214844,0.0003,0.0003,0.1
,,,,,305224,1332.4962,367,,,,,,,,
,,,,,305801,2163.527,577,,,,,,,,
,,,,,306000,,,-246.354736328125,-1.4123131036758423,4.306650161743164,246.037353515625,246.57254028320312,0.0003,0.0003,0.1
,,,,,306109,1172.6002,308,,,,,,,,
,,,,,306410,1093.6351,301,,,,,,,,
,,,,,306688,992.5362,278,,,,,,,,
,,,,,307000,,,-252.5733642578125,-1.6515241861343384,3.4805984497070312,252.07229614257812,252.03236389160156,0.0003,0.0003,0.1
,,,,,307087,1499.7063,399,,,,,,,,
,,,,,307445,1289.8705,358,,,,,,,,
,,,,,307778,1209.4934,333,,,,,,,,
,,,,,308000,,,-246.45420837402344,-1.5012742280960083,4.189074993133545,246.62344360351562,246.68565368652344,0.0003,0.0003,0.1
,,,,,308102,1218.5519,324,,,,,,,,
,,,,,308559,1754.8845,457,,,,,,,,
,,,,,308858,1129.4734,299,,,,,,,,
,,,,,309000,,,-239.87557983398438,-1.4206123352050781,3.691582202911377,239.95863342285156,239.9770050048828,0.0003,0.0003,0.1
,,,,,309090,799.2938,232,,,,,,,,
,,,,,309355,916.0183,265,,,,,,,,
,,,,,309691,1247.616,336,,,,,,,,
1655.1482,643.04834,3246.4841,962.1548,460.8,310000,,,-244.92495727539062,-1.3770408630371094,11.610538482666016,243.4058074951172,243.03326416015625,0.0003,0.0003,0.1
,,,,,310064,1368.612,373,,,,,,,,
,,,,,310396,1227.6134,332,,,,,,,,
,,,,,310754,1298.5107,358,,,,,,,,
,,,,,311000,,,-244.725830078125,-1.6129885911941528,11.169879913330078,242.5425567626953,242.10459899902344,0.0003,0.0003,0.1
,,,,,311164,1565.8617,410,,,,,,,,
,,,,,311477,1135.4133,313,,,,,,,,
,,,,,311803,1158.7441,326,,,,,,,,
,,,,,312000,,,-239.7092742919922,-1.680213212966919,5.7097601890563965,239.11373901367188,239.31686401367188,0.0003,0.0003,0.1
,,,,,312279,1775.7395,476,,,,,,,,
,,,,,312556,992.4402,277,,,,,,,,
,,,,,312903,1281.0007,347,,,,,,,,
,,,,,313000,,,-249.14317321777344,-1.753576397895813,6.846215724945068,248.21286010742188,248.0850372314453,0.0003,0.0003,0.1
,,,,,313264,1315.7787,361,,,,,,,,
,,,,,313572,1131.9733,308,,,,,,,,
,,,,,313890,1152.16,318,,,,,,,,
,,,,,314000,,,-251.85760498046875,-1.6367223262786865,15.2720365524292,251.27871704101562,251.00796508789062,0.0003,0.0003,0.1
,,,,,314209,1183.4753,319,,,,,,,,
,,,,,314530,1206.5139,321,,,,,,,,
,,,,,314941,1533.8478,411,,,,,,,,
1651.0955,817.7863,3303.8877,915.12134,473.4,315000,,,-251.85606384277344,-1.6004397869110107,2.9634859561920166,251.66331481933594,251.5518798828125,0.0003,0.0003,0.1
,,,,,315251,1148.6802,310,,,,,,,,
,,,,,315679,1425.7834,428,,,,,,,,
,,,,,316000,,,-244.9080352783203,-1.6373226642608643,7.534731864929199,244.02943420410156,244.52951049804688,0.0003,0.0003,0.1
,,,,,316124,1672.75,445,,,,,,,,
,,,,,317000,,,-246.33712768554688,-1.889238953590393,5.966732025146484,246.09463500976562,246.27471923828125,0.0003,0.0003,0.1
,,,,,317124,3386.6418,1000,,,,,,,,
,,,,,317477,1295.9503,353,,,,,,,,
,,,,,317818,1239.2953,341,,,,,,,,
,,,,,318000,,,-250.85829162597656,-1.4936299324035645,3.250119924545288,250.65232849121094,250.32080078125,0.0003,0.0003,0.1
,,,,,318124,1125.8447,306,,,,,,,,
,,,,,319000,,,-246.28549194335938,-1.5819625854492188,6.042601585388184,246.54495239257812,246.52114868164062,0.0003,0.0003,0.1
,,,,,319124,3093.6423,1000,,,,,,,,
,,,,,319647,1972.6929,523,,,,,,,,
1428.7283,385.56116,2531.1997,1164.5754,390.2,320000,,,-244.54273986816406,-1.4752299785614014,4.307689666748047,244.4417724609375,244.15081787109375,0.0003,0.0003,0.1
,,,,,320010,1339.1282,363,,,,,,,,
,,,,,320322,1171.5724,312,,,,,,,,
,,,,,320879,2093.624,557,,,,,,,,
,,,,,321000,,,-248.83908081054688,-1.4950612783432007,4.187646865844727,248.7687225341797,248.6440887451172,0.0003,0.0003,0.1
,,,,,321266,1444.1871,387,,,,,,,,
,,,,,321683,1597.6576,417,,,,,,,,
,,,,,322000,,,-252.61251831054688,-1.5768007040023804,3.6772403717041016,252.708251953125,252.49729919433594,0.0003,0.0003,0.1
,,,,,322134,1664.4766,451,,,,,,,,
,,,,,322528,1506.7639,394,,,,,,,,
,,,,,323000,,,-239.6739501953125,-2.0054831504821777,6.015989780426025,239.1605224609375,239.2210693359375,0.0003,0.0003,0.1
,,,,,323181,2472.3984,653,,,,,,,,
,,,,,323498,1144.4749,317,,,,,,,,
,,,,,323820,1212.2345,322,,,,,,,,
,,,,,324000,,,-237.33535766601562,-1.5577706098556519,4.228734493255615,237.39437866210938,237.3411865234375,0.0003,0.0003,0.1
,,,,,324203,1430.3226,383,,,,,,,,
,,,,,324517,1161.7633,314,,,,,,,,
,,,,,324927,1561.4441,410,,,,,,,,
1300.5251,175.09592,1565.1674,1018.959,352.9,325000,,,-243.67222595214844,-1.4887481927871704,5.6309661865234375,243.42686462402344,243.54629516601562,0.0003,0.0003,0.1
,,,,,325326,1517.3467,399,,,,,,,,
,,,,,325642,1129.9579,316,,,,,,,,
,,,,,325995,1261.4124,353,,,,,,,,
,,,,,326000,,,-245.05181884765625,-1.6155190467834473,5.004639148712158,244.13131713867188,243.91014099121094,0.0003,0.0003,0.1
,,,,,326475,1803.0294,480,,,,,,,,
,,,,,327000,,,-247.57003784179688,-1.5390310287475586,4.490610599517822,246.4132080078125,246.41632080078125,0.0003,0.0003,0.1
,,,,,327029,2078.0884,554,,,,,,,,
,,,,,327296,979.64355,267,,,,,,,,
,,,,,327724,1576.4448,428,,,,,,,,
,,,,,328000,,,-243.60069274902344,-1.7373943328857422,3.0059733390808105,243.3778076171875,243.38986206054688,0.0003,0.0003,0.1
,,,,,328144,1579.2242,420,,,,,,,,
,,,,,328460,1167.1786,316,,,,,,,,
,,,,,328744,1015.4208,284,,,,,,,,
,,,,,329000,,,-248.80133056640625,-1.3894309997558594,4.471839904785156,248.17059326171875,248.2216796875,0.0003,0.0003,0.1
,,,,,329158,1561.3796,414,,,,,,,,
,,,,,329475,1181.9742,317,,,,,,,,
,,,,,329821,1278.146,346,,,,,,,,
1129.2786,171.27623,1595.0282,959.02344,303.3,330000,,,-245.48719787597656,-1.5804526805877686,4.349833011627197,244.333251953125,244.26376342773438,0.0003,0.0003,0.1
,,,,,330141,1200.9487,320,,,,,,,,
,,,,,330545,1511.7538,404,,,,,,,,
,,,,,330902,1336.8367,357,,,,,,,,
,,,,,331000,,,-246.39344787597656,-1.5773484706878662,38.223201751708984,246.12869262695312,246.35157775878906,0.0003,0.0003,0.1
,,,,,331356,1760.1809,454,,,,,,,,
,,,,,331678,1201.2905,322,,,,,,,,
,,,,,332000,,,-242.24755859375,-1.544647455215454,4.579477787017822,241.9189910888672,241.84075927734375,0.0003,0.0003,0.1
,,,,,332008,1225.3645,330,,,,,,,,
,,,,,332312,1149.4137,304,,,,,,,,
,,,,,332627,1178.6323,315,,,,,,,,
,,,,,332983,1313.2295,356,,,,,,,,
,,,,,333000,,,-249.93991088867188,-1.5038466453552246,3.619931221008301,249.27687072753906,249.25491333007812,0.0003,0.0003,0.1
,,,,,333404,1568.3958,421,,,,,,,,
,,,,,333815,1565.9193,411,,,,,,,,
,,,,,334000,,,-251.39610290527344,-1.2770330905914307,3.1495323181152344,251.24005126953125,251.38023376464844,0.0003,0.0003,0.1
,,,,,334100,1067.2885,285,,,,,,,,
,,,,,334555,1689.6873,455,,,,,,,,
,,,,,334832,992.12915,277,,,,,,,,
1312.3068,190.2018,1608.1412,973.7401,351.6,335000,,,-252.85098266601562,-1.575939416885376,5.026891708374023,251.61727905273438,251.68067932128906,0.0003,0.0003,0.1
,,,,,335109,1033.2148,277,,,,,,,,
,,,,,335498,1477.5217,389,,,,,,,,
,,,,,335821,1185.0809,323,,,,,,,,
,,,,,336000,,,-257.9615783691406,-1.3951025009155273,3.7322182655334473,257.5903625488281,257.5483093261719,0.0003,0.0003,0.1
,,,,,336172,1297.0359,351,,,,,,,,
,,,,,336439,960.79663,267,,,,,,,,
,,,,,336775,1273.9341,336,,,,,,,,
,,,,,337000,,,-257.31500244140625,-1.3513803482055664,5.197588920593262,257.12005615234375,257.2028503417969,0.0003,0.0003,0.1
,,,,,337111,1253.0112,336,,,,,,,,
,,,,,337579,1769.9155,468,,,,,,,,
,,,,,337938,1353.0787,359,,,,,,,,
,,,,,338000,,,-249.0061798095703,-1.3824596405029297,6.035007476806641,248.38316345214844,248.2650909423828,0.0003,0.0003,0.1
,,,,,338284,1274.4309,346,,,,,,,,
,,,,,338557,1004.94946,273,,,,,,,,
,,,,,338898,1252.6107,341,,,,,,,,
,,,,,339000,,,-243.02777099609375,-1.3901203870773315,3.102360725402832,242.73419189453125,242.63223266601562,0.0003,0.0003,0.1
,,,,,339246,1313.7083,348,,,,,,,,
,,,,,339538,1107.3771,292,,,,,,,,
1240.6603,146.15813,1487.3575,982.73975,332.7,340000,,,-248.8094482421875,-1.374090313911438,7.696333408355713,248.67413330078125,248.829833984375,0.0003,0.0003,0.1
,,,,,340005,1800.5497,467,,,,,,,,
,,,,,340360,1320.9515,355,,,,,,,,
,,,,,340729,1402.25,369,,,,,,,,
,,,,,340997,945.79877,268,,,,,,,,
,,,,,341000,,,-251.24081420898438,-1.5502562522888184,3.730015993118286,250.96499633789062,250.63076782226562,0.0003,0.0003,0.1
,,,,,341315,1182.8162,318,,,,,,,,
,,,,,341709,1541.493,394,,,,,,,,
,,,,,342000,,,-244.57635498046875,-1.4946279525756836,4.915041446685791,244.35562133789062,243.84909057617188,0.0003,0.0003,0.1
,,,,,342265,2015.5986,556,,,,,,,,
,,,,,342583,1153.835,318,,,,,,,,
,,,,,342979,1523.553,396,,,,,,,,
,,,,,343000,,,-252.57540893554688,-1.513126254081726,6.4043779373168945,252.19363403320312,252.26416015625,0.0003,0.0003,0.1
,,,,,343323,1274.2693,344,,,,,,,,
,,,,,343781,1752.0658,458,,,,,,,,
,,,,,344000,,,-254.06373596191406,-1.623548984527588,4.776825904846191,253.90248107910156,253.9832305908203,0.0003,0.0003,0.1
,,,,,344308,2016.5779,527,,,,,,,,
,,,,,344648,1276.5854,340,,,,,,,,
1183.1282,132.98528,1374.7661,958.9081,314.6,345000,,,-246.94586181640625,-1.6564933061599731,3.6081607341766357,247.25387573242188,247.2487335205078,0.0003,0.0003,0.1
,,,,,345119,1838.5463,471,,,,,,,,
,,,,,345466,1318.6512,347,,,,,,,,
,,,,,345823,1331.0321,357,,,,,,,,
,,,,,346000,,,-245.71270751953125,-1.4989442825317383,3.9115304946899414,245.75344848632812,245.85781860351562,0.0003,0.0003,0.1
,,,,,346148,1206.6581,325,,,,,,,,
,,,,,346480,1237.3807,332,,,,,,,,
,,,,,346713,811.8337,233,,,,,,,,
,,,,,347000,,,-254.93862915039062,-1.3537232875823975,4.5591888427734375,254.6165008544922,254.73370361328125,0.0003,0.0003,0.1
,,,,,347063,1300.925,350,,,,,,,,
,,,,,347554,1880.0447,491,,,,,,,,
,,,,,347917,1364.7578,363,,,,,,,,
,,,,,348000,,,-244.61549377441406,-1.504693627357483,4.50297737121582,244.51275634765625,244.64170837402344,0.0003,0.0003,0.1
,,,,,348327,1549.8864,410,,,,,,,,
,,,,,348669,1297.3612,342,,,,,,,,
,,,,,349000,,,-259.12945556640625,-1.2483009099960327,4.042172431945801,257.9036865234375,257.7911376953125,0.0003,0.0003,0.1
,,,,,349141,1805.3427,472,,,,,,,,
,,,,,349451,1174.6952,310,,,,,,,,
,,,,,349753,1157.1783,302,,,,,,,,
1833.308,716.62195,3159.2864,1002.5001,520.4,350000,,,-251.1026153564453,-1.5123637914657593,6.278264045715332,250.93194580078125,250.1811065673828,0.0003,0.0003,0.1
,,,,,350012,921.5837,259,,,,,,,,
,,,,,350405,1507.9995,393,,,,,,,,
,,,,,350864,1780.5297,459,,,,,,,,
,,,,,351000,,,-252.3721466064453,-1.31415593624115,13.555447578430176,251.20565795898438,251.09872436523438,0.0003,0.0003,0.1
,,,,,351179,1194.8873,315,,,,,,,,
,,,,,351529,1350.5082,350,,,,,,,,
,,,,,351932,1549.8683,403,,,,,,,,
,,,,,352000,,,-244.16937255859375,-1.8062036037445068,14.810965538024902,242.71151733398438,243.31080627441406,0.0003,0.0003,0.1
,,,,,352234,1148.016,302,,,,,,,,
,,,,,352513,1024.2881,279,,,,,,,,
,,,,,352865,1320.3953,352,,,,,,,,
,,,,,353000,,,-250.4599151611328,-1.443625569343567,3.7747130393981934,250.17579650878906,250.06314086914062,0.0003,0.0003,0.1
,,,,,353207,1255.7853,342,,,,,,,,
,,,,,353486,1047.7743,279,,,,,,,,
,,,,,353790,1155.8837,304,,,,,,,,
,,,,,354000,,,-254.9901580810547,-1.8074429035186768,2.8762826919555664,254.43490600585938,254.57241821289062,0.0003,0.0003,0.1
,,,,,354122,1258.2666,332,,,,,,,,
,,,,,354406,1066.3285,284,,,,,,,,
,,,,,354779,1425.3584,373,,,,,,,,
1432.6573,304.13547,2014.4304,971.71326,378.0,355000,,,-245.4710693359375,-1.7228455543518066,5.559247970581055,244.65118408203125,245.13943481445312,0.0003,0.0003,0.1
,,,,,355135,1321.372,356,,,,,,,,
,,,,,355607,1722.9218,472,,,,,,,,
,,,,,356000,,,-253.39093017578125,-1.7189124822616577,5.436375141143799,252.5486602783203,252.617919921875,0.0003,0.0003,0.1
,,,,,356020,1562.1946,413,,,,,,,,
,,,,,356384,1376.581,364,,,,,,,,
,,,,,356888,1935.8009,504,,,,,,,,
,,,,,357000,,,-257.2318115234375,-1.7138291597366333,3.528402328491211,256.9242858886719,256.74566650390625,0.0003,0.0003,0.1
,,,,,357246,1348.6946,358,,,,,,,,
,,,,,357617,1414.9581,371,,,,,,,,
,,,,,358000,,,-236.50341796875,-1.3834693431854248,3.3691048622131348,236.10049438476562,236.22413635253906,0.0003,0.0003,0.1
,,,,,358617,3306.5151,1000,,,,,,,,
,,,,,359000,,,-252.5076141357422,-1.7512234449386597,4.4206671714782715,250.68971252441406,250.87081909179688,0.0003,0.0003,0.1
,,,,,359038,1633.4773,421,,,,,,,,
,,,,,359358,1165.8057,320,,,,,,,,
,,,,,359805,1684.8707,447,,,,,,,,
1315.0667,145.14857,1592.6112,1068.4481,345.3,360000,,,-248.16046142578125,-1.636637568473816,4.729623794555664,248.1962890625,248.37342834472656,0.0003,0.0003,0.1
,,,,,360084,1026.2269,279,,,,,,,,
,,,,,360486,1521.5563,402,,,,,,,,
,,,,,360771,1027.1356,285,,,,,,,,
,,,,,361000,,,-245.70928955078125,-1.4765130281448364,4.958534240722656,245.7772216796875,245.9604949951172,0.0003,0.0003,0.1
,,,,,361167,1537.495,396,,,,,,,,
,,,,,361468,1148.6066,301,,,,,,,,
,,,,,361813,1314.3198,345,,,,,,,,
,,,,,362000,,,-248.8031463623047,-1.5479023456573486,4.179743766784668,248.82815551757812,248.82960510253906,0.0003,0.0003,0.1
,,,,,362153,1286.7893,340,,,,,,,,
,,,,,362432,1030.2711,279,,,,,,,,
,,,,,362919,1890.3213,487,,,,,,,,
,,,,,363000,,,-248.3623809814453,-1.578991174697876,9.582517623901367,248.44448852539062,248.2870635986328,0.0003,0.0003,0.1
,,,,,363257,1260.0468,338,,,,,,,,
,,,,,363527,985.599,270,,,,,,,,
,,,,,363812,1068.7286,285,,,,,,,,
,,,,,364000,,,-257.6498107910156,-1.4585320949554443,3.6033947467803955,257.6816711425781,257.32025146484375,0.0003,0.0003,0.1
,,,,,364297,1875.103,485,,,,,,,,
,,,,,364666,1413.8483,369,,,,,,,,
1718.6189,213.89268,1952.3448,1219.7898,449.6,365000,,,-258.53460693359375,-1.8202383518218994,6.004245281219482,258.17388916015625,257.9169921875,0.0003,0.0003,0.1
,,,,,365065,1524.8103,399,,,,,,,,
,,,,,365409,1311.813,344,,,,,,,,
,,,,,365821,1567.9087,412,,,,,,,,
,,,,,366000,,,-256.8023986816406,-1.594217300415039,2.6111903190612793,256.8802185058594,257.00885009765625,0.0003,0.0003,0.1
,,,,,366224,1551.0531,403,,,,,,,,
,,,,,367000,,,-257.1718444824219,-1.485856294631958,4.296730041503906,257.11248779296875,257.3445739746094,0.0003,0.0003,0.1
,,,,,367224,3152.5146,1000,,,,,,,,
,,,,,367508,1055.122,284,,,,,,,,
,,,,,367754,890.9242,246,,,,,,,,
,,,,,368000,,,-256.1650695800781,-1.5644707679748535,4.578549861907959,256.1686096191406,255.84304809570312,0.0003,0.0003,0.1
,,,,,368037,1034.8506,283,,,,,,,,
,,,,,368412,1435.9869,375,,,,,,,,
,,,,,368694,1049.9652,282,,,,,,,,
,,,,,369000,,,-251.21670532226562,-1.7293779850006104,6.076442241668701,250.8693389892578,250.56277465820312,0.0003,0.0003,0.1
,,,,,369052,1343.9366,358,,,,,,,,
,,,,,369317,946.90393,265,,,,,,,,
,,,,,369797,1822.7562,480,,,,,,,,
1319.1476,125.45856,1538.9513,1120.9393,345.8,370000,,,-257.65631103515625,-1.3029268980026245,2.635685682296753,257.53521728515625,257.4533996582031,0.0003,0.0003,0.1
,,,,,370066,977.8934,269,,,,,,,,
,,,,,370433,1403.9475,367,,,,,,,,
,,,,,370793,1373.0139,360,,,,,,,,
,,,,,371000,,,-248.1373291015625,-1.7874627113342285,5.5147504806518555,247.6969451904297,247.75765991210938,0.0003,0.0003,0.1
,,,,,371107,1214.1628,314,,,,,,,,
,,,,,371398,1083.432,291,,,,,,,,
,,,,,371775,1422.6603,377,,,,,,,,
,,,,,372000,,,-259.83404541015625,-1.5266649723052979,8.162763595581055,259.280517578125,259.6204833984375,0.0003,0.0003,0.1
,,,,,372187,1559.6055,412,,,,,,,,
,,,,,372626,1677.1914,439,,,,,,,,
,,,,,372974,1324.0197,348,,,,,,,,
,,,,,373000,,,-257.1680603027344,-1.862984299659729,6.322161674499512,256.9341735839844,256.7893371582031,0.0003,0.0003,0.1
,,,,,373974,3251.4023,1000,,,,,,,,
,,,,,374000,,,-258.5645446777344,-1.5360859632492065,6.063812732696533,258.4527282714844,258.35699462890625,0.0003,0.0003,0.1
,,,,,374265,1082.9977,291,,,,,,,,
,,,,,374662,1466.5924,397,,,,,,,,
987.38165,62.25299,1091.8392,876.963,270.3,375000,,,-260.4428405761719,-1.591387152671814,17.054039001464844,259.88885498046875,259.6017150878906,0.0003,0.0003,0.1
,,,,,375021,1379.24,359,,,,,,,,
,,,,,375390,1388.7537,369,,,,,,,,
,,,,,375797,1556.704,407,,,,,,,,
,,,,,376000,,,-255.05615234375,-1.6162328720092773,5.478644847869873,254.1573944091797,254.033203125,0.0003,0.0003,0.1
,,,,,376162,1407.4336,365,,,,,,,,
,,,,,376459,1112.7007,297,,,,,,,,
,,,,,376879,1584.4639,420,,,,,,,,
,,,,,377000,,,-259.4379577636719,-1.5354177951812744,4.184621334075928,259.460693359375,259.6325378417969,0.0003,0.0003,0.1
,,,,,377204,1224.8247,325,,,,,,,,
,,,,,377625,1601.663,421,,,,,,,,
,,,,,377966,1286.9244,341,,,,,,,,
,,,,,378000,,,-255.62974548339844,-1.6108183860778809,9.289224624633789,254.3160858154297,253.943603515625,0.0003,0.0003,0.1
,,,,,378378,1576.221,412,,,,,,,,
,,,,,378708,1233.0613,330,,,,,,,,
,,,,,379000,,,-249.4587860107422,-1.7322990894317627,6.343881607055664,249.36660766601562,249.32882690429688,0.0003,0.0003,0.1
,,,,,379117,1559.9579,409,,,,,,,,
,,,,,379455,1305.3016,338,,,,,,,,
,,,,,379803,1320.8317,348,,,,,,,,
1255.0033,216.21346,1585.781,963.28796,327.9,380000,,,-259.1708679199219,-1.474722146987915,2.4543776512145996,259.0048828125,259.024169921875,0.0003,0.0003,0.1
,,,,,380172,1393.3307,369,,,,,,,,
,,,,,380433,958.9492,261,,,,,,,,
,,,,,380690,938.8364,257,,,,,,,,
,,,,,380994,1161.7012,304,,,,,,,,
,,,,,381000,,,-250.2703094482422,-2.0817697048187256,5.121276378631592,249.79345703125,249.94119262695312,0.0003,0.0003,0.1
,,,,,381356,1374.726,362,,,,,,,,
,,,,,381708,1275.8197,352,,,,,,,,
,,,,,381984,998.5659,276,,,,,,,,
,,,,,382000,,,-251.4871826171875,-1.8610247373580933,5.022158145904541,251.04055786132812,250.84913635253906,0.0003,0.0003,0.1
,,,,,382285,1139.5413,301,,,,,,,,
,,,,,382591,1177.379,306,,,,,,,,
,,,,,382965,1425.7573,374,,,,,,,,
,,,,,383000,,,-256.2837829589844,-1.2736692428588867,4.875001907348633,255.79014587402344,256.0416564941406,0.0003,0.0003,0.1
,,,,,383304,1290.0308,339,,,,,,,,
,,,,,383605,1135.5166,301,,,,,,,,
,,,,,383873,970.4925,268,,,,,,,,
,,,,,384000,,,-257.62969970703125,-1.6020437479019165,4.705367088317871,256.15618896484375,256.15826416015625,0.0003,0.0003,0.1
,,,,,384154,1034.8804,281,,,,,,,,
,,,,,384461,1147.5232,307,,,,,,,,
,,,,,384942,1844.6167,481,,,,,,,,
1076.5669,119.72436,1227.8341,875.691,292.1,385000,,,-264.5831604003906,-1.163027048110962,3.541666030883789,264.5675354003906,264.3941955566406,0.0003,0.0003,0.1
,,,,,385272,1255.1324,330,,,,,,,,
,,,,,385668,1545.6597,396,,,,,,,,
,,,,,385947,1031.2441,279,,,,,,,,
,,,,,386000,,,-255.62319946289062,-1.418211817741394,3.5084710121154785,255.47793579101562,255.6167755126953,0.0003,0.0003,0.1
,,,,,386249,1144.6987,302,,,,,,,,
,,,,,386590,1300.5668,341,,,,,,,,
,,,,,386940,1341.2753,350,,,,,,,,
,,,,,387000,,,-256.92279052734375,-1.6821585893630981,3.945657253265381,255.73931884765625,255.79376220703125,0.0003,0.0003,0.1
,,,,,387214,1013.77795,274,,,,,,,,
,,,,,387476,954.13763,262,,,,,,,,
,,,,,387741,978.0343,265,,,,,,,,
,,,,,388000,,,-263.8053283691406,-1.4467182159423828,7.51165771484375,263.2081604003906,262.7626647949219,0.0003,0.0003,0.1
,,,,,388063,1231.659,322,,,,,,,,
,,,,,388407,1299.5525,344,,,,,,,,
,,,,,388754,1333.025,347,,,,,,,,
,,,,,389000,,,-254.457275390625,-1.6595067977905273,8.873016357421875,253.66802978515625,253.78956604003906,0.0003,0.0003,0.1
,,,,,389081,1231.2979,327,,,,,,,,
,,,,,389391,1178.4268,310,,,,,,,,
,,,,,389680,1079.8861,289,,,,,,,,
,,,,,389960,1033.0111,280,,,,,,,,
1106.5334,194.53915,1522.5309,786.90063,298.2,390000,,,-254.74560546875,-1.5343523025512695,5.448492050170898,254.6910858154297,255.0191192626953,0.0003,0.0003,0.1
,,,,,390252,1092.5576,292,,,,,,,,
,,,,,390561,1168.363,309,,,,,,,,
,,,,,390907,1308.5519,346,,,,,,,,
,,,,,391000,,,-255.52085876464844,-1.634375810623169,5.1714606285095215,255.29296875,255.53842163085938,0.0003,0.0003,0.1
,,,,,391232,1239.744,325,,,,,,,,
,,,,,391548,1203.0017,316,,,,,,,,
,,,,,391815,974.21906,267,,,,,,,,
,,,,,392000,,,-259.9173889160156,-1.65016770362854,3.087891101837158,258.6965026855469,258.79840087890625,0.0003,0.0003,0.1
,,,,,392143,1266.3558,328,,,,,,,,
,,,,,392451,1176.7294,308,,,,,,,,
,,,,,393000,,,-258.57183837890625,-1.6195276975631714,3.2854814529418945,257.5130615234375,257.42791748046875,0.0003,0.0003,0.1
,,,,,393029,2187.2832,578,,,,,,,,
,,,,,393429,1546.2683,400,,,,,,,,
,,,,,393844,1572.5153,415,,,,,,,,
,,,,,394000,,,-260.947509765625,-1.8113003969192505,6.4426679611206055,259.736328125,259.7342529296875,0.0003,0.0003,0.1
,,,,,394185,1281.2477,341,,,,,,,,
,,,,,394631,1699.9432,446,,,,,,,,
,,,,,394948,1214.5944,317,,,,,,,,
1276.033,129.82426,1507.3271,1001.1578,335.1,395000,,,-255.40167236328125,-1.554123878479004,4.997377395629883,254.29745483398438,253.96456909179688,0.0003,0.0003,0.1
,,,,,395263,1214.5645,315,,,,,,,,
,,,,,395611,1326.1133,348,,,,,,,,
,,,,,395957,1302.9303,346,,,,,,,,
,,,,,396000,,,-260.65802001953125,-2.0487558841705322,5.464493751525879,260.7426452636719,260.50054931640625,0.0003,0.0003,0.1
,,,,,396314,1359.164,357,,,,,,,,
,,,,,396662,1303.2023,348,,,,,,,,
,,,,,396974,1186.288,312,,,,,,,,
,,,,,397000,,,-256.46966552734375,-1.9570648670196533,6.278909683227539,256.3554992675781,257.2607116699219,0.0003,0.0003,0.1
,,,,,397314,1282.9374,340,,,,,,,,
,,,,,397709,1508.2535,395,,,,,,,,
,,,,,398000,,,-255.7952423095703,-1.5884981155395508,4.036792278289795,255.6039276123047,256.03759765625,0.0003,0.0003,0.1
,,,,,398094,1471.7139,385,,,,,,,,
,,,,,398405,1172.8723,311,,,,,,,,
,,,,,398760,1332.0862,355,,,,,,,,
,,,,,399000,,,-260.2654113769531,-1.5116877555847168,5.705021381378174,259.7640075683594,259.5771484375,0.0003,0.0003,0.1
,,,,,399095,1284.565,335,,,,,,,,
,,,,,399488,1513.3956,393,,,,,,,,
,,,,,399907,1605.5409,419,,,,,,,,
1358.7266,114.831154,1595.9425,1203.3411,360.4,400000,,,-254.42152404785156,-1.2427589893341064,4.7803144454956055,254.47291564941406,254.1890411376953,0.0003,0.0003,0.1
,,,,,400270,1348.9745,363,,,,,,,,
,,,,,400704,1676.124,434,,,,,,,,
,,,,,401000,,,-261.0629577636719,-1.4648176431655884,3.2993457317352295,260.9687805175781,261.136474609375,0.0003,0.0003,0.1
,,,,,401024,1235.7107,320,,,,,,,,
,,,,,401367,1303.255,343,,,,,,,,
,,,,,401698,1272.4304,331,,,,,,,,
,,,,,401961,960.7294,263,,,,,,,,
,,,,,402000,,,-264.5417785644531,-1.339877724647522,5.712946891784668,264.4224548339844,264.939208984375,0.0003,0.0003,0.1
,,,,,402256,1114.6729,295,,,,,,,,
,,,,,402514,947.329,258,,,,,,,,
,,,,,402846,1256.7876,332,,,,,,,,
,,,,,403000,,,-260.06683349609375,-1.351798176765442,3.2996888160705566,260.09619140625,259.80853271484375,0.0003,0.0003,0.1
,,,,,403168,1211.1007,322,,,,,,,,
,,,,,403432,973.9789,264,,,,,,,,
,,,,,403726,1105.6105,294,,,,,,,,
,,,,,404000,,,-251.78160095214844,-1.5681102275848389,3.850266695022583,251.4586639404297,251.70880126953125,0.0003,0.0003,0.1
,,,,,404130,1564.6041,404,,,,,,,,
,,,,,404459,1216.3374,329,,,,,,,,
,,,,,404753,1125.9374,294,,,,,,,,
1230.7983,134.62643,1481.1141,972.4668,325.5,405000,,,-251.93734741210938,-1.349213719367981,3.1047439575195312,251.9239501953125,252.180419921875,0.0003,0.0003,0.1
,,,,,405079,1259.315,326,,,,,,,,
,,,,,405373,1104.7086,294,,,,,,,,
,,,,,405707,1273.2523,334,,,,,,,,
,,,,,405969,977.2164,262,,,,,,,,
,,,,,406000,,,-266.0739440917969,-1.4199109077453613,5.585724353790283,263.6867980957031,263.69580078125,0.0003,0.0003,0.1
,,,,,406194,779.8976,225,,,,,,,,
,,,,,406459,975.8167,265,,,,,,,,
,,,,,406753,1097.2384,294,,,,,,,,
,,,,,407000,,,-258.88861083984375,-1.5050318241119385,3.1735999584198,258.860595703125,258.65899658203125,0.0003,0.0003,0.1
,,,,,407058,1166.3838,305,,,,,,,,
,,,,,407318,948.17834,260,,,,,,,,
,,,,,407583,994.59247,265,,,,,,,,
,,,,,407840,939.85736,257,,,,,,,,
,,,,,408000,,,-254.61880493164062,-1.4538426399230957,3.7391011714935303,254.58218383789062,254.6520538330078,0.0003,0.0003,0.1
,,,,,408119,1036.8082,279,,,,,,,,
,,,,,408392,1017.47266,273,,,,,,,,
,,,,,408715,1241.675,323,,,,,,,,
,,,,,408966,922.0121,251,,,,,,,,
,,,,,409000,,,-260.2709045410156,-1.513292908668518,3.5358529090881348,260.1917419433594,260.0047302246094,0.0003,0.0003,0.1
,,,,,409241,1022.8013,275,,,,,,,,
,,,,,409500,947.2384,259,,,,,,,,
,,,,,409778,1041.2157,278,,,,,,,,
1387.9384,194.11559,1752.438,987.66724,361.6,410000,,,-257.38739013671875,-1.2725207805633545,5.27801513671875,256.7427673339844,256.58367919921875,0.0003,0.0003,0.1
,,,,,410051,1002.9458,273,,,,,,,,
,,,,,410395,1301.4209,344,,,,,,,,
,,,,,410690,1121.6348,295,,,,,,,,
,,,,,411000,,,-258.8371887207031,-1.4381473064422607,2.2131192684173584,258.5921936035156,258.67242431640625,0.0003,0.0003,0.1
,,,,,411014,1238.9005,324,,,,,,,,
,,,,,411312,1116.6652,298,,,,,,,,
,,,,,411597,1074.1327,285,,,,,,,,
,,,,,411933,1291.588,336,,,,,,,,
,,,,,412000,,,-260.03240966796875,-1.3213741779327393,5.0628862380981445,259.67840576171875,259.7313232421875,0.0003,0.0003,0.1
,,,,,412220,1073.7286,287,,,,,,,,
,,,,,412554,1271.1743,334,,,,,,,,
,,,,,412895,1282.3761,341,,,,,,,,
,,,,,413000,,,-267.865478515625,-1.7273696660995483,5.821512699127197,267.63775634765625,268.1922607421875,0.0003,0.0003,0.1
,,,,,413225,1244.7156,330,,,,,,,,
,,,,,413551,1259.083,326,,,,,,,,
,,,,,413864,1201.8762,313,,,,,,,,
,,,,,414000,,,-266.73748779296875,-1.5830018520355225,5.146390914916992,266.6037902832031,266.8658142089844,0.0003,0.0003,0.1
,,,,,414130,987.44604,266,,,,,,,,
,,,,,414524,1535.7787,394,,,,,,,,
,,,,,414919,1506.4131,395,,,,,,,,
1343.7893,183.4277,1627.4142,1092.1499,351.4,415000,,,-258.4145812988281,-1.635441541671753,7.135861873626709,257.69512939453125,257.87738037109375,0.0003,0.0003,0.1
,,,,,415256,1282.8219,337,,,,,,,,
,,,,,415595,1290.7661,339,,,,,,,,
,,,,,415903,1185.5983,308,,,,,,,,
,,,,,416000,,,-263.12518310546875,-1.5686442852020264,6.109988212585449,262.50286865234375,263.0812072753906,0.0003,0.0003,0.1
,,,,,416252,1324.9137,349,,,,,,,,
,,,,,416541,1088.155,289,,,,,,,,
,,,,,416874,1236.7214,333,,,,,,,,
,,,,,417000,,,-265.416259765625,-1.2644307613372803,3.0216264724731445,265.42242431640625,265.4615478515625,0.0003,0.0003,0.1
,,,,,417292,1597.7535,418,,,,,,,,
,,,,,417630,1299.0298,338,,,,,,,,
,,,,,417952,1233.3699,322,,,,,,,,
,,,,,418000,,,-262.9993591308594,-1.496551752090454,6.331098556518555,262.6526794433594,262.88665771484375,0.0003,0.0003,0.1
,,,,,418250,1124.6737,298,,,,,,,,
,,,,,418670,1597.649,420,,,,,,,,
,,,,,418996,1230.6682,326,,,,,,,,
,,,,,419000,,,-260.4829406738281,-1.5084301233291626,7.064566612243652,259.6015930175781,259.8370056152344,0.0003,0.0003,0.1
,,,,,419320,1230.0873,324,,,,,,,,
,,,,,419587,993.7257,267,,,,,,,,
,,,,,419929,1321.4257,342,,,,,,,,
1326.1619,115.75799,1543.5482,1160.3513,348.6,420000,,,-250.67120361328125,-1.526139497756958,9.005663871765137,249.98568725585938,250.11544799804688,0.0003,0.0003,0.1
,,,,,420205,1023.9182,276,,,,,,,,
,,,,,420542,1293.6545,337,,,,,,,,
,,,,,420878,1267.1444,336,,,,,,,,
,,,,,421000,,,-258.2784729003906,-1.1373109817504883,3.352656126022339,258.1771240234375,258.1605529785156,0.0003,0.0003,0.1
,,,,,421155,1029.9122,277,,,,,,,,
,,,,,421527,1456.1444,372,,,,,,,,
,,,,,421868,1311.2212,341,,,,,,,,
,,,,,422000,,,-260.4092712402344,-1.631401777267456,6.249072074890137,259.52593994140625,259.5433654785156,0.0003,0.0003,0.1
,,,,,422197,1237.5475,329,,,,,,,,
,,,,,422498,1139.0999,301,,,,,,,,
,,,,,422750,912.6293,252,,,,,,,,
,,,,,423000,,,-264.7095947265625,-1.6330162286758423,21.738454818725586,264.17022705078125,264.5772705078125,0.0003,0.0003,0.1
,,,,,423092,1320.6447,342,,,,,,,,
,,,,,423421,1259.1383,329,,,,,,,,
,,,,,423676,914.8137,255,,,,,,,,
,,,,,423973,1120.8618,297,,,,,,,,
,,,,,424000,,,-269.7166748046875,-1.5750528573989868,3.8878061771392822,269.79034423828125,269.9684143066406,0.0003,0.0003,0.1
,,,,,424329,1346.753,356,,,,,,,,
,,,,,424631,1165.8914,302,,,,,,,,
,,,,,424981,1347.5985,350,,,,,,,,
1771.4365,448.35153,2753.8647,1201.2974,461.7,425000,,,-262.20166015625,-1.3035898208618164,2.577434778213501,262.3207092285156,262.2575378417969,0.0003,0.0003,0.1
,,,,,425252,1014.56714,271,,,,,,,,
,,,,,425594,1326.8899,342,,,,,,,,
,,,,,425997,1565.7631,403,,,,,,,,
,,,,,426000,,,-260.3153991699219,-1.572758674621582,3.189568042755127,260.2417907714844,259.9320068359375,0.0003,0.0003,0.1
,,,,,426289,1093.9636,292,,,,,,,,
,,,,,426689,1544.672,400,,,,,,,,
,,,,,427000,,,-271.4439697265625,-1.458850622177124,2.4681808948516846,271.4708251953125,271.5232238769531,0.0003,0.0003,0.1
,,,,,427042,1320.0449,353,,,,,,,,
,,,,,427308,970.27057,266,,,,,,,,
,,,,,427620,1200.448,312,,,,,,,,
,,,,,428000,1470.0493,380,,,,,,,,
,,,,,428000,,,-259.1536865234375,-1.5606412887573242,7.452777862548828,258.4903564453125,258.3560485839844,0.0003,0.0003,0.1
,,,,,428438,1673.794,438,,,,,,,,
,,,,,428746,1170.6925,308,,,,,,,,
,,,,,429000,,,-262.7347717285156,-1.3686821460723877,2.8134844303131104,262.5701904296875,262.433349609375,0.0003,0.0003,0.1
,,,,,429045,1156.9993,299,,,,,,,,
,,,,,429334,1079.5491,289,,,,,,,,
,,,,,429743,1570.1521,409,,,,,,,,
1228.399,138.75275,1542.275,969.1714,321.0,430000,,,-262.5126647949219,-1.8489269018173218,3.6754345893859863,262.2138977050781,262.108642578125,0.0003,0.0003,0.1
,,,,,430024,1054.2407,281,,,,,,,,
,,,,,430435,1559.6488,411,,,,,,,,
,,,,,430866,1628.4818,431,,,,,,,,
,,,,,431000,,,-258.64141845703125,-1.6936776638031006,6.212831497192383,257.23712158203125,257.6921081542969,0.0003,0.0003,0.1
,,,,,431216,1339.7843,350,,,,,,,,
,,,,,431551,1274.0394,335,,,,,,,,
,,,,,431893,1260.2759,342,,,,,,,,
,,,,,432000,,,-258.9819030761719,-1.6745789051055908,5.300498962402344,258.5055236816406,258.4664611816406,0.0003,0.0003,0.1
,,,,,432187,1086.3104,294,,,,,,,,
,,,,,432534,1307.8638,347,,,,,,,,
,,,,,432878,1308.1112,344,,,,,,,,
,,,,,433000,,,-263.3271484375,-1.8069337606430054,8.40085506439209,262.8820495605469,262.50982666015625,0.0003,0.0003,0.1
,,,,,433216,1283.0004,338,,,,,,,,
,,,,,433556,1314.8375,340,,,,,,,,
,,,,,433949,1511.4174,393,,,,,,,,
,,,,,434000,,,-259.8297119140625,-1.4871432781219482,3.547574996948242,259.648193359375,259.98858642578125,0.0003,0.0003,0.1
,,,,,434322,1443.0117,373,,,,,,,,
,,,,,434739,1574.306,417,,,,,,,,
1454.1895,295.46548,2069.4446,1037.3146,378.7,435000,,,-267.11395263671875,-1.5554157495498657,3.277895927429199,266.884521484375,267.0611877441406,0.0003,0.0003,0.1
,,,,,435079,1313.908,340,,,,,,,,
,,,,,435359,1042.6776,280,,,,,,,,
,,,,,435747,1463.7175,388,,,,,,,,
,,,,,436000,,,-267.6761474609375,-1.433275580406189,5.26647424697876,267.3331298828125,267.3870849609375,0.0003,0.0003,0.1
,,,,,436036,1085.2415,289,,,,,,,,
,,,,,436313,1031.67,277,,,,,,,,
,,,,,436639,1250.577,326,,,,,,,,
,,,,,436986,1314.7766,347,,,,,,,,
,,,,,437000,,,-257.50872802734375,-1.3471952676773071,5.0372514724731445,257.2753601074219,257.6412658691406,0.0003,0.0003,0.1
,,,,,437299,1196.3726,313,,,,,,,,
,,,,,437603,1150.1129,304,,,,,,,,
,,,,,437831,783.908,228,,,,,,,,
,,,,,438000,,,-257.64947509765625,-1.8401596546173096,4.321834564208984,257.8580017089844,257.4915771484375,0.0003,0.0003,0.1
,,,,,438150,1227.0597,319,,,,,,,,
,,,,,438468,1214.4863,318,,,,,,,,
,,,,,438794,1271.125,326,,,,,,,,
,,,,,439000,,,-259.9638671875,-1.5114425420761108,3.092503309249878,259.8778991699219,259.6902160644531,0.0003,0.0003,0.1
,,,,,439148,1375.1171,354,,,,,,,,
,,,,,439425,1025.6525,277,,,,,,,,
,,,,,439784,1407.789,359,,,,,,,,
1091.8088,125.39561,1344.1559,933.4358,289.0,440000,,,-252.35546875,-1.4653692245483398,3.230490207672119,252.29861450195312,252.46473693847656,0.0003,0.0003,0.1
,,,,,440092,1181.1617,308,,,,,,,,
,,,,,440421,1261.5035,329,,,,,,,,
,,,,,440694,1011.0127,273,,,,,,,,
,,,,,440971,1019.95355,277,,,,,,,,
,,,,,441000,,,-256.72283935546875,-1.6429529190063477,4.143178462982178,256.0166931152344,255.85845947265625,0.0003,0.0003,0.1
,,,,,441305,1282.8512,334,,,,,,,,
,,,,,441636,1256.2507,331,,,,,,,,
,,,,,441952,1221.1545,316,,,,,,,,
,,,,,442000,,,-265.1552429199219,-1.4653112888336182,3.0614819526672363,264.9534912109375,265.0408935546875,0.0003,0.0003,0.1
,,,,,442316,1392.8704,364,,,,,,,,
,,,,,442644,1263.3044,328,,,,,,,,
,,,,,443000,,,-264.9870300292969,-1.4455657005310059,4.4853925704956055,264.8262939453125,264.8560485839844,0.0003,0.0003,0.1
,,,,,443007,1408.9791,363,,,,,,,,
,,,,,443281,1023.3941,274,,,,,,,,
,,,,,443547,985.24084,266,,,,,,,,
,,,,,443796,918.2185,249,,,,,,,,
,,,,,444000,,,-269.7904357910156,-1.6946641206741333,5.958052158355713,269.611572265625,269.0905456542969,0.0003,0.0003,0.1
,,,,,444120,1258.9467,324,,,,,,,,
,,,,,444447,1253.8073,327,,,,,,,,
,,,,,444716,999.65784,269,,,,,,,,
1055.9092,108.69059,1243.8182,860.0452,283.6,445000,,,-271.4051208496094,-1.2771741151809692,4.084004878997803,270.49371337890625,270.5903015136719,0.0003,0.0003,0.1
,,,,,445084,1414.1608,368,,,,,,,,
,,,,,445493,1586.0615,409,,,,,,,,
,,,,,445761,1005.17163,268,,,,,,,,
,,,,,446000,,,-263.1532287597656,-1.4971365928649902,3.7860960960388184,262.901123046875,263.139892578125,0.0003,0.0003,0.1
,,,,,446111,1339.4166,350,,,,,,,,
,,,,,446479,1425.7067,368,,,,,,,,
,,,,,446761,1059.298,282,,,,,,,,
,,,,,447000,,,-264.4234619140625,-1.42514967918396,3.167008638381958,264.43408203125,264.2054443359375,0.0003,0.0003,0.1
,,,,,447111,1343.8344,350,,,,,,,,
,,,,,447537,1611.1975,426,,,,,,,,
,,,,,447858,1236.8914,321,,,,,,,,
,,,,,448000,,,-252.52845764160156,-1.8077722787857056,6.547392845153809,251.2141876220703,251.20025634765625,0.0003,0.0003,0.1
,,,,,448298,1665.3623,440,,,,,,,,
,,,,,448626,1259.362,328,,,,,,,,
,,,,,448950,1251.5385,324,,,,,,,,
,,,,,449000,,,-275.150634765625,-1.5972797870635986,3.0594828128814697,275.14398193359375,275.1061096191406,0.0003,0.0003,0.1
,,,,,449284,1285.8418,334,,,,,,,,
,,,,,449572,1080.4924,288,,,,,,,,
,,,,,449903,1287.5975,331,,,,,,,,
1383.5886,150.57288,1753.8064,1242.1703,357.6,450000,,,-260.711669921875,-1.8337074518203735,3.99299693107605,260.51922607421875,260.1229248046875,0.0003,0.0003,0.1
,,,,,450214,1201.2115,311,,,,,,,,
,,,,,450534,1240.0776,320,,,,,,,,
,,,,,450849,1209.111,315,,,,,,,,
,,,,,451000,,,-268.938232421875,-1.7193373441696167,6.4029459953308105,268.41552734375,268.3253173828125,0.0003,0.0003,0.1
,,,,,451274,1600.6885,425,,,,,,,,
,,,,,451649,1428.4304,375,,,,,,,,
,,,,,451981,1279.5431,332,,,,,,,,
,,,,,452000,,,-266.7860107421875,-1.5198695659637451,2.796748399734497,266.7479248046875,266.99072265625,0.0003,0.0003,0.1
,,,,,452320,1255.8945,339,,,,,,,,
,,,,,452648,1270.7875,328,,,,,,,,
,,,,,452952,1156.9943,304,,,,,,,,
,,,,,453000,,,-269.6570129394531,-1.629656195640564,2.6908135414123535,269.0675048828125,269.2164611816406,0.0003,0.0003,0.1
,,,,,453263,1192.941,311,,,,,,,,
,,,,,453611,1338.8418,348,,,,,,,,
,,,,,453901,1097.8816,290,,,,,,,,
,,,,,454000,,,-264.3504943847656,-1.740485668182373,4.171792030334473,264.4771423339844,264.1304626464844,0.0003,0.0003,0.1
,,,,,454294,1522.2621,393,,,,,,,,
,,,,,454606,1196.232,312,,,,,,,,
,,,,,454938,1291.5432,332,,,,,,,,
1234.362,147.93063,1443.4036,1003.863,322.6,455000,,,-265.71307373046875,-1.4682434797286987,2.9065117835998535,265.603515625,265.80084228515625,0.0003,0.0003,0.1
,,,,,455308,1452.1024,370,,,,,,,,
,,,,,455511,642.9068,203,,,,,,,,
,,,,,455896,1485.6304,385,,,,,,,,
,,,,,456000,,,-259.0199890136719,-1.5458636283874512,5.699948310852051,259.0873718261719,258.8623962402344,0.0003,0.0003,0.1
,,,,,456171,1008.54315,275,,,,,,,,
,,,,,456507,1286.7152,336,,,,,,,,
,,,,,456837,1270.3118,330,,,,,,,,
,,,,,457000,,,-266.5997619628906,-1.5994280576705933,3.7786850929260254,266.3804626464844,266.4052734375,0.0003,0.0003,0.1
,,,,,457126,1073.5366,289,,,,,,,,
,,,,,457432,1193.4497,306,,,,,,,,
,,,,,457756,1247.1198,324,,,,,,,,
,,,,,458000,,,-272.0574951171875,-1.369008183479309,6.213566303253174,271.349609375,271.5469055175781,0.0003,0.0003,0.1
,,,,,458160,1559.5021,404,,,,,,,,
,,,,,458484,1251.6682,324,,,,,,,,
,,,,,458817,1275.3076,333,,,,,,,,
,,,,,459000,,,-257.93548583984375,-1.990952968597412,2.8957037925720215,257.86297607421875,257.9833068847656,0.0003,0.0003,0.1
,,,,,459055,827.80927,238,,,,,,,,
,,,,,459393,1308.3933,338,,,,,,,,
,,,,,459678,1073.4888,285,,,,,,,,
1349.2169,143.70145,1609.8463,1051.6755,351.6,460000,,,-269.1582336425781,-1.565220594406128,3.835031270980835,269.3466491699219,269.16973876953125,0.0003,0.0003,0.1
,,,,,460030,1350.8937,352,,,,,,,,
,,,,,460363,1288.7732,333,,,,,,,,
,,,,,460674,1193.8224,311,,,,,,,,
,,,,,461000,,,-267.5979309082031,-1.2662640810012817,4.850789546966553,267.1502380371094,267.47698974609375,0.0003,0.0003,0.1
,,,,,461019,1319.9141,345,,,,,,,,
,,,,,461552,2035.1927,533,,,,,,,,
,,,,,461904,1349.868,352,,,,,,,,
,,,,,462000,,,-268.1995544433594,-1.9339232444763184,2.7426233291625977,267.7428283691406,267.8926086425781,0.0003,0.0003,0.1
,,,,,462271,1387.462,367,,,,,,,,
,,,,,462627,1329.1031,356,,,,,,,,
,,,,,462986,1377.8878,359,,,,,,,,
,,,,,463000,,,-263.9369812011719,-1.7210009098052979,7.525737285614014,263.3340148925781,263.3468322753906,0.0003,0.0003,0.1
,,,,,463239,938.2446,253,,,,,,,,
,,,,,463595,1337.681,356,,,,,,,,
,,,,,463979,1477.3259,384,,,,,,,,
,,,,,464000,,,-267.7389831542969,-1.4551136493682861,2.9248640537261963,267.41217041015625,267.457763671875,0.0003,0.0003,0.1
,,,,,464348,1394.5079,369,,,,,,,,
,,,,,464694,1328.1089,346,,,,,,,,
,,,,,464948,936.90076,254,,,,,,,,
1460.3425,203.0912,1922.8232,1170.187,382.8,465000,,,-268.73553466796875,-1.4392528533935547,2.9444708824157715,268.47357177734375,268.5031433105469,0.0003,0.0003,0.1
,,,,,465295,1319.2126,347,,,,,,,,
,,,,,465645,1325.3986,350,,,,,,,,
,,,,,465938,1114.3042,293,,,,,,,,
,,,,,466000,,,-264.0914306640625,-1.4848741292953491,26.180627822875977,262.6316833496094,262.7820129394531,0.0003,0.0003,0.1
,,,,,466285,1287.8035,347,,,,,,,,
,,,,,466659,1437.3105,374,,,,,,,,
,,,,,466992,1277.4083,333,,,,,,,,
,,,,,467000,,,-268.132568359375,-1.437066912651062,3.0054450035095215,268.4044189453125,268.2458190917969,0.0003,0.0003,0.1
,,,,,467564,2119.6367,572,,,,,,,,
,,,,,467968,1561.9746,404,,,,,,,,
,,,,,468000,,,-276.486083984375,-1.6409504413604736,13.008118629455566,276.376708984375,276.283447265625,0.0003,0.0003,0.1
,,,,,468303,1295.0757,335,,,,,,,,
,,,,,468638,1275.3622,335,,,,,,,,
,,,,,468993,1325.0336,355,,,,,,,,
,,,,,469000,,,-255.9791259765625,-1.496896505355835,3.6072568893432617,255.92425537109375,256.0450134277344,0.0003,0.0003,0.1
,,,,,469343,1330.7096,350,,,,,,,,
,,,,,469695,1323.5138,352,,,,,,,,
1293.4084,86.23356,1478.41,1193.3464,340.1,470000,,,-269.4075012207031,-1.4835044145584106,4.831966400146484,268.467041015625,268.39788818359375,0.0003,0.0003,0.1
,,,,,470001,1168.5193,306,,,,,,,,
,,,,,470341,1308.1115,340,,,,,,,,
,,,,,470698,1351.3563,357,,,,,,,,
,,,,,471000,,,-264.1263122558594,-1.4380090236663818,3.0967912673950195,264.00543212890625,263.77325439453125,0.0003,0.0003,0.1
,,,,,471038,1282.2653,340,,,,,,,,
,,,,,471374,1284.2975,336,,,,,,,,
,,,,,471728,1352.1047,354,,,,,,,,
,,,,,472000,,,-266.57763671875,-1.6707122325897217,2.9417996406555176,265.5872497558594,265.6514892578125,0.0003,0.0003,0.1
,,,,,472004,1008.9999,276,,,,,,,,
,,,,,472398,1525.6812,394,,,,,,,,
,,,,,472738,1311.4567,340,,,,,,,,
,,,,,473000,,,-267.4570617675781,-1.369701862335205,4.2721734046936035,267.2193908691406,267.3282470703125,0.0003,0.0003,0.1
,,,,,473112,1453.6339,374,,,,,,,,
,,,,,473389,1012.1345,277,,,,,,,,
,,,,,473730,1315.5975,341,,,,,,,,
,,,,,474000,,,-269.70965576171875,-1.2876942157745361,2.748292922973633,269.5848388671875,270.000244140625,0.0003,0.0003,0.1
,,,,,474150,1584.1903,420,,,,,,,,
,,,,,474554,1581.6367,404,,,,,,,,
,,,,,474888,1288.4072,334,,,,,,,,
1376.6057,103.441864,1608.3569,1271.708,359.8,475000,,,-272.0184020996094,-1.422926902770996,10.557061195373535,271.7325439453125,271.73095703125,0.0003,0.0003,0.1
,,,,,475226,1306.4106,338,,,,,,,,
,,,,,475589,1380.5977,363,,,,,,,,
,,,,,475938,1318.1516,349,,,,,,,,
,,,,,476000,,,-275.3034362792969,-1.5845872163772583,4.163841247558594,274.9508972167969,275.34698486328125,0.0003,0.0003,0.1
,,,,,476234,1129.7025,296,,,,,,,,
,,,,,476566,1276.3708,332,,,,,,,,
,,,,,476897,1257.9678,331,,,,,,,,
,,,,,477000,,,-268.91192626953125,-1.9294739961624146,3.1720573902130127,268.7845458984375,268.69140625,0.0003,0.0003,0.1
,,,,,477234,1288.8126,337,,,,,,,,
,,,,,477589,1351.055,355,,,,,,,,
,,,,,477856,983.14557,267,,,,,,,,
,,,,,478000,,,-270.7081298828125,-1.3208099603652954,3.193608283996582,270.83447265625,270.9476318359375,0.0003,0.0003,0.1
,,,,,478179,1203.8208,323,,,,,,,,
,,,,,478520,1312.767,341,,,,,,,,
,,,,,478830,1177.8807,310,,,,,,,,
,,,,,479000,,,-260.8531188964844,-1.2043802738189697,14.187859535217285,261.01837158203125,260.7751159667969,0.0003,0.0003,0.1
,,,,,479206,1482.9102,376,,,,,,,,
,,,,,479557,1348.3436,351,,,,,,,,
,,,,,479929,1445.394,372,,,,,,,,
1261.1743,105.28322,1365.3496,1060.9502,328.6,480000,,,-263.122314453125,-1.2817755937576294,2.1532607078552246,263.1922607421875,263.25408935546875,0.0003,0.0003,0.1
,,,,,480341,1619.0674,412,,,,,,,,
,,,,,480702,1393.5789,361,,,,,,,,
,,,,,481000,,,-279.3811340332031,-1.350953221321106,6.371541976928711,278.619384765625,278.80523681640625,0.0003,0.0003,0.1
,,,,,481030,1291.5785,328,,,,,,,,
,,,,,481394,1381.2831,364,,,,,,,,
,,,,,481770,1449.9568,376,,,,,,,,
,,,,,482000,,,-272.2335510253906,-1.6618850231170654,2.7568390369415283,272.0578918457031,272.02978515625,0.0003,0.0003,0.1
,,,,,482115,1325.2817,345,,,,,,,,
,,,,,482486,1417.1001,371,,,,,,,,
,,,,,482826,1301.7855,340,,,,,,,,
,,,,,483000,,,-263.1867980957031,-1.6094207763671875,2.3136942386627197,262.78070068359375,262.7361755371094,0.0003,0.0003,0.1
,,,,,483158,1246.4342,332,,,,,,,,
,,,,,483509,1346.0414,351,,,,,,,,
,,,,,483851,1325.2982,342,,,,,,,,
,,,,,484000,,,-266.3243713378906,-1.9957706928253174,6.810739517211914,265.9141540527344,265.5813903808594,0.0003,0.0003,0.1
,,,,,484199,1335.4098,348,,,,,,,,
,,,,,484551,1341.4514,352,,,,,,,,
,,,,,484895,1300.5736,344,,,,,,,,
1262.8927,87.719666,1346.3728,1021.5224,332.6,485000,,,-269.9811706542969,-1.3646053075790405,9.819478988647461,269.3064270019531,268.9979248046875,0.0003,0.0003,0.1
,,,,,485453,2102.788,558,,,,,,,,
,,,,,485836,1480.4061,383,,,,,,,,
,,,,,486000,,,-268.4586486816406,-1.0939525365829468,2.8319296836853027,268.46466064453125,268.53399658203125,0.0003,0.0003,0.1
,,,,,486168,1224.9237,332,,,,,,,,
,,,,,486681,1973.0443,513,,,,,,,,
,,,,,486997,1217.3772,316,,,,,,,,
,,,,,487000,,,-269.21307373046875,-1.428218126296997,4.751763343811035,268.86822509765625,268.87762451171875,0.0003,0.0003,0.1
,,,,,487363,1404.397,366,,,,,,,,
,,,,,487690,1248.4761,327,,,,,,,,
,,,,,488000,,,-269.6859130859375,-1.6459848880767822,5.534459590911865,269.3607482910156,269.5535888671875,0.0003,0.0003,0.1
,,,,,488080,1512.893,390,,,,,,,,
,,,,,488550,1812.7751,470,,,,,,,,
,,,,,488948,1537.8097,398,,,,,,,,
,,,,,489000,,,-274.3783874511719,-1.3826065063476562,5.382082462310791,274.298828125,274.1224670410156,0.0003,0.0003,0.1
,,,,,489306,1377.3699,358,,,,,,,,
,,,,,489695,1533.7104,389,,,,,,,,
1602.5233,227.61668,1986.0314,1243.1232,429.0,490000,,,-267.4119567871094,-1.463420033454895,4.573941230773926,267.3392028808594,267.0817565917969,0.0003,0.0003,0.1
,,,,,490046,1336.5723,351,,,,,,,,
,,,,,490431,1477.4955,385,,,,,,,,
,,,,,490761,1266.3336,330,,,,,,,,
,,,,,491000,,,-266.0039978027344,-1.3604552745819092,3.545175552368164,265.9445495605469,265.937744140625,0.0003,0.0003,0.1
,,,,,491082,1248.1287,321,,,,,,,,
,,,,,491482,1556.4652,400,,,,,,,,
,,,,,491830,1329.3978,348,,,,,,,,
,,,,,492000,,,-272.8938903808594,-1.6447890996932983,3.015580654144287,272.619384765625,272.55731201171875,0.0003,0.0003,0.1
,,,,,492220,1510.2733,390,,,,,,,,
,,,,,492585,1402.6785,365,,,,,,,,
,,,,,492991,1576.0814,406,,,,,,,,
,,,,,493000,,,-270.6911315917969,-1.6276615858078003,12.914135932922363,269.2135009765625,269.5246887207031,0.0003,0.0003,0.1
,,,,,493410,1639.2815,419,,,,,,,,
,,,,,493854,1712.8641,444,,,,,,,,
,,,,,494000,,,-268.5812683105469,-1.3312890529632568,3.8901524543762207,267.9115905761719,267.9974365234375,0.0003,0.0003,0.1
,,,,,494268,1574.3577,414,,,,,,,,
,,,,,494621,1373.8252,353,,,,,,,,
,,,,,494975,1343.8528,354,,,,,,,,
1429.7766,154.28464,1839.4298,1286.3335,374.6,495000,,,-271.2398986816406,-1.5036028623580933,3.296290159225464,271.376708984375,270.96453857421875,0.0003,0.0003,0.1
,,,,,495340,1386.7374,365,,,,,,,,
,,,,,495692,1331.112,352,,,,,,,,
,,,,,496000,,,-270.311279296875,-1.1328532695770264,2.891638994216919,270.2569580078125,270.48028564453125,0.0003,0.0003,0.1
,,,,,496111,1604.1459,419,,,,,,,,
,,,,,496471,1374.7347,360,,,,,,,,
,,,,,497000,,,-271.92718505859375,-1.4856325387954712,3.02246356010437,272.35577392578125,272.1396179199219,0.0003,0.0003,0.1
,,,,,497144,2504.9932,673,,,,,,,,
,,,,,497543,1557.4297,399,,,,,,,,
,,,,,498000,,,-266.35296630859375,-1.4528628587722778,4.800217628479004,266.8211669921875,266.8909606933594,0.0003,0.0003,0.1
,,,,,498228,2588.4192,685,,,,,,,,
,,,,,498602,1440.3118,374,,,,,,,,
,,,,,499000,,,-268.3648986816406,-1.1705950498580933,4.176363945007324,268.0684814453125,268.3621826171875,0.0003,0.0003,0.1
,,,,,499062,1795.852,460,,,,,,,,
,,,,,499438,1448.2057,376,,,,,,,,
,,,,,499781,1302.7935,343,,,,,,,,
