Eval_AverageReturn,Eval_StdReturn,Eval_MaxReturn,Eval_MinReturn,Eval_AverageEpLen,step,Train_EpisodeReturn,Train_EpisodeLen,critic_loss,q_values,target_values,grad_norm,epsilon,lr
-733.712,306.47183,-409.05066,-1494.8821,116.3,0,,,,,,,,
,,,,,76,-372.2583,77,,,,,,
,,,,,158,-341.1134,82,,,,,,
,,,,,235,-296.12015,77,,,,,,
,,,,,355,-252.81778,120,,,,,,
,,,,,443,-126.107605,88,,,,,,
,,,,,559,-178.4506,116,,,,,,
,,,,,648,-53.41285,89,,,,,,
,,,,,711,-105.73633,63,,,,,,
,,,,,803,-297.6892,92,,,,,,
,,,,,928,-243.16916,125,,,,,,
,,,,,1024,-102.79261,96,,,,,,
,,,,,1119,-193.62381,95,,,,,,
,,,,,1254,-410.96933,135,,,,,,
,,,,,1345,-395.8292,91,,,,,,
,,,,,2345,95.33747,1000,,,,,,
,,,,,2425,-272.5561,80,,,,,,
,,,,,2531,-353.24316,106,,,,,,
,,,,,2627,-107.967896,96,,,,,,
,,,,,2687,-61.27767,60,,,,,,
,,,,,2776,-333.2558,89,,,,,,
,,,,,2906,-339.23566,130,,,,,,
,,,,,2989,-340.82755,83,,,,,,
,,,,,3073,-319.1463,84,,,,,,
,,,,,3166,-39.920135,93,,,,,,
,,,,,3236,-177.97238,70,,,,,,
,,,,,3311,-175.13068,75,,,,,,
,,,,,3395,-460.18546,84,,,,,,
,,,,,3529,-98.928635,134,,,,,,
,,,,,3600,-56.9242,71,,,,,,
,,,,,3708,-269.1496,108,,,,,,
,,,,,3798,-254.88316,90,,,,,,
,,,,,3919,-96.49904,121,,,,,,
,,,,,3991,-98.57979,72,,,,,,
,,,,,4056,-232.2356,65,,,,,,
,,,,,4150,-307.51788,94,,,,,,
,,,,,4216,-127.594406,66,,,,,,
,,,,,4286,-114.447784,70,,,,,,
,,,,,4397,-420.54358,111,,,,,,
,,,,,4483,-152.4952,86,,,,,,
,,,,,4569,-361.88306,86,,,,,,
,,,,,4670,-422.93243,101,,,,,,
,,,,,4744,-207.72388,74,,,,,,
,,,,,4805,-181.82187,61,,,,,,
,,,,,4875,-121.447174,70,,,,,,
,,,,,5022,-62.788124,147,,,,,,
,,,,,5123,-310.51697,101,,,,,,
,,,,,5198,-177.61789,75,,,,,,
,,,,,5325,-459.20868,127,,,,,,
,,,,,5412,-92.18892,87,,,,,,
,,,,,5554,-140.71375,142,,,,,,
,,,,,5671,-253.85197,117,,,,,,
,,,,,5733,-71.57948,62,,,,,,
,,,,,5797,-124.13521,64,,,,,,
,,,,,5866,-127.55204,69,,,,,,
,,,,,5930,-98.31974,64,,,,,,
,,,,,6001,-170.36829,71,,,,,,
,,,,,6114,-209.18571,113,,,,,,
,,,,,6212,-117.04585,98,,,,,,
,,,,,6286,-88.52057,74,,,,,,
,,,,,6379,-130.66573,93,,,,,,
,,,,,6487,-286.8763,108,,,,,,
,,,,,6573,-87.04599,86,,,,,,
,,,,,6646,-49.97185,73,,,,,,
,,,,,6731,-175.8812,85,,,,,,
,,,,,6844,-439.44006,113,,,,,,
,,,,,6939,-372.31015,95,,,,,,
,,,,,7033,-249.93932,94,,,,,,
,,,,,7125,-44.767746,92,,,,,,
,,,,,7219,-127.72128,94,,,,,,
,,,,,7333,-241.64972,114,,,,,,
,,,,,7420,-408.1933,87,,,,,,
,,,,,7524,-85.13976,104,,,,,,
,,,,,7624,-158.72827,100,,,,,,
,,,,,7735,-440.2673,111,,,,,,
,,,,,7812,-435.18976,77,,,,,,
,,,,,7944,-115.267815,132,,,,,,
,,,,,8007,-143.30312,63,,,,,,
,,,,,8132,-306.63647,125,,,,,,
,,,,,8255,-524.88556,123,,,,,,
,,,,,8362,-108.84364,107,,,,,,
,,,,,8456,-89.661194,94,,,,,,
,,,,,8540,-87.57036,84,,,,,,
,,,,,8622,38.94545,82,,,,,,
,,,,,8715,-134.6096,93,,,,,,
,,,,,8795,-189.73096,80,,,,,,
,,,,,8885,-123.17559,90,,,,,,
,,,,,9016,-111.48874,131,,,,,,
,,,,,9093,-95.0513,77,,,,,,
,,,,,9154,-268.9762,61,,,,,,
,,,,,9243,-108.35791,89,,,,,,
,,,,,9359,-184.88431,116,,,,,,
,,,,,9457,-423.2581,98,,,,,,
,,,,,9564,-347.65027,107,,,,,,
,,,,,9646,-101.16672,82,,,,,,
,,,,,9777,-85.231995,131,,,,,,
,,,,,9878,-101.999825,101,,,,,,
,,,,,9958,-101.85858,80,,,,,,
-819.7282,492.3436,-431.7201,-2145.9536,103.4,10000,,,,,,,,
,,,,,10074,-119.28417,116,,,,,,
,,,,,10179,-353.03882,105,,,,,,
,,,,,10236,-112.634056,57,,,,,,
,,,,,10299,-107.5525,63,,,,,,
,,,,,10420,-386.41922,121,,,,,,
,,,,,10505,-381.42978,85,,,,,,
,,,,,10574,-218.5399,69,,,,,,
,,,,,10692,-172.44714,118,,,,,,
,,,,,10870,-186.58148,178,,,,,,
,,,,,10960,-175.18045,90,,,,,,
,,,,,11058,-163.68198,98,,,,,,
,,,,,11125,-90.62969,67,,,,,,
,,,,,11225,-166.44478,100,,,,,,
,,,,,11315,-518.85034,90,,,,,,
,,,,,11387,-128.72392,72,,,,,,
,,,,,11455,-83.49389,68,,,,,,
,,,,,11522,-99.4324,67,,,,,,
,,,,,11616,-302.47598,94,,,,,,
,,,,,11692,-183.94675,76,,,,,,
,,,,,11810,-104.00353,118,,,,,,
,,,,,11923,-403.90408,113,,,,,,
,,,,,12015,-256.85135,92,,,,,,
,,,,,12081,-59.573967,66,,,,,,
,,,,,12153,-200.45854,72,,,,,,
,,,,,12245,-461.7799,92,,,,,,
,,,,,12309,-85.71765,64,,,,,,
,,,,,12382,-106.383545,73,,,,,,
,,,,,12472,-252.89688,90,,,,,,
,,,,,12536,-88.80708,64,,,,,,
,,,,,12642,-178.99884,106,,,,,,
,,,,,12711,-234.10011,69,,,,,,
,,,,,12809,-90.036545,98,,,,,,
,,,,,12934,-47.352215,125,,,,,,
,,,,,13051,-296.2033,117,,,,,,
,,,,,13131,-106.180695,80,,,,,,
,,,,,13218,-487.46402,87,,,,,,
,,,,,13296,-93.52359,78,,,,,,
,,,,,13375,-95.75534,79,,,,,,
,,,,,13470,-423.83136,95,,,,,,
,,,,,13586,-203.40656,116,,,,,,
,,,,,13703,-355.34332,117,,,,,,
,,,,,13844,-119.73658,141,,,,,,
,,,,,13924,-149.80869,80,,,,,,
,,,,,13994,-121.209015,70,,,,,,
,,,,,14101,-6.1838303,107,,,,,,
,,,,,14174,-135.03961,73,,,,,,
,,,,,14250,-67.35749,76,,,,,,
,,,,,14322,-93.206024,72,,,,,,
,,,,,14398,-98.21659,76,,,,,,
,,,,,14486,-139.9401,88,,,,,,
,,,,,14611,-110.411194,125,,,,,,
,,,,,14737,-104.16315,126,,,,,,
,,,,,14837,-389.72165,100,,,,,,
,,,,,14974,-63.076202,137,,,,,,
,,,,,15051,-102.45458,77,,,,,,
,,,,,15130,-103.14314,79,,,,,,
,,,,,15220,-365.26038,90,,,,,,
,,,,,15337,-365.2919,117,,,,,,
,,,,,15434,-245.7094,97,,,,,,
,,,,,15520,-127.02675,86,,,,,,
,,,,,15627,-95.18827,107,,,,,,
,,,,,15718,-348.9665,91,,,,,,
,,,,,15802,-307.13348,84,,,,,,
,,,,,15874,-127.82303,72,,,,,,
,,,,,15944,-83.04189,70,,,,,,
,,,,,16040,-330.43097,96,,,,,,
,,,,,16117,-108.601295,77,,,,,,
,,,,,16230,-306.06598,113,,,,,,
,,,,,16312,-339.5195,82,,,,,,
,,,,,16409,-210.9094,97,,,,,,
,,,,,16546,-181.4825,137,,,,,,
,,,,,16618,-186.33557,72,,,,,,
,,,,,16713,-123.58089,95,,,,,,
,,,,,16797,-283.7727,84,,,,,,
,,,,,16888,-438.9489,91,,,,,,
,,,,,16987,-122.27872,99,,,,,,
,,,,,17056,-76.68562,69,,,,,,
,,,,,17170,-87.17975,114,,,,,,
,,,,,17295,-170.6594,125,,,,,,
,,,,,17377,-350.11475,82,,,,,,
,,,,,17503,-150.25851,126,,,,,,
,,,,,17594,-91.56554,91,,,,,,
,,,,,17675,-486.2257,81,,,,,,
,,,,,17754,-120.22904,79,,,,,,
,,,,,17853,-79.41906,99,,,,,,
,,,,,17916,-298.85773,63,,,,,,
,,,,,18003,-148.27084,87,,,,,,
,,,,,18075,-64.6803,72,,,,,,
,,,,,18157,-394.6765,82,,,,,,
,,,,,18272,-290.69028,115,,,,,,
,,,,,18365,-257.48608,93,,,,,,
,,,,,18446,-130.81284,81,,,,,,
,,,,,18518,-137.61298,72,,,,,,
,,,,,18606,-541.6615,88,,,,,,
,,,,,18676,-157.82567,70,,,,,,
,,,,,18780,-361.88373,104,,,,,,
,,,,,18871,-502.15598,91,,,,,,
,,,,,18972,-120.064255,101,,,,,,
,,,,,19059,-376.96268,87,,,,,,
,,,,,19170,-448.43942,111,,,,,,
,,,,,19321,-63.301445,151,,,,,,
,,,,,19417,-275.26108,96,,,,,,
,,,,,19503,-224.84007,86,,,,,,
,,,,,19589,-80.9197,86,,,,,,
,,,,,19653,-67.58096,64,,,,,,
,,,,,19735,-51.7422,82,,,,,,
,,,,,19850,-124.017715,115,,,,,,
-1083.2389,944.7404,-364.23404,-3833.6667,136.4,20000,,,167.90841674804688,-0.032516300678253174,-2.20843243598938,23.259546279907227,0.88,0.001
,,,,,20850,82.21653,1000,,,,,,
,,,,,20948,-177.57239,98,,,,,,
,,,,,21000,,,74.15166473388672,-1.6069726943969727,-0.014119014143943787,41.18850326538086,0.874,0.001
,,,,,21041,-140.14262,93,,,,,,
,,,,,21160,-118.365265,119,,,,,,
,,,,,21260,-313.09256,100,,,,,,
,,,,,21344,-97.17197,84,,,,,,
,,,,,21447,-254.00888,103,,,,,,
,,,,,21605,-287.08426,158,,,,,,
,,,,,21692,-60.648636,87,,,,,,
,,,,,21784,-278.50122,92,,,,,,
,,,,,21849,-141.8375,65,,,,,,
,,,,,21970,-195.56909,121,,,,,,
,,,,,22000,,,81.26699829101562,-1.958569049835205,-2.9450244903564453,43.83418655395508,0.868,0.001
,,,,,22058,-158.4743,88,,,,,,
,,,,,22171,-277.95795,113,,,,,,
,,,,,22267,-100.43906,96,,,,,,
,,,,,22343,-124.66913,76,,,,,,
,,,,,22447,-115.365486,104,,,,,,
,,,,,22537,-86.164696,90,,,,,,
,,,,,22638,-187.74573,101,,,,,,
,,,,,22725,-43.9718,87,,,,,,
,,,,,22818,-143.58191,93,,,,,,
,,,,,22957,-91.79562,139,,,,,,
,,,,,23000,,,59.25640869140625,-2.8544766902923584,-3.6901533603668213,46.351261138916016,0.862,0.001
,,,,,23034,-119.70911,77,,,,,,
,,,,,23169,-65.876335,135,,,,,,
,,,,,23250,-38.79587,81,,,,,,
,,,,,23377,-100.70292,127,,,,,,
,,,,,23495,-75.321884,118,,,,,,
,,,,,23563,-109.823364,68,,,,,,
,,,,,23699,-152.66914,136,,,,,,
,,,,,23840,-59.951763,141,,,,,,
,,,,,23964,-272.09918,124,,,,,,
,,,,,24000,,,58.52054214477539,-5.550106048583984,-6.3711137771606445,58.718597412109375,0.856,0.001
,,,,,24029,-83.52699,65,,,,,,
,,,,,24175,-108.17447,146,,,,,,
,,,,,24281,-90.992035,106,,,,,,
,,,,,24362,-133.5076,81,,,,,,
,,,,,24446,-172.09319,84,,,,,,
,,,,,24522,-85.5565,76,,,,,,
,,,,,24592,-95.765976,70,,,,,,
,,,,,24716,-124.360916,124,,,,,,
,,,,,24808,-107.29337,92,,,,,,
,,,,,24912,-105.97153,104,,,,,,
,,,,,24987,-34.87117,75,,,,,,
,,,,,25000,,,2.556185722351074,-0.41041290760040283,-0.2202949970960617,14.474447250366211,0.85,0.001
,,,,,25102,-93.686005,115,,,,,,
,,,,,25196,-74.7422,94,,,,,,
,,,,,25345,-124.79928,149,,,,,,
,,,,,25457,-227.33492,112,,,,,,
,,,,,25539,-102.999504,82,,,,,,
,,,,,25612,-70.6193,73,,,,,,
,,,,,25754,-110.31876,142,,,,,,
,,,,,25864,-135.90944,110,,,,,,
,,,,,25954,-83.21211,90,,,,,,
,,,,,26000,,,8.951135635375977,-2.6531596183776855,-2.157454490661621,30.46754264831543,0.844,0.001
,,,,,26040,-100.728714,86,,,,,,
,,,,,26126,-88.93506,86,,,,,,
,,,,,26238,-110.76373,112,,,,,,
,,,,,26356,-121.846054,118,,,,,,
,,,,,26416,-85.26668,60,,,,,,
,,,,,26495,-120.44974,79,,,,,,
,,,,,26637,-103.6328,142,,,,,,
,,,,,26736,-95.56366,99,,,,,,
,,,,,26841,-100.331,105,,,,,,
,,,,,27000,,,3.4320051670074463,-0.9320007562637329,-0.8193788528442383,21.716215133666992,0.838,0.001
,,,,,27002,-48.243786,161,,,,,,
,,,,,27121,-134.72093,119,,,,,,
,,,,,27223,-269.53482,102,,,,,,
,,,,,27330,-116.75578,107,,,,,,
,,,,,27412,-157.46796,82,,,,,,
,,,,,27511,-200.67265,99,,,,,,
,,,,,27632,-80.68757,121,,,,,,
,,,,,27754,-76.70363,122,,,,,,
,,,,,27875,-147.65305,121,,,,,,
,,,,,27973,-196.5413,98,,,,,,
,,,,,28000,,,2.1464362144470215,-0.7999718189239502,-0.9853837490081787,14.349461555480957,0.832,0.001
,,,,,28101,-81.94631,128,,,,,,
,,,,,28208,-134.32791,107,,,,,,
,,,,,28359,-263.0316,151,,,,,,
,,,,,28470,-109.95,111,,,,,,
,,,,,28603,-51.43028,133,,,,,,
,,,,,28688,-89.71548,85,,,,,,
,,,,,28821,-82.68167,133,,,,,,
,,,,,28891,-88.58544,70,,,,,,
,,,,,28971,-86.676575,80,,,,,,
,,,,,29000,,,3.2140371799468994,-3.0224196910858154,-3.064390182495117,12.542630195617676,0.8260000000000001,0.001
,,,,,29095,-42.463116,124,,,,,,
,,,,,29201,-83.30462,106,,,,,,
,,,,,29325,-88.60795,124,,,,,,
,,,,,29408,-89.554115,83,,,,,,
,,,,,29488,-65.35261,80,,,,,,
,,,,,29590,-161.73825,102,,,,,,
,,,,,29753,-92.36752,163,,,,,,
,,,,,29839,-107.16564,86,,,,,,
,,,,,29951,-141.29904,112,,,,,,
-414.65518,552.22894,251.10812,-1136.9991,670.5,30000,,,10.524292945861816,-7.131639003753662,-6.19598388671875,55.795589447021484,0.82,0.001
,,,,,30053,-105.309204,102,,,,,,
,,,,,30129,-76.097275,76,,,,,,
,,,,,30252,-115.38612,123,,,,,,
,,,,,30350,-56.072285,98,,,,,,
,,,,,30454,-112.39505,104,,,,,,
,,,,,30558,-111.18055,104,,,,,,
,,,,,30669,-118.05285,111,,,,,,
,,,,,30759,-96.19858,90,,,,,,
,,,,,30917,-91.97482,158,,,,,,
,,,,,30981,-83.73555,64,,,,,,
,,,,,31000,,,29.119230270385742,1.6926515102386475,2.2442831993103027,90.86715698242188,0.8140000000000001,0.001
,,,,,31059,-57.539036,78,,,,,,
,,,,,31171,-61.910175,112,,,,,,
,,,,,31251,-93.67191,80,,,,,,
,,,,,31376,-10.616158,125,,,,,,
,,,,,31489,-126.956345,113,,,,,,
,,,,,31592,-71.69446,103,,,,,,
,,,,,31696,-106.92907,104,,,,,,
,,,,,31775,-30.953781,79,,,,,,
,,,,,31923,-124.363045,148,,,,,,
,,,,,32000,,,2.1224474906921387,-3.0082497596740723,-2.84490966796875,31.122886657714844,0.808,0.001
,,,,,32015,-132.24173,92,,,,,,
,,,,,32100,-83.98095,85,,,,,,
,,,,,32204,-159.45663,104,,,,,,
,,,,,32322,-86.11942,118,,,,,,
,,,,,32425,-73.98717,103,,,,,,
,,,,,32544,-12.071571,119,,,,,,
,,,,,32619,-221.9931,75,,,,,,
,,,,,32804,-53.301453,185,,,,,,
,,,,,32931,-241.11331,127,,,,,,
,,,,,33000,,,2.6070284843444824,-1.0590460300445557,-1.3447262048721313,19.938983917236328,0.802,0.001
,,,,,33066,-40.282642,135,,,,,,
,,,,,33126,-106.960434,60,,,,,,
,,,,,33201,-87.96531,75,,,,,,
,,,,,33334,-0.9766693,133,,,,,,
,,,,,33443,-83.645004,109,,,,,,
,,,,,33577,-80.227615,134,,,,,,
,,,,,33633,-78.6337,56,,,,,,
,,,,,33701,-61.061985,68,,,,,,
,,,,,33807,-95.1866,106,,,,,,
,,,,,33890,-83.64464,83,,,,,,
,,,,,33957,-80.51087,67,,,,,,
,,,,,34000,,,2.545417308807373,-1.3177410364151,-1.202014446258545,28.640396118164062,0.796,0.001
,,,,,34036,-85.069534,79,,,,,,
,,,,,34156,-63.933105,120,,,,,,
,,,,,34227,-61.406002,71,,,,,,
,,,,,34343,-99.41204,116,,,,,,
,,,,,34465,-97.049774,122,,,,,,
,,,,,34532,-66.027306,67,,,,,,
,,,,,34611,-117.97292,79,,,,,,
,,,,,34696,-55.06081,85,,,,,,
,,,,,34846,-103.79163,150,,,,,,
,,,,,34964,-126.99899,118,,,,,,
,,,,,35000,,,23.52853775024414,-0.17801624536514282,-0.1480647325515747,47.038002014160156,0.79,0.001
,,,,,35037,-158.4671,73,,,,,,
,,,,,35131,-95.72423,94,,,,,,
,,,,,35283,-64.21516,152,,,,,,
,,,,,35359,-73.95697,76,,,,,,
,,,,,35471,-29.109436,112,,,,,,
,,,,,35547,-35.707596,76,,,,,,
,,,,,35639,-32.430214,92,,,,,,
,,,,,35710,-79.75476,71,,,,,,
,,,,,35804,-371.29733,94,,,,,,
,,,,,35900,-85.56366,96,,,,,,
,,,,,36000,,,12.80844783782959,-2.342010498046875,-2.9580349922180176,45.71812438964844,0.784,0.001
,,,,,36030,-71.614006,130,,,,,,
,,,,,36194,-76.68129,164,,,,,,
,,,,,36301,28.851944,107,,,,,,
,,,,,36369,-85.9202,68,,,,,,
,,,,,36461,-83.070045,92,,,,,,
,,,,,36568,-129.08778,107,,,,,,
,,,,,36643,-69.92756,75,,,,,,
,,,,,36746,-73.17113,103,,,,,,
,,,,,36845,-79.90033,99,,,,,,
,,,,,36925,-61.96495,80,,,,,,
,,,,,37000,,,4.1128315925598145,-1.144966959953308,-0.8549540042877197,34.638790130615234,0.778,0.001
,,,,,37058,-134.96947,133,,,,,,
,,,,,37193,-155.46909,135,,,,,,
,,,,,37287,-11.590973,94,,,,,,
,,,,,37425,-221.41673,138,,,,,,
,,,,,37499,-52.566086,74,,,,,,
,,,,,37572,-49.07147,73,,,,,,
,,,,,37676,-79.432144,104,,,,,,
,,,,,37734,-75.158005,58,,,,,,
,,,,,37820,10.202721,86,,,,,,
,,,,,37893,-16.219734,73,,,,,,
,,,,,37978,-94.89017,85,,,,,,
,,,,,38000,,,8.585474014282227,-3.6895666122436523,-4.1759209632873535,44.252601623535156,0.772,0.001
,,,,,38115,-69.520584,137,,,,,,
,,,,,38237,-95.00168,122,,,,,,
,,,,,38357,-61.208897,120,,,,,,
,,,,,38434,-32.279114,77,,,,,,
,,,,,38529,-51.575706,95,,,,,,
,,,,,38629,-70.7403,100,,,,,,
,,,,,38745,-312.35138,116,,,,,,
,,,,,38859,-80.71967,114,,,,,,
,,,,,38951,-24.276627,92,,,,,,
,,,,,39000,,,5.081718921661377,11.830625534057617,12.922735214233398,72.40709686279297,0.766,0.001
,,,,,39033,-96.10903,82,,,,,,
,,,,,39105,-108.77714,72,,,,,,
,,,,,39209,-114.52082,104,,,,,,
,,,,,39300,-122.37535,91,,,,,,
,,,,,39426,-59.670593,126,,,,,,
,,,,,39525,-34.72793,99,,,,,,
,,,,,39640,-86.156334,115,,,,,,
,,,,,39745,-86.796455,105,,,,,,
,,,,,39849,-110.691055,104,,,,,,
,,,,,39914,-65.6107,65,,,,,,
,,,,,39997,-30.432205,83,,,,,,
-173.52103,56.048603,-67.243286,-265.78143,443.4,40000,,,10.380759239196777,6.15647554397583,5.86351203918457,69.8563461303711,0.76,0.001
,,,,,40109,-82.23237,112,,,,,,
,,,,,40241,-45.052296,132,,,,,,
,,,,,40360,-96.19735,119,,,,,,
,,,,,40447,-72.6829,87,,,,,,
,,,,,40523,-52.093098,76,,,,,,
,,,,,40602,-193.55988,79,,,,,,
,,,,,40734,-73.62805,132,,,,,,
,,,,,40810,-58.890484,76,,,,,,
,,,,,40940,-71.973564,130,,,,,,
,,,,,41000,,,7.287450313568115,3.3192639350891113,2.5380165576934814,57.85832595825195,0.754,0.001
,,,,,41033,-108.90405,93,,,,,,
,,,,,41167,-86.51047,134,,,,,,
,,,,,41271,-35.047775,104,,,,,,
,,,,,41358,-42.44843,87,,,,,,
,,,,,41433,-39.424015,75,,,,,,
,,,,,41514,-78.262405,81,,,,,,
,,,,,41628,-53.132957,114,,,,,,
,,,,,41703,-44.949753,75,,,,,,
,,,,,41813,-86.32498,110,,,,,,
,,,,,41912,-82.72906,99,,,,,,
,,,,,42000,,,39.03853988647461,1.553794503211975,2.6019113063812256,120.49876403808594,0.748,0.001
,,,,,42024,-73.107086,112,,,,,,
,,,,,42106,-86.4037,82,,,,,,
,,,,,42229,-117.92853,123,,,,,,
,,,,,42408,-94.01552,179,,,,,,
,,,,,42514,-106.77594,106,,,,,,
,,,,,42615,-26.01168,101,,,,,,
,,,,,42723,-121.94217,108,,,,,,
,,,,,42823,-54.484383,100,,,,,,
,,,,,42913,-68.84424,90,,,,,,
,,,,,42982,-54.66111,69,,,,,,
,,,,,43000,,,13.085803985595703,5.398268222808838,5.10174560546875,57.356624603271484,0.742,0.001
,,,,,43037,-57.836365,55,,,,,,
,,,,,43106,-67.33295,69,,,,,,
,,,,,43172,-92.859825,66,,,,,,
,,,,,43299,-296.8411,127,,,,,,
,,,,,43429,-91.05021,130,,,,,,
,,,,,43538,-82.76997,109,,,,,,
,,,,,43640,-72.82684,102,,,,,,
,,,,,43748,-66.79935,108,,,,,,
,,,,,43822,-89.42026,74,,,,,,
,,,,,43889,-44.136288,67,,,,,,
,,,,,43999,-89.823586,110,,,,,,
,,,,,44000,,,50.779197692871094,13.554407119750977,13.634621620178223,70.01106262207031,0.736,0.001
,,,,,44101,-199.51965,102,,,,,,
,,,,,44193,-75.09146,92,,,,,,
,,,,,44275,-25.008095,82,,,,,,
,,,,,44342,-52.045273,67,,,,,,
,,,,,44412,-44.61012,70,,,,,,
,,,,,44529,-139.94658,117,,,,,,
,,,,,44622,-104.90631,93,,,,,,
,,,,,44756,-194.86597,134,,,,,,
,,,,,44854,-74.201935,98,,,,,,
,,,,,44970,-69.674385,116,,,,,,
,,,,,45000,,,2.895582675933838,8.55118465423584,8.217366218566895,36.23991012573242,0.73,0.001
,,,,,45112,-47.119675,142,,,,,,
,,,,,45208,-106.6054,96,,,,,,
,,,,,45302,-101.08274,94,,,,,,
,,,,,45382,-64.2227,80,,,,,,
,,,,,45452,-73.83178,70,,,,,,
,,,,,45572,-89.801895,120,,,,,,
,,,,,45710,-36.73464,138,,,,,,
,,,,,45828,-99.93225,118,,,,,,
,,,,,45923,-129.50742,95,,,,,,
,,,,,46000,,,3.1501340866088867,9.01455020904541,9.835066795349121,51.726322174072266,0.724,0.001
,,,,,46010,-53.936863,87,,,,,,
,,,,,46102,-95.066574,92,,,,,,
,,,,,46211,-87.98713,109,,,,,,
,,,,,46287,-89.8387,76,,,,,,
,,,,,46453,-99.54261,166,,,,,,
,,,,,46559,-75.35335,106,,,,,,
,,,,,46683,-86.08488,124,,,,,,
,,,,,46818,-118.96088,135,,,,,,
,,,,,46886,-34.7436,68,,,,,,
,,,,,46973,-76.61213,87,,,,,,
,,,,,47000,,,9.849367141723633,3.1661157608032227,3.0354068279266357,40.81965637207031,0.718,0.001
,,,,,47109,-69.438385,136,,,,,,
,,,,,47195,-47.030617,86,,,,,,
,,,,,47305,-67.47528,110,,,,,,
,,,,,47389,-62.85145,84,,,,,,
,,,,,47471,-65.8568,82,,,,,,
,,,,,47540,-144.18005,69,,,,,,
,,,,,47631,-101.72876,91,,,,,,
,,,,,47728,-110.86838,97,,,,,,
,,,,,47841,-82.65167,113,,,,,,
,,,,,47954,-78.93804,113,,,,,,
,,,,,48000,,,131.70372009277344,3.9769294261932373,2.631459951400757,124.33440399169922,0.712,0.001
,,,,,48049,-130.9524,95,,,,,,
,,,,,48153,-50.646202,104,,,,,,
,,,,,48267,-35.459923,114,,,,,,
,,,,,48368,-67.101425,101,,,,,,
,,,,,48480,-96.76016,112,,,,,,
,,,,,48569,-87.35218,89,,,,,,
,,,,,48653,-50.677498,84,,,,,,
,,,,,48791,-109.21525,138,,,,,,
,,,,,48898,-115.70985,107,,,,,,
,,,,,49000,,,10.755131721496582,0.11530792713165283,-0.5606220960617065,59.5743408203125,0.706,0.001
,,,,,49030,-114.338295,132,,,,,,
,,,,,49175,-70.69103,145,,,,,,
,,,,,49307,-62.241653,132,,,,,,
,,,,,49394,-26.188248,87,,,,,,
,,,,,49486,-144.82948,92,,,,,,
,,,,,49564,-123.799614,78,,,,,,
,,,,,49642,-89.63675,78,,,,,,
,,,,,49735,-72.22264,93,,,,,,
,,,,,49837,-53.153927,102,,,,,,
,,,,,49955,-112.61359,118,,,,,,
-101.77511,137.84402,102.21044,-316.99982,418.2,50000,,,6.265503406524658,9.004711151123047,8.693644523620605,47.25695037841797,0.7,0.001
,,,,,50053,-92.46359,98,,,,,,
,,,,,50163,-125.79286,110,,,,,,
,,,,,50305,-42.69433,142,,,,,,
,,,,,50411,-73.10424,106,,,,,,
,,,,,50512,-13.081665,101,,,,,,
,,,,,50627,-85.229126,115,,,,,,
,,,,,50720,-96.95398,93,,,,,,
,,,,,50797,-64.72691,77,,,,,,
,,,,,50878,-83.38863,81,,,,,,
,,,,,50964,-51.962574,86,,,,,,
,,,,,51000,,,39.590248107910156,19.288951873779297,18.05388069152832,109.57823181152344,0.694,0.001
,,,,,51027,-45.830284,63,,,,,,
,,,,,51124,-117.36595,97,,,,,,
,,,,,51226,-80.52243,102,,,,,,
,,,,,51309,-62.42762,83,,,,,,
,,,,,51418,-85.15485,109,,,,,,
,,,,,51518,-62.60961,100,,,,,,
,,,,,51628,-69.122604,110,,,,,,
,,,,,51719,-85.30382,91,,,,,,
,,,,,51812,-103.733055,93,,,,,,
,,,,,51878,-66.93458,66,,,,,,
,,,,,51986,-110.65474,108,,,,,,
,,,,,52000,,,5.293400764465332,10.581703186035156,10.860257148742676,36.18449020385742,0.688,0.001
,,,,,52068,-45.62812,82,,,,,,
,,,,,52172,-113.0609,104,,,,,,
,,,,,52287,-58.05177,115,,,,,,
,,,,,52371,-57.46694,84,,,,,,
,,,,,52446,-73.79772,75,,,,,,
,,,,,52526,-22.228043,80,,,,,,
,,,,,52611,-54.331863,85,,,,,,
,,,,,52682,-41.21441,71,,,,,,
,,,,,52778,-67.32342,96,,,,,,
,,,,,52910,-122.27261,132,,,,,,
,,,,,53000,,,5.497121334075928,10.260150909423828,10.291777610778809,33.405975341796875,0.6819999999999999,0.001
,,,,,53025,-49.02498,115,,,,,,
,,,,,53122,-105.6846,97,,,,,,
,,,,,53240,-62.165558,118,,,,,,
,,,,,53305,-70.20496,65,,,,,,
,,,,,53391,-130.40599,86,,,,,,
,,,,,53481,-68.15054,90,,,,,,
,,,,,53547,-61.34411,66,,,,,,
,,,,,53666,-88.397064,119,,,,,,
,,,,,53782,-39.06886,116,,,,,,
,,,,,53860,-70.77686,78,,,,,,
,,,,,53998,-100.115974,138,,,,,,
,,,,,54000,,,3.6448569297790527,20.114980697631836,19.432767868041992,46.77541732788086,0.6759999999999999,0.001
,,,,,54087,-63.056957,89,,,,,,
,,,,,54160,-75.059525,73,,,,,,
,,,,,54274,-30.478996,114,,,,,,
,,,,,54378,-94.31044,104,,,,,,
,,,,,54455,-58.87595,77,,,,,,
,,,,,54561,-89.15461,106,,,,,,
,,,,,54646,-78.65394,85,,,,,,
,,,,,54714,-72.96655,68,,,,,,
,,,,,54795,-80.2388,81,,,,,,
,,,,,54911,-43.303265,116,,,,,,
,,,,,55000,,,10.127225875854492,4.741635322570801,4.78759241104126,68.35491180419922,0.67,0.001
,,,,,55023,-74.93555,112,,,,,,
,,,,,55113,-18.016296,90,,,,,,
,,,,,55191,-36.35869,78,,,,,,
,,,,,55282,-71.06821,91,,,,,,
,,,,,55376,-115.73148,94,,,,,,
,,,,,55455,-101.01417,79,,,,,,
,,,,,55545,-46.47141,90,,,,,,
,,,,,55607,-73.63025,62,,,,,,
,,,,,55676,-79.82295,69,,,,,,
,,,,,55776,-52.030766,100,,,,,,
,,,,,55845,-37.772995,69,,,,,,
,,,,,55945,-51.12972,100,,,,,,
,,,,,56000,,,6.387503623962402,-0.4934576749801636,-0.506129264831543,57.541141510009766,0.6639999999999999,0.001
,,,,,56054,-122.57857,109,,,,,,
,,,,,56131,-56.444023,77,,,,,,
,,,,,56224,-21.038574,93,,,,,,
,,,,,56357,-89.86248,133,,,,,,
,,,,,56481,-57.23525,124,,,,,,
,,,,,56565,-14.422638,84,,,,,,
,,,,,56643,-22.664177,78,,,,,,
,,,,,56734,-73.40386,91,,,,,,
,,,,,56812,-81.86005,78,,,,,,
,,,,,56902,-66.55945,90,,,,,,
,,,,,56977,-53.56462,75,,,,,,
,,,,,57000,,,12.120712280273438,17.420703887939453,18.865365982055664,87.8944320678711,0.6579999999999999,0.001
,,,,,57076,-118.2154,99,,,,,,
,,,,,57190,-40.736214,114,,,,,,
,,,,,57301,-80.01079,111,,,,,,
,,,,,57382,-91.9329,81,,,,,,
,,,,,57499,-66.86509,117,,,,,,
,,,,,57577,-120.91598,78,,,,,,
,,,,,57658,-57.172707,81,,,,,,
,,,,,57788,23.566368,130,,,,,,
,,,,,57884,-84.76221,96,,,,,,
,,,,,57973,-19.31279,89,,,,,,
,,,,,58000,,,16.35488510131836,9.497743606567383,9.65353775024414,70.53730010986328,0.652,0.001
,,,,,58045,-46.460575,72,,,,,,
,,,,,58148,-93.990204,103,,,,,,
,,,,,58259,-43.21097,111,,,,,,
,,,,,58374,-8.458649,115,,,,,,
,,,,,58494,-99.96212,120,,,,,,
,,,,,58614,-110.29799,120,,,,,,
,,,,,58695,-15.957596,81,,,,,,
,,,,,58780,-88.49747,85,,,,,,
,,,,,58857,-74.56268,77,,,,,,
,,,,,58975,-46.961876,118,,,,,,
,,,,,59000,,,2.7818307876586914,12.94961166381836,12.869125366210938,26.0197696685791,0.646,0.001
,,,,,59049,-77.35642,74,,,,,,
,,,,,59137,-88.90462,88,,,,,,
,,,,,59236,-34.295753,99,,,,,,
,,,,,59331,-108.328804,95,,,,,,
,,,,,59426,-92.31309,95,,,,,,
,,,,,59517,-63.41032,91,,,,,,
,,,,,59632,-51.07222,115,,,,,,
,,,,,59700,-49.294846,68,,,,,,
,,,,,59806,-48.636692,106,,,,,,
,,,,,59935,-173.61382,129,,,,,,
75.014175,137.68921,229.47409,-173.4209,295.0,60000,,,4.208750247955322,14.709668159484863,15.708945274353027,79.37438201904297,0.6399999999999999,0.001
,,,,,60049,-83.68154,114,,,,,,
,,,,,60170,-85.68196,121,,,,,,
,,,,,60271,-68.3004,101,,,,,,
,,,,,60402,-94.37578,131,,,,,,
,,,,,60551,-53.879208,149,,,,,,
,,,,,60620,-44.93985,69,,,,,,
,,,,,60720,-231.9633,100,,,,,,
,,,,,60810,-125.81583,90,,,,,,
,,,,,60884,-63.08132,74,,,,,,
,,,,,60992,-31.149605,108,,,,,,
,,,,,61000,,,13.175309181213379,14.645538330078125,13.730184555053711,102.80807495117188,0.634,0.001
,,,,,61071,-79.458916,79,,,,,,
,,,,,61147,-47.211014,76,,,,,,
,,,,,61252,-77.61142,105,,,,,,
,,,,,61359,-99.496475,107,,,,,,
,,,,,61460,-47.52456,101,,,,,,
,,,,,61560,-83.392235,100,,,,,,
,,,,,61633,-38.747105,73,,,,,,
,,,,,61740,-14.497932,107,,,,,,
,,,,,61840,-139.02411,100,,,,,,
,,,,,61907,-56.565212,67,,,,,,
,,,,,61990,-62.850555,83,,,,,,
,,,,,62000,,,40.071964263916016,4.887884140014648,3.3839268684387207,213.60133361816406,0.628,0.001
,,,,,62066,-55.494934,76,,,,,,
,,,,,62172,-133.71251,106,,,,,,
,,,,,62243,-71.07431,71,,,,,,
,,,,,62327,-120.37072,84,,,,,,
,,,,,62416,-76.94154,89,,,,,,
,,,,,62512,-135.76642,96,,,,,,
,,,,,62575,-85.07829,63,,,,,,
,,,,,62664,-11.652779,89,,,,,,
,,,,,62734,-50.796223,70,,,,,,
,,,,,62852,-55.74578,118,,,,,,
,,,,,62978,-35.948067,126,,,,,,
,,,,,63000,,,10.348663330078125,15.927379608154297,15.828776359558105,51.9347038269043,0.622,0.001
,,,,,63057,-58.97836,79,,,,,,
,,,,,63224,-73.81401,167,,,,,,
,,,,,63295,-66.70984,71,,,,,,
,,,,,63386,-110.486305,91,,,,,,
,,,,,63506,-39.0474,120,,,,,,
,,,,,63600,-33.520355,94,,,,,,
,,,,,63719,-57.255737,119,,,,,,
,,,,,63832,-69.83148,113,,,,,,
,,,,,63928,-47.4218,96,,,,,,
,,,,,64000,,,27.461963653564453,14.893791198730469,13.547329902648926,119.70579528808594,0.616,0.001
,,,,,64021,-46.11073,93,,,,,,
,,,,,64104,-118.45989,83,,,,,,
,,,,,64181,-63.20192,77,,,,,,
,,,,,64273,-85.87978,92,,,,,,
,,,,,64363,-74.955765,90,,,,,,
,,,,,64509,-159.72093,146,,,,,,
,,,,,64603,-87.330246,94,,,,,,
,,,,,64703,-54.52581,100,,,,,,
,,,,,64766,-67.20591,63,,,,,,
,,,,,64875,-36.87935,109,,,,,,
,,,,,64982,0.8343735,107,,,,,,
,,,,,65000,,,4.858556747436523,19.811227798461914,19.55510139465332,53.52964782714844,0.61,0.001
,,,,,65055,-4.48349,73,,,,,,
,,,,,65139,-53.771328,84,,,,,,
,,,,,65254,-20.047714,115,,,,,,
,,,,,65343,-47.420403,89,,,,,,
,,,,,65452,-28.423737,109,,,,,,
,,,,,65582,-80.74457,130,,,,,,
,,,,,65666,-9.792267,84,,,,,,
,,,,,65763,-31.570107,97,,,,,,
,,,,,65858,13.106789,95,,,,,,
,,,,,65937,-37.590755,79,,,,,,
,,,,,66000,,,2.9437427520751953,18.175193786621094,18.554834365844727,41.48704528808594,0.604,0.001
,,,,,66047,-82.95458,110,,,,,,
,,,,,66128,-17.6353,81,,,,,,
,,,,,66227,-54.054073,99,,,,,,
,,,,,66321,-110.514565,94,,,,,,
,,,,,66480,-147.11024,159,,,,,,
,,,,,66559,-48.53682,79,,,,,,
,,,,,66662,-68.8347,103,,,,,,
,,,,,66722,-84.34884,60,,,,,,
,,,,,66851,-69.990005,129,,,,,,
,,,,,66918,-80.88557,67,,,,,,
,,,,,66980,-54.085915,62,,,,,,
,,,,,67000,,,6.619937419891357,21.31344223022461,21.51010513305664,38.34105682373047,0.598,0.001
,,,,,67096,-23.336601,116,,,,,,
,,,,,67224,-34.899475,128,,,,,,
,,,,,67333,-97.40793,109,,,,,,
,,,,,67420,-44.36279,87,,,,,,
,,,,,67497,-68.46921,77,,,,,,
,,,,,67570,-84.96536,73,,,,,,
,,,,,67677,-46.648033,107,,,,,,
,,,,,67776,-43.910267,99,,,,,,
,,,,,67858,-57.249023,82,,,,,,
,,,,,67953,-44.537804,95,,,,,,
,,,,,68000,,,7.256958484649658,20.7769718170166,21.382904052734375,58.49891662597656,0.5920000000000001,0.001
,,,,,68022,-76.748825,69,,,,,,
,,,,,68128,-61.257275,106,,,,,,
,,,,,68205,-69.16348,77,,,,,,
,,,,,68318,-91.60271,113,,,,,,
,,,,,68424,-30.852852,106,,,,,,
,,,,,68555,-11.527069,131,,,,,,
,,,,,68624,-28.776886,69,,,,,,
,,,,,68744,-9.633308,120,,,,,,
,,,,,68866,-186.97241,122,,,,,,
,,,,,68966,-42.88998,100,,,,,,
,,,,,69000,,,4.33430290222168,29.571245193481445,29.061664581298828,54.28242111206055,0.586,0.001
,,,,,69071,-59.5098,105,,,,,,
,,,,,69196,-122.422874,125,,,,,,
,,,,,69298,-76.73166,102,,,,,,
,,,,,69410,-83.71955,112,,,,,,
,,,,,69485,-69.4812,75,,,,,,
,,,,,69603,-59.32325,118,,,,,,
,,,,,69732,-33.115578,129,,,,,,
,,,,,69801,-95.01005,69,,,,,,
,,,,,69932,-77.026215,131,,,,,,
-58.94862,160.20874,199.69955,-338.23895,307.8,70000,,,5.256646156311035,31.053802490234375,30.70781898498535,54.83475875854492,0.58,0.001
,,,,,70009,-16.844048,77,,,,,,
,,,,,70087,-58.42308,78,,,,,,
,,,,,70175,-27.865082,88,,,,,,
,,,,,70269,-67.58582,94,,,,,,
,,,,,70346,-29.564735,77,,,,,,
,,,,,70425,-69.069435,79,,,,,,
,,,,,70508,-61.07905,83,,,,,,
,,,,,70600,-29.211433,92,,,,,,
,,,,,70676,-66.84721,76,,,,,,
,,,,,70754,-76.09042,78,,,,,,
,,,,,70842,-20.804237,88,,,,,,
,,,,,70948,-81.62675,106,,,,,,
,,,,,71000,,,7.4660468101501465,24.309043884277344,23.442012786865234,80.32979583740234,0.5740000000000001,0.001
,,,,,71041,-36.498596,93,,,,,,
,,,,,71150,-81.671684,109,,,,,,
,,,,,71244,-36.255074,94,,,,,,
,,,,,71335,-72.44168,91,,,,,,
,,,,,71442,-8.393593,107,,,,,,
,,,,,71520,-3.8912659,78,,,,,,
,,,,,71633,-39.24139,113,,,,,,
,,,,,71732,-26.516289,99,,,,,,
,,,,,71813,-43.55497,81,,,,,,
,,,,,71908,-176.9708,95,,,,,,
,,,,,72000,,,7.265375137329102,23.621355056762695,24.101417541503906,67.80197143554688,0.5680000000000001,0.001
,,,,,72027,-76.24561,119,,,,,,
,,,,,72147,-56.12426,120,,,,,,
,,,,,72237,-59.903114,90,,,,,,
,,,,,72327,-71.30466,90,,,,,,
,,,,,72427,-47.514683,100,,,,,,
,,,,,72494,-45.07102,67,,,,,,
,,,,,72575,-42.836617,81,,,,,,
,,,,,72705,-51.68424,130,,,,,,
,,,,,72779,-14.306648,74,,,,,,
,,,,,72880,-53.354046,101,,,,,,
,,,,,72959,-49.11573,79,,,,,,
,,,,,73000,,,13.562653541564941,21.026426315307617,20.074573516845703,122.44828796386719,0.5619999999999999,0.001
,,,,,73033,-53.35548,74,,,,,,
,,,,,73155,-78.22168,122,,,,,,
,,,,,73242,-180.18307,87,,,,,,
,,,,,73345,-10.526062,103,,,,,,
,,,,,73438,-96.945045,93,,,,,,
,,,,,73530,-265.50912,92,,,,,,
,,,,,73600,-58.174244,70,,,,,,
,,,,,73688,11.801895,88,,,,,,
,,,,,73799,-92.89321,111,,,,,,
,,,,,73875,-31.989075,76,,,,,,
,,,,,73982,-71.60513,107,,,,,,
,,,,,74000,,,3.548990249633789,31.419368743896484,31.96375274658203,55.73676300048828,0.556,0.001
,,,,,74069,-39.0869,87,,,,,,
,,,,,74173,-18.907616,104,,,,,,
,,,,,74253,-74.3033,80,,,,,,
,,,,,74422,-122.46064,169,,,,,,
,,,,,74533,-24.297363,111,,,,,,
,,,,,74638,-59.307316,105,,,,,,
,,,,,74707,-72.18629,69,,,,,,
,,,,,74797,-78.16127,90,,,,,,
,,,,,74894,-62.974487,97,,,,,,
,,,,,74976,-91.092094,82,,,,,,
,,,,,75000,,,35.524410247802734,16.418476104736328,17.146133422851562,104.99960327148438,0.55,0.001
,,,,,75079,-59.638397,103,,,,,,
,,,,,75154,-56.402306,75,,,,,,
,,,,,75255,-8.735115,101,,,,,,
,,,,,75369,-136.43913,114,,,,,,
,,,,,75467,-56.906326,98,,,,,,
,,,,,75542,-14.723145,75,,,,,,
,,,,,75616,-91.51913,74,,,,,,
,,,,,75739,-186.90985,123,,,,,,
,,,,,75868,-45.85361,129,,,,,,
,,,,,75996,-7.2750854,128,,,,,,
,,,,,76000,,,67.10147094726562,21.601402282714844,20.4671573638916,196.09909057617188,0.5439999999999999,0.001
,,,,,76122,-102.5403,126,,,,,,
,,,,,76228,-53.73511,106,,,,,,
,,,,,76305,-56.72055,77,,,,,,
,,,,,76423,-36.458874,118,,,,,,
,,,,,76555,-220.81308,132,,,,,,
,,,,,76663,-78.42525,108,,,,,,
,,,,,76753,-66.790405,90,,,,,,
,,,,,76844,-27.799706,91,,,,,,
,,,,,76977,7.642906,133,,,,,,
,,,,,77000,,,12.726868629455566,34.87445068359375,33.96392059326172,102.91688537597656,0.538,0.001
,,,,,77099,-19.48291,122,,,,,,
,,,,,77165,-22.253227,66,,,,,,
,,,,,77262,44.71318,97,,,,,,
,,,,,78000,,,23.784175872802734,41.436012268066406,41.1402587890625,77.05445098876953,0.532,0.001
,,,,,78262,117.31418,1000,,,,,,
,,,,,78358,-31.556541,96,,,,,,
,,,,,78467,4.044548,109,,,,,,
,,,,,78572,-69.718796,105,,,,,,
,,,,,78662,-45.61412,90,,,,,,
,,,,,78787,-180.84949,125,,,,,,
,,,,,78891,-33.81433,104,,,,,,
,,,,,78991,-70.71677,100,,,,,,
,,,,,79000,,,30.998929977416992,19.53689193725586,19.592199325561523,100.32872009277344,0.526,0.001
,,,,,79108,-121.32157,117,,,,,,
,,,,,79209,-20.57991,101,,,,,,
,,,,,79296,-24.458618,87,,,,,,
,,,,,79401,-58.19938,105,,,,,,
,,,,,79501,-3.7233887,100,,,,,,
,,,,,79576,-18.98211,75,,,,,,
,,,,,79672,12.669823,96,,,,,,
,,,,,79798,-262.2102,126,,,,,,
16.660892,121.66072,192.61504,-147.94112,467.1,80000,,,11.799498558044434,36.651947021484375,36.74406051635742,79.22126007080078,0.52,0.001
,,,,,80798,68.40249,1000,,,,,,
,,,,,80920,-47.882023,122,,,,,,
,,,,,81000,,,25.799135208129883,22.847776412963867,23.803585052490234,106.38639831542969,0.514,0.001
,,,,,81044,-30.187881,124,,,,,,
,,,,,81143,-56.45383,99,,,,,,
,,,,,81278,-9.707001,135,,,,,,
,,,,,81403,-18.271652,125,,,,,,
,,,,,81474,-49.35283,71,,,,,,
,,,,,81606,-158.95532,132,,,,,,
,,,,,81688,-11.101868,82,,,,,,
,,,,,81818,-33.79438,130,,,,,,
,,,,,81923,-65.79922,105,,,,,,
,,,,,82000,,,89.70987701416016,25.713951110839844,26.365924835205078,141.81024169921875,0.508,0.001
,,,,,82032,-52.994797,109,,,,,,
,,,,,83000,,,3.2286388874053955,46.099029541015625,45.90071487426758,25.849748611450195,0.502,0.001
,,,,,83032,-35.882587,1000,,,,,,
,,,,,83108,-19.595848,76,,,,,,
,,,,,83211,-96.687355,103,,,,,,
,,,,,83306,-14.920891,95,,,,,,
,,,,,83421,-36.703514,115,,,,,,
,,,,,83513,35.772614,92,,,,,,
,,,,,83603,-25.900078,90,,,,,,
,,,,,83684,-70.272095,81,,,,,,
,,,,,83755,-22.287941,71,,,,,,
,,,,,83881,-32.971603,126,,,,,,
,,,,,84000,,,7.278554916381836,29.616090774536133,30.253536224365234,77.15806579589844,0.4959999999999999,0.001
,,,,,84011,18.357048,130,,,,,,
,,,,,84099,-82.48091,88,,,,,,
,,,,,84185,43.809326,86,,,,,,
,,,,,84311,10.279312,126,,,,,,
,,,,,84389,-7.063843,78,,,,,,
,,,,,84461,18.966515,72,,,,,,
,,,,,84577,1.21698,116,,,,,,
,,,,,84649,-12.431557,72,,,,,,
,,,,,84730,-6.157318,81,,,,,,
,,,,,84819,-23.892235,89,,,,,,
,,,,,84896,-58.378475,77,,,,,,
,,,,,84988,-78.05057,92,,,,,,
,,,,,85000,,,13.25547981262207,23.54004669189453,23.138267517089844,59.492393493652344,0.49,0.001
,,,,,85092,-13.149536,104,,,,,,
,,,,,85167,2.3227692,75,,,,,,
,,,,,85246,-10.237755,79,,,,,,
,,,,,85345,-58.68249,99,,,,,,
,,,,,85419,-35.490997,74,,,,,,
,,,,,85530,-35.826538,111,,,,,,
,,,,,85663,-49.18282,133,,,,,,
,,,,,85754,-33.96707,91,,,,,,
,,,,,85854,-72.2961,100,,,,,,
,,,,,85958,-43.356842,104,,,,,,
,,,,,86000,,,5.284156322479248,30.681175231933594,30.654102325439453,56.99249267578125,0.484,0.001
,,,,,86043,-45.918457,85,,,,,,
,,,,,86160,-29.616493,117,,,,,,
,,,,,86244,2.6936035,84,,,,,,
,,,,,86356,16.784569,112,,,,,,
,,,,,86448,5.6960144,92,,,,,,
,,,,,86509,-34.21234,61,,,,,,
,,,,,86584,-48.84613,75,,,,,,
,,,,,86699,-83.95026,115,,,,,,
,,,,,86782,-65.458206,83,,,,,,
,,,,,86865,-7.5962143,83,,,,,,
,,,,,86936,-20.148941,71,,,,,,
,,,,,87000,,,4.328759670257568,32.1927375793457,32.36003875732422,39.01820373535156,0.478,0.001
,,,,,87021,-40.175674,85,,,,,,
,,,,,87140,-48.406498,119,,,,,,
,,,,,88000,,,6.800436496734619,43.70083999633789,43.4824104309082,44.51144027709961,0.472,0.001
,,,,,88117,-295.8905,977,,,,,,
,,,,,88222,-24.519768,105,,,,,,
,,,,,88309,-22.132782,87,,,,,,
,,,,,88473,-275.67575,164,,,,,,
,,,,,88590,-45.496334,117,,,,,,
,,,,,88679,-52.61584,89,,,,,,
,,,,,88786,-6.7382584,107,,,,,,
,,,,,89000,,,30.15943717956543,40.10083770751953,40.95894241333008,113.178955078125,0.46599999999999997,0.001
,,,,,89786,48.213078,1000,,,,,,
,,,,,89882,-94.5085,96,,,,,,
54.808483,206.86841,270.156,-463.825,622.0,90000,,,6.480408191680908,44.87031173706055,44.264854431152344,64.45629119873047,0.45999999999999996,0.001
,,,,,90007,-1.7304535,125,,,,,,
,,,,,90106,-13.54631,99,,,,,,
,,,,,90221,-49.281757,115,,,,,,
,,,,,90295,-19.801445,74,,,,,,
,,,,,90413,-51.225494,118,,,,,,
,,,,,90531,-16.470886,118,,,,,,
,,,,,90643,-9.3437805,112,,,,,,
,,,,,90760,-28.865196,117,,,,,,
,,,,,91000,,,20.406248092651367,34.9130859375,34.51233673095703,92.1741943359375,0.45399999999999996,0.001
,,,,,91193,240.98221,433,,,,,,
,,,,,91279,-37.6642,86,,,,,,
,,,,,91392,-17.93892,113,,,,,,
,,,,,91496,-46.016205,104,,,,,,
,,,,,91730,-40.1196,234,,,,,,
,,,,,91870,18.58722,140,,,,,,
,,,,,91972,-25.268494,102,,,,,,
,,,,,92000,,,6.13878059387207,49.30839920043945,49.50387954711914,48.907875061035156,0.44800000000000006,0.001
,,,,,92074,-85.98867,102,,,,,,
,,,,,92157,34.461975,83,,,,,,
,,,,,92248,-16.26796,91,,,,,,
,,,,,92354,-16.199242,106,,,,,,
,,,,,92444,-11.094109,90,,,,,,
,,,,,92566,-227.95895,122,,,,,,
,,,,,92661,-34.516937,95,,,,,,
,,,,,92826,-176.51248,165,,,,,,
,,,,,92972,-14.21228,146,,,,,,
,,,,,93000,,,8.073897361755371,29.78116226196289,29.89744758605957,63.34489440917969,0.44199999999999995,0.001
,,,,,93099,2.7000275,127,,,,,,
,,,,,93198,14.040726,99,,,,,,
,,,,,93314,-18.067627,116,,,,,,
,,,,,94000,,,163.54441833496094,30.095863342285156,31.59899139404297,308.1086120605469,0.43599999999999994,0.001
,,,,,94314,115.91285,1000,,,,,,
,,,,,94435,-82.59543,121,,,,,,
,,,,,94523,53.319733,88,,,,,,
,,,,,94623,31.779541,100,,,,,,
,,,,,94746,-8.494865,123,,,,,,
,,,,,94847,18.944542,101,,,,,,
,,,,,94927,-23.713608,80,,,,,,
,,,,,95000,,,38.38294219970703,32.33171081542969,32.67805099487305,224.53746032714844,0.43000000000000005,0.001
,,,,,95038,-14.795807,111,,,,,,
,,,,,95161,0.7581177,123,,,,,,
,,,,,95271,-16.69226,110,,,,,,
,,,,,95370,-59.851616,99,,,,,,
,,,,,96000,,,13.084404945373535,45.726200103759766,45.79359436035156,56.61250305175781,0.42399999999999993,0.001
,,,,,96370,-5.78076,1000,,,,,,
,,,,,96491,3.6969147,121,,,,,,
,,,,,96628,-5.235367,137,,,,,,
,,,,,96757,14.954201,129,,,,,,
,,,,,96864,-10.137222,107,,,,,,
,,,,,97000,,,4.744847297668457,38.61397933959961,38.53664779663086,39.72163009643555,0.41800000000000004,0.001
,,,,,97745,-273.63354,881,,,,,,
,,,,,97875,-62.099094,130,,,,,,
,,,,,97965,8.265091,90,,,,,,
,,,,,98000,,,7.268049716949463,51.00175094604492,51.05937957763672,45.108917236328125,0.41200000000000003,0.001
,,,,,98062,-13.249695,97,,,,,,
,,,,,98166,-38.150024,104,,,,,,
,,,,,99000,,,40.81325149536133,31.178817749023438,33.189666748046875,213.7454071044922,0.4059999999999999,0.001
,,,,,99113,-181.56366,947,,,,,,
,,,,,99204,-80.82801,91,,,,,,
77.55375,140.22414,239.8597,-147.73239,337.3,100000,,,6.302210330963135,49.730709075927734,50.207550048828125,56.265838623046875,0.4,0.001
,,,,,100204,40.342773,1000,,,,,,
,,,,,101000,,,6.466554164886475,42.05526351928711,42.20160675048828,57.42232131958008,0.394,0.001
,,,,,101204,38.34406,1000,,,,,,
,,,,,101311,-29.121162,107,,,,,,
,,,,,101500,-73.01684,189,,,,,,
,,,,,102000,,,6.015124320983887,40.57554626464844,40.72611618041992,54.426734924316406,0.3879999999999999,0.001
,,,,,102168,-268.2757,668,,,,,,
,,,,,102341,-3.2400818,173,,,,,,
,,,,,102467,-0.5055618,126,,,,,,
,,,,,103000,,,3.091704845428467,50.076961517333984,50.19389724731445,35.04107666015625,0.382,0.001
,,,,,103467,45.58987,1000,,,,,,
,,,,,103564,15.499771,97,,,,,,
,,,,,103651,-40.488354,87,,,,,,
,,,,,103765,-53.639362,114,,,,,,
,,,,,103852,5.0813065,87,,,,,,
,,,,,103935,-5.4006805,83,,,,,,
,,,,,104000,,,7.0804266929626465,61.715789794921875,61.916648864746094,57.525146484375,0.376,0.001
,,,,,104081,-16.5102,146,,,,,,
,,,,,104217,5.2025604,136,,,,,,
,,,,,104297,-1.4866562,80,,,,,,
,,,,,104432,-9.12085,135,,,,,,
,,,,,104580,-37.06133,148,,,,,,
,,,,,104713,-23.661934,133,,,,,,
,,,,,105000,,,8.344621658325195,40.431907653808594,40.57183837890625,61.637413024902344,0.37,0.001
,,,,,105181,-195.75961,468,,,,,,
,,,,,105308,11.876709,127,,,,,,
,,,,,105438,-60.72942,130,,,,,,
,,,,,105543,8.784225,105,,,,,,
,,,,,106000,,,10.515434265136719,39.4707145690918,38.98163986206055,88.90321350097656,0.364,0.001
,,,,,106543,48.605022,1000,,,,,,
,,,,,106652,20.907661,109,,,,,,
,,,,,106754,15.494446,102,,,,,,
,,,,,106842,20.068542,88,,,,,,
,,,,,107000,,,6.2198381423950195,45.15177536010742,43.99333572387695,107.36135864257812,0.358,0.001
,,,,,107842,-37.80522,1000,,,,,,
,,,,,108000,,,88.49840545654297,37.56913757324219,36.74007797241211,275.1053161621094,0.352,0.001
,,,,,108842,110.1485,1000,,,,,,
,,,,,109000,,,8.168436050415039,36.83422088623047,36.26300811767578,63.046043395996094,0.346,0.001
,,,,,109842,123.21958,1000,,,,,,
130.14983,130.06447,279.64673,-43.352245,657.4,110000,,,23.124853134155273,37.00535202026367,36.669593811035156,92.97457885742188,0.3400000000000001,0.001
,,,,,110842,142.80045,1000,,,,,,
,,,,,111000,,,6.486469268798828,58.97600555419922,59.03242492675781,59.4549446105957,0.33399999999999996,0.001
,,,,,111008,-146.31058,166,,,,,,
,,,,,111124,7.20063,116,,,,,,
,,,,,111212,16.280441,88,,,,,,
,,,,,111340,-155.1431,128,,,,,,
,,,,,112000,,,4.362722396850586,53.26146697998047,53.91825866699219,59.88425064086914,0.32799999999999996,0.001
,,,,,112340,-53.077465,1000,,,,,,
,,,,,113000,,,7.397372722625732,43.17061233520508,43.140350341796875,69.79904174804688,0.32200000000000006,0.001
,,,,,113340,86.12357,1000,,,,,,
,,,,,114000,,,32.489768981933594,41.549781799316406,42.894195556640625,129.6554412841797,0.31599999999999995,0.001
,,,,,114340,-74.76578,1000,,,,,,
,,,,,115000,,,14.8533353805542,38.31134033203125,38.33280563354492,63.81496047973633,0.30999999999999994,0.001
,,,,,115340,123.23237,1000,,,,,,
,,,,,116000,,,7.059426784515381,47.56938171386719,47.55356979370117,42.566566467285156,0.30400000000000005,0.001
,,,,,116340,10.820314,1000,,,,,,
,,,,,117000,,,522.6192016601562,45.81317138671875,48.54362106323242,249.6803436279297,0.29799999999999993,0.001
,,,,,117340,130.34863,1000,,,,,,
,,,,,117954,-131.59079,614,,,,,,
,,,,,118000,,,14.531343460083008,53.44579315185547,52.606971740722656,86.01445770263672,0.29200000000000004,0.001
,,,,,118954,101.766106,1000,,,,,,
,,,,,119000,,,5.7817511558532715,64.05978393554688,64.2091064453125,63.556941986083984,0.28600000000000003,0.001
,,,,,119038,-16.891953,84,,,,,,
,,,,,119193,-233.5207,155,,,,,,
,,,,,119684,-73.497665,491,,,,,,
,,,,,119782,-16.256836,98,,,,,,
64.69682,174.97565,269.21164,-161.90503,545.1,120000,,,7.120399475097656,44.706748962402344,44.99941635131836,50.56489562988281,0.2799999999999999,0.001
,,,,,120782,48.72419,1000,,,,,,
,,,,,120986,-178.64996,204,,,,,,
,,,,,121000,,,8.227198600769043,49.473968505859375,49.07651138305664,52.303611755371094,0.274,0.001
,,,,,121986,105.99284,1000,,,,,,
,,,,,122000,,,40.07356262207031,41.67756652832031,42.19627380371094,106.3614501953125,0.268,0.001
,,,,,122986,151.69666,1000,,,,,,
,,,,,123000,,,6.555571556091309,45.9087028503418,45.575050354003906,67.55554962158203,0.262,0.001
,,,,,123173,-11.038269,187,,,,,,
,,,,,123565,-329.75708,392,,,,,,
,,,,,124000,,,9.35521125793457,57.88263702392578,57.586334228515625,87.53543090820312,0.256,0.001
,,,,,124565,126.17325,1000,,,,,,
,,,,,125000,,,9.629411697387695,67.64591979980469,66.88079071044922,71.50931549072266,0.25,0.001
,,,,,125565,76.30052,1000,,,,,,
,,,,,126000,,,15.588129043579102,45.140323638916016,45.177303314208984,96.50642395019531,0.244,0.001
,,,,,126052,-274.77145,487,,,,,,
,,,,,126326,-152.51775,274,,,,,,
,,,,,126922,251.95317,596,,,,,,
,,,,,127000,,,6.389980316162109,37.60641098022461,37.220333099365234,78.85371398925781,0.238,0.001
,,,,,127063,10.9607315,141,,,,,,
,,,,,128000,,,10.690300941467285,43.323360443115234,43.20126724243164,74.352783203125,0.23199999999999998,0.001
,,,,,128063,126.76552,1000,,,,,,
,,,,,129000,,,12.359640121459961,42.05100631713867,42.0324592590332,119.24976348876953,0.22599999999999998,0.001
,,,,,129063,132.41515,1000,,,,,,
,,,,,129734,147.40701,671,,,,,,
199.85931,122.66163,288.7696,-148.07518,374.0,130000,,,42.58097839355469,58.89317321777344,59.41311264038086,151.83084106445312,0.21999999999999997,0.001
,,,,,130734,146.147,1000,,,,,,
,,,,,130857,20.266357,123,,,,,,
,,,,,131000,,,10.4717435836792,59.35475158691406,59.889739990234375,62.169677734375,0.21399999999999997,0.001
,,,,,131857,104.889084,1000,,,,,,
,,,,,131984,34.102524,127,,,,,,
,,,,,132000,,,10.974237442016602,53.484004974365234,52.55850601196289,74.67870330810547,0.20799999999999996,0.001
,,,,,132984,122.562546,1000,,,,,,
,,,,,133000,,,8.388683319091797,66.47998809814453,66.55449676513672,50.076988220214844,0.20199999999999996,0.001
,,,,,133984,140.76611,1000,,,,,,
,,,,,134000,,,18.594018936157227,40.088802337646484,39.456722259521484,89.67229461669922,0.19599999999999995,0.001
,,,,,134984,123.47924,1000,,,,,,
,,,,,135000,,,22.460512161254883,50.69624328613281,50.632347106933594,88.6092758178711,0.18999999999999995,0.001
,,,,,135151,7.136757,167,,,,,,
,,,,,136000,,,15.565301895141602,47.241851806640625,47.37840270996094,85.6457748413086,0.18400000000000005,0.001
,,,,,136151,94.711586,1000,,,,,,
,,,,,136487,304.05396,336,,,,,,
,,,,,137000,,,92.4248275756836,47.236244201660156,49.02077865600586,505.8672790527344,0.17799999999999994,0.001
,,,,,137487,130.55803,1000,,,,,,
,,,,,138000,,,44.621681213378906,52.314701080322266,52.947479248046875,133.34286499023438,0.17199999999999993,0.001
,,,,,138254,244.6471,767,,,,,,
,,,,,138397,30.546143,143,,,,,,
,,,,,138700,287.64078,303,,,,,,
,,,,,139000,,,22.55317497253418,55.609580993652344,56.192100524902344,95.54383850097656,0.16600000000000004,0.001
,,,,,139118,168.93338,418,,,,,,
,,,,,139606,245.59221,488,,,,,,
181.85,60.95535,280.3064,107.063194,718.2,140000,,,67.95536804199219,39.83590316772461,42.31293487548828,219.6241912841797,0.15999999999999992,0.001
,,,,,140007,-169.57265,401,,,,,,
,,,,,140537,248.19292,530,,,,,,
,,,,,141000,,,5.509891033172607,57.711238861083984,57.43531799316406,48.35000991821289,0.15400000000000003,0.001
,,,,,141537,64.00252,1000,,,,,,
,,,,,141979,245.38223,442,,,,,,
,,,,,142000,,,9.144937515258789,49.99685287475586,49.90428161621094,85.1943588256836,0.14800000000000002,0.001
,,,,,142979,114.20659,1000,,,,,,
,,,,,143000,,,9.28722095489502,39.31218338012695,39.85731887817383,61.39918899536133,0.1419999999999999,0.001
,,,,,143602,145.23744,623,,,,,,
,,,,,144000,,,21.624778747558594,41.45032501220703,41.14584732055664,132.5474853515625,0.136,0.001
,,,,,144602,138.83867,1000,,,,,,
,,,,,145000,,,8.137059211730957,63.500946044921875,63.38072967529297,64.73699188232422,0.13,0.001
,,,,,145481,76.04212,879,,,,,,
,,,,,146000,221.94936,519,,,,,,
,,,,,146000,,,27.59090805053711,59.23340606689453,57.73046112060547,104.97317504882812,0.12399999999999989,0.001
,,,,,147000,57.962864,1000,,,,,,
,,,,,147000,,,19.75429344177246,65.54339599609375,66.1863784790039,84.09435272216797,0.118,0.001
,,,,,148000,-113.83874,1000,,,,,,
,,,,,148000,,,13.94277572631836,45.92034149169922,45.85218811035156,91.01678466796875,0.11199999999999999,0.001
,,,,,148894,216.39426,894,,,,,,
,,,,,149000,,,18.04537582397461,48.05644226074219,48.71770095825195,91.26113891601562,0.10599999999999998,0.001
,,,,,149171,268.62408,277,,,,,,
234.07974,47.135406,298.7549,131.24692,345.7,150000,,,43.86611557006836,66.43537902832031,66.4737548828125,193.87535095214844,0.1,0.001
,,,,,150024,213.00212,853,,,,,,
,,,,,150528,292.42407,504,,,,,,
,,,,,150926,260.68158,398,,,,,,
,,,,,151000,,,8.14212417602539,51.921791076660156,52.19924545288086,77.09761810302734,0.09946666666666668,0.001
,,,,,151432,-249.2517,506,,,,,,
,,,,,151775,226.72105,343,,,,,,
,,,,,152000,,,9.40284252166748,53.812477111816406,53.79107666015625,64.98278045654297,0.09893333333333335,0.001
,,,,,152654,198.85294,879,,,,,,
,,,,,153000,,,5.9723286628723145,61.29328918457031,61.21378707885742,54.42044448852539,0.0984,0.001
,,,,,153089,163.40817,435,,,,,,
,,,,,154000,,,12.054300308227539,59.94180679321289,60.34968566894531,104.04317474365234,0.09786666666666667,0.001
,,,,,154089,-98.56325,1000,,,,,,
,,,,,154394,245.62593,305,,,,,,
,,,,,155000,,,6.392005920410156,36.13319396972656,36.75768280029297,63.71074295043945,0.09733333333333334,0.001
,,,,,155394,3.770797,1000,,,,,,
,,,,,155761,271.16055,367,,,,,,
,,,,,156000,,,3.9424936771392822,71.93927001953125,71.55006408691406,53.08076095581055,0.09680000000000001,0.001
,,,,,156346,267.32178,585,,,,,,
,,,,,157000,,,5.453068733215332,66.56721496582031,65.98281860351562,52.64389419555664,0.09626666666666667,0.001
,,,,,157004,257.65668,658,,,,,,
,,,,,157348,266.53687,344,,,,,,
,,,,,157788,279.34552,440,,,,,,
,,,,,158000,,,23.14594841003418,50.008243560791016,50.05049514770508,83.17106628417969,0.09573333333333334,0.001
,,,,,158326,-270.4059,538,,,,,,
,,,,,158798,233.61444,472,,,,,,
,,,,,159000,,,6.569655895233154,52.6208381652832,53.31322479248047,83.64734649658203,0.0952,0.001
,,,,,159076,255.92271,278,,,,,,
,,,,,159456,261.7621,380,,,,,,
,,,,,159901,220.03877,445,,,,,,
-9.581479,180.80684,195.3321,-335.5758,720.9,160000,,,4.063965797424316,61.05904769897461,61.48412322998047,59.632686614990234,0.09466666666666668,0.001
,,,,,160265,240.79512,364,,,,,,
,,,,,161000,,,5.690563678741455,69.69286346435547,69.5482177734375,38.41147232055664,0.09413333333333333,0.001
,,,,,161228,122.95209,963,,,,,,
,,,,,162000,,,16.922475814819336,52.106529235839844,51.948890686035156,83.96891784667969,0.0936,0.001
,,,,,162136,155.31189,908,,,,,,
,,,,,163000,,,9.451362609863281,58.69157409667969,58.488895416259766,54.81147003173828,0.09306666666666667,0.001
,,,,,163136,9.767852,1000,,,,,,
,,,,,163391,-163.26718,255,,,,,,
,,,,,163922,247.40477,531,,,,,,
,,,,,164000,,,11.712387084960938,60.68344497680664,61.44635772705078,77.83902740478516,0.09253333333333334,0.001
,,,,,164397,255.0369,475,,,,,,
,,,,,164858,278.7046,461,,,,,,
,,,,,165000,,,8.194131851196289,54.02684020996094,54.11125564575195,53.97032928466797,0.092,0.001
,,,,,165297,234.03752,439,,,,,,
,,,,,165586,271.50592,289,,,,,,
,,,,,165975,231.18951,389,,,,,,
,,,,,166000,,,11.252704620361328,50.850677490234375,50.89794158935547,76.57108306884766,0.09146666666666667,0.001
,,,,,166399,-143.67725,424,,,,,,
,,,,,166722,257.07758,323,,,,,,
,,,,,167000,,,10.886550903320312,65.03883361816406,65.18612670898438,66.3707046508789,0.09093333333333334,0.001
,,,,,167295,195.05148,573,,,,,,
,,,,,167863,287.57468,568,,,,,,
,,,,,168000,,,5.09235954284668,55.61506271362305,56.07345199584961,59.02592086791992,0.09040000000000001,0.001
,,,,,168262,-72.45259,399,,,,,,
,,,,,168691,278.10724,429,,,,,,
,,,,,169000,,,15.326616287231445,42.108604431152344,41.9837646484375,76.10480499267578,0.08986666666666668,0.001
,,,,,169311,231.9951,620,,,,,,
,,,,,169884,217.80954,573,,,,,,
182.08025,123.57827,282.38556,-83.69328,394.3,170000,,,24.38913345336914,52.21994400024414,51.10270690917969,148.0675811767578,0.08933333333333333,0.001
,,,,,170273,226.47644,389,,,,,,
,,,,,170930,218.8324,657,,,,,,
,,,,,171000,,,13.448243141174316,65.28423309326172,65.33611297607422,53.14638137817383,0.0888,0.001
,,,,,171188,296.0569,258,,,,,,
,,,,,171498,236.90738,310,,,,,,
,,,,,172000,,,5.233885765075684,61.749542236328125,62.041072845458984,67.6424560546875,0.08826666666666667,0.001
,,,,,172320,-142.85977,822,,,,,,
,,,,,173000,,,14.319296836853027,62.594017028808594,62.52049255371094,62.925926208496094,0.08773333333333334,0.001
,,,,,173045,271.9755,725,,,,,,
,,,,,173405,235.62221,360,,,,,,
,,,,,173759,299.37115,354,,,,,,
,,,,,174000,,,11.054518699645996,55.840213775634766,54.339019775390625,126.53522491455078,0.0872,0.001
,,,,,174307,235.59816,548,,,,,,
,,,,,174659,262.32367,352,,,,,,
,,,,,174964,296.6804,305,,,,,,
,,,,,175000,,,22.479169845581055,55.41639709472656,56.23595428466797,114.54325103759766,0.08666666666666667,0.001
,,,,,175325,258.28723,361,,,,,,
,,,,,176000,,,9.383708953857422,61.58988952636719,60.968196868896484,59.973419189453125,0.08613333333333334,0.001
,,,,,176325,13.937343,1000,,,,,,
,,,,,177000,,,13.742600440979004,60.92793273925781,62.43914794921875,141.7841339111328,0.08560000000000001,0.001
,,,,,177109,237.1701,784,,,,,,
,,,,,177284,26.824295,175,,,,,,
,,,,,177567,276.17184,283,,,,,,
,,,,,178000,,,6.710382461547852,45.04338073730469,45.32257080078125,50.21228790283203,0.08506666666666667,0.001
,,,,,178013,209.96776,446,,,,,,
,,,,,178619,203.0954,606,,,,,,
,,,,,178964,240.53662,345,,,,,,
,,,,,179000,,,10.049051284790039,48.87579345703125,49.67791748046875,85.0210189819336,0.08453333333333334,0.001
,,,,,179418,287.15857,454,,,,,,
,,,,,179682,234.15413,264,,,,,,
209.64792,65.11954,276.96136,69.40908,498.1,180000,,,10.033263206481934,48.76200866699219,48.50018310546875,59.15426254272461,0.084,0.001
,,,,,180029,261.3537,347,,,,,,
,,,,,180453,273.00714,424,,,,,,
,,,,,180945,262.2163,492,,,,,,
,,,,,181000,,,26.49689483642578,54.917091369628906,54.206390380859375,96.69979858398438,0.08346666666666668,0.001
,,,,,181249,284.53006,304,,,,,,
,,,,,181509,289.33057,260,,,,,,
,,,,,181888,255.37343,379,,,,,,
,,,,,182000,,,5.3879780769348145,73.9897232055664,74.284423828125,63.618221282958984,0.08293333333333333,0.001
,,,,,182827,210.73819,939,,,,,,
,,,,,183000,,,100.41192626953125,57.23198699951172,58.747100830078125,100.70545196533203,0.0824,0.001
,,,,,183289,243.29228,462,,,,,,
,,,,,183750,248.99928,461,,,,,,
,,,,,184000,,,11.005669593811035,54.8366813659668,54.35598373413086,72.63066864013672,0.08186666666666667,0.001
,,,,,184178,267.57806,428,,,,,,
,,,,,184706,230.87177,528,,,,,,
,,,,,185000,,,9.67559814453125,64.03351593017578,63.80982971191406,61.99293518066406,0.08133333333333334,0.001
,,,,,185649,242.45935,943,,,,,,
,,,,,185932,296.0238,283,,,,,,
,,,,,186000,,,16.74501609802246,58.24159240722656,58.363094329833984,88.40027618408203,0.08080000000000001,0.001
,,,,,186231,215.29831,299,,,,,,
,,,,,186877,256.84796,646,,,,,,
,,,,,187000,,,5.543136119842529,59.013267517089844,58.770057678222656,46.42930221557617,0.08026666666666667,0.001
,,,,,187463,265.0378,586,,,,,,
,,,,,187885,233.68619,422,,,,,,
,,,,,188000,,,33.7950553894043,48.782997131347656,49.174129486083984,135.2475128173828,0.07973333333333334,0.001
,,,,,188256,251.70041,371,,,,,,
,,,,,188671,297.43054,415,,,,,,
,,,,,189000,,,11.918268203735352,69.506591796875,68.80411529541016,69.31119537353516,0.0792,0.001
,,,,,189046,199.31238,375,,,,,,
,,,,,189481,210.37283,435,,,,,,
,,,,,189916,265.08148,435,,,,,,
202.8353,80.29994,267.35272,-2.4182587,499.5,190000,,,4.414141654968262,56.13425827026367,56.200965881347656,30.06787109375,0.07866666666666668,0.001
,,,,,190590,231.0881,674,,,,,,
,,,,,190777,-32.586708,187,,,,,,
,,,,,191000,,,5.522614479064941,59.54794692993164,59.886924743652344,41.2006721496582,0.07813333333333333,0.001
,,,,,191229,188.13885,452,,,,,,
,,,,,191554,-271.3983,325,,,,,,
,,,,,192000,,,4.9965691566467285,51.0508918762207,51.324039459228516,50.484832763671875,0.0776,0.001
,,,,,192111,166.09119,557,,,,,,
,,,,,192798,-298.5115,687,,,,,,
,,,,,193000,,,17.394033432006836,51.788692474365234,50.58488464355469,103.28864288330078,0.07706666666666667,0.001
,,,,,193284,283.18433,486,,,,,,
,,,,,193701,251.75908,417,,,,,,
,,,,,194000,,,5.157716274261475,65.93768310546875,65.86113739013672,40.85564041137695,0.07653333333333334,0.001
,,,,,194070,272.19043,369,,,,,,
,,,,,194248,250.82721,178,,,,,,
,,,,,194652,265.9897,404,,,,,,
,,,,,195000,,,5.350196838378906,62.49006652832031,62.084815979003906,47.24095153808594,0.07600000000000001,0.001
,,,,,195103,250.73485,451,,,,,,
,,,,,195575,255.92111,472,,,,,,
,,,,,195899,252.14319,324,,,,,,
,,,,,196000,,,6.540766716003418,65.1550521850586,64.95992279052734,90.70890045166016,0.07546666666666668,0.001
,,,,,196149,263.255,250,,,,,,
,,,,,196493,-5.5095215,344,,,,,,
,,,,,197000,,,6.798487663269043,65.13249969482422,65.14260864257812,55.915626525878906,0.07493333333333334,0.001
,,,,,197020,214.7692,527,,,,,,
,,,,,197492,255.10449,472,,,,,,
,,,,,197822,258.19446,330,,,,,,
,,,,,198000,,,14.446416854858398,67.95296478271484,68.31544494628906,86.95291900634766,0.07440000000000001,0.001
,,,,,198026,265.56927,204,,,,,,
,,,,,198336,292.84607,310,,,,,,
,,,,,198621,244.10391,285,,,,,,
,,,,,199000,,,18.87444305419922,59.15497589111328,58.94935607910156,176.43533325195312,0.07386666666666666,0.001
,,,,,199598,229.86467,977,,,,,,
174.98715,84.37406,256.0944,-8.261541,734.7,200000,,,16.7039794921875,66.03988647460938,66.34329986572266,67.89158630371094,0.07333333333333333,0.001
,,,,,200173,260.5154,575,,,,,,
,,,,,200389,274.86475,216,,,,,,
,,,,,200703,232.76285,314,,,,,,
,,,,,201000,,,13.374808311462402,60.102638244628906,60.24288558959961,89.13751220703125,0.0728,0.001
,,,,,201590,237.08524,887,,,,,,
,,,,,201913,210.55936,323,,,,,,
,,,,,202000,,,8.93696403503418,66.69477844238281,66.52720642089844,60.327816009521484,0.07226666666666667,0.001
,,,,,202186,253.6309,273,,,,,,
,,,,,202478,259.86206,292,,,,,,
,,,,,202828,254.86674,350,,,,,,
,,,,,203000,,,9.9724760055542,65.7120590209961,65.33274841308594,106.37539672851562,0.07173333333333334,0.001
,,,,,203828,-77.31241,1000,,,,,,
,,,,,203929,25.470665,101,,,,,,
,,,,,204000,,,92.63655090332031,60.62348937988281,61.478248596191406,92.51307678222656,0.07120000000000001,0.001
,,,,,204929,111.269356,1000,,,,,,
,,,,,205000,,,13.36473560333252,63.62895965576172,65.04203796386719,107.39636993408203,0.07066666666666667,0.001
,,,,,205215,278.57056,286,,,,,,
,,,,,205645,205.03723,430,,,,,,
,,,,,205913,256.48016,268,,,,,,
,,,,,206000,,,7.439838409423828,58.9310302734375,58.60116195678711,52.05589294433594,0.07013333333333334,0.001
,,,,,206480,229.09808,567,,,,,,
,,,,,207000,,,13.320277214050293,56.80061340332031,57.201316833496094,83.47592163085938,0.06960000000000001,0.001
,,,,,207062,286.7312,582,,,,,,
,,,,,207643,272.49033,581,,,,,,
,,,,,207859,261.4496,216,,,,,,
,,,,,208000,,,7.355051040649414,52.74033737182617,53.3293571472168,57.589107513427734,0.06906666666666667,0.001
,,,,,208191,258.8255,332,,,,,,
,,,,,208401,260.91016,210,,,,,,
,,,,,208797,280.19077,396,,,,,,
,,,,,209000,,,20.359437942504883,52.83218002319336,53.153995513916016,100.3020248413086,0.06853333333333333,0.001
,,,,,209068,257.6526,271,,,,,,
,,,,,209545,216.80635,477,,,,,,
190.74747,118.38636,309.96307,-54.070797,299.9,210000,,,2.964250326156616,60.00276184082031,59.75352096557617,29.931913375854492,0.068,0.001
,,,,,210224,209.05655,679,,,,,,
,,,,,210543,234.07053,319,,,,,,
,,,,,210899,299.78516,356,,,,,,
,,,,,211000,,,6.664857864379883,59.62729263305664,60.23435974121094,73.52323150634766,0.06746666666666667,0.001
,,,,,211378,224.57547,479,,,,,,
,,,,,211786,275.48758,408,,,,,,
,,,,,212000,,,23.517087936401367,61.1981315612793,60.9786262512207,91.48287200927734,0.06693333333333334,0.001
,,,,,212097,256.47955,311,,,,,,
,,,,,212485,236.56473,388,,,,,,
,,,,,212880,266.82285,395,,,,,,
,,,,,213000,,,87.89717864990234,49.86734390258789,51.015380859375,83.53996276855469,0.06640000000000001,0.001
,,,,,213130,273.23444,250,,,,,,
,,,,,213593,-261.011,463,,,,,,
,,,,,214000,,,10.10622501373291,57.839473724365234,58.72021484375,120.48712921142578,0.06586666666666667,0.001
,,,,,214019,-24.672775,426,,,,,,
,,,,,214241,247.60017,222,,,,,,
,,,,,214500,240.21854,259,,,,,,
,,,,,215000,,,7.026623725891113,66.68627166748047,66.56734466552734,65.28868865966797,0.06533333333333333,0.001
,,,,,215031,264.2473,531,,,,,,
,,,,,215454,277.76343,423,,,,,,
,,,,,215742,254.91154,288,,,,,,
,,,,,216000,,,3.042922019958496,64.603759765625,64.26773071289062,32.1538200378418,0.0648,0.001
,,,,,216035,262.3871,293,,,,,,
,,,,,216330,273.2704,295,,,,,,
,,,,,217000,,,20.279024124145508,58.89667892456055,58.27589416503906,97.63676452636719,0.06426666666666667,0.001
,,,,,217330,46.534912,1000,,,,,,
,,,,,218000,,,8.088432312011719,56.568172454833984,57.557044982910156,97.07910919189453,0.06373333333333334,0.001
,,,,,218330,-37.464077,1000,,,,,,
,,,,,219000,,,9.018152236938477,56.697059631347656,56.73003005981445,59.971031188964844,0.0632,0.001
,,,,,219089,232.30716,759,,,,,,
,,,,,219759,222.11313,670,,,,,,
212.93076,83.77713,271.29175,-32.571007,452.4,220000,,,26.926273345947266,72.79485321044922,72.20018005371094,92.2999496459961,0.06266666666666668,0.001
,,,,,220121,282.1416,362,,,,,,
,,,,,220722,278.3518,601,,,,,,
,,,,,221000,,,4.151125431060791,65.74823760986328,66.06687927246094,36.07695770263672,0.06213333333333334,0.001
,,,,,221627,136.46938,905,,,,,,
,,,,,222000,,,132.80117797851562,64.54483032226562,64.39140319824219,800.7339477539062,0.06160000000000001,0.001
,,,,,222176,238.99931,549,,,,,,
,,,,,222608,242.95465,432,,,,,,
,,,,,222783,285.5816,175,,,,,,
,,,,,223000,,,9.939533233642578,73.46534729003906,73.26045227050781,60.715946197509766,0.06106666666666667,0.001
,,,,,223034,240.71036,251,,,,,,
,,,,,223552,-103.757996,518,,,,,,
,,,,,223943,264.74234,391,,,,,,
,,,,,224000,,,8.805200576782227,73.32331085205078,73.82969665527344,46.83605194091797,0.060533333333333335,0.001
,,,,,224500,155.35153,557,,,,,,
,,,,,225000,,,4.75754976272583,73.43867492675781,72.9317855834961,43.58824157714844,0.060000000000000005,0.001
,,,,,225500,-0.33096355,1000,,,,,,
,,,,,226000,,,8.234902381896973,64.235107421875,64.70217895507812,60.661556243896484,0.05946666666666667,0.001
,,,,,226500,132.93605,1000,,,,,,
,,,,,226972,231.12808,472,,,,,,
,,,,,227000,,,5.074328422546387,72.0342788696289,71.47870635986328,53.302120208740234,0.05893333333333334,0.001
,,,,,227588,203.74413,616,,,,,,
,,,,,227824,266.97894,236,,,,,,
,,,,,228000,,,3.551473617553711,55.592529296875,55.37871170043945,30.25547981262207,0.0584,0.001
,,,,,228146,-135.24619,322,,,,,,
,,,,,228928,-160.19394,782,,,,,,
,,,,,229000,,,7.2640581130981445,59.18461608886719,58.8469352722168,55.54107666015625,0.05786666666666668,0.001
,,,,,229419,210.91084,491,,,,,,
147.63394,118.67054,267.32623,-113.32541,446.1,230000,,,3.73490571975708,61.108177185058594,60.65471649169922,40.5938720703125,0.05733333333333334,0.001
,,,,,230154,198.20953,735,,,,,,
,,,,,230424,275.54996,270,,,,,,
,,,,,230741,249.36766,317,,,,,,
,,,,,231000,,,112.023193359375,64.04273223876953,64.01765441894531,214.18862915039062,0.0568,0.001
,,,,,231380,295.32495,639,,,,,,
,,,,,232000,,,12.262024879455566,77.14771270751953,77.87657165527344,71.6755599975586,0.05626666666666667,0.001
,,,,,232300,-194.68567,920,,,,,,
,,,,,232754,251.26744,454,,,,,,
,,,,,232981,282.21124,227,,,,,,
,,,,,233000,,,20.377485275268555,55.29493713378906,55.92203903198242,101.50849151611328,0.055733333333333336,0.001
,,,,,233208,268.50977,227,,,,,,
,,,,,233486,274.3151,278,,,,,,
,,,,,234000,,,254.7696533203125,69.29580688476562,68.06932830810547,485.9271240234375,0.0552,0.001
,,,,,234486,-52.727135,1000,,,,,,
,,,,,234832,250.0164,346,,,,,,
,,,,,235000,,,8.421104431152344,66.40711212158203,65.9822998046875,51.92818069458008,0.054666666666666676,0.001
,,,,,235254,241.34373,422,,,,,,
,,,,,235737,276.33133,483,,,,,,
,,,,,236000,,,19.79136848449707,64.16932678222656,63.678871154785156,86.76013946533203,0.05413333333333334,0.001
,,,,,236172,246.37671,435,,,,,,
,,,,,236792,237.08769,620,,,,,,
,,,,,237000,,,6.265384674072266,65.58230590820312,64.95515441894531,49.58578872680664,0.05360000000000001,0.001
,,,,,237072,289.12106,280,,,,,,
,,,,,237328,290.714,256,,,,,,
,,,,,237640,283.02313,312,,,,,,
,,,,,237898,316.4504,258,,,,,,
,,,,,238000,,,13.095748901367188,60.53147888183594,60.86103820800781,65.4154052734375,0.05306666666666667,0.001
,,,,,238250,225.034,352,,,,,,
,,,,,238553,261.07214,303,,,,,,
,,,,,238966,248.03047,413,,,,,,
,,,,,239000,,,6.519162654876709,68.27262878417969,68.00617218017578,50.726566314697266,0.052533333333333335,0.001
,,,,,239167,277.87958,201,,,,,,
,,,,,239417,291.78625,250,,,,,,
,,,,,239697,294.44318,280,,,,,,
231.84013,37.177994,279.95862,165.4357,371.7,240000,,,8.247186660766602,58.66226577758789,58.06525421142578,57.253841400146484,0.052000000000000005,0.001
,,,,,240014,231.99898,317,,,,,,
,,,,,240278,280.04443,264,,,,,,
,,,,,240540,254.96663,262,,,,,,
,,,,,240929,245.70131,389,,,,,,
,,,,,241000,,,6.286273002624512,74.99452209472656,74.360595703125,79.42567443847656,0.05146666666666667,0.001
,,,,,241450,206.39783,521,,,,,,
,,,,,241752,225.19847,302,,,,,,
,,,,,242000,,,11.492570877075195,72.97835540771484,73.0684585571289,86.0111312866211,0.050933333333333344,0.001
,,,,,242029,278.551,277,,,,,,
,,,,,242281,284.0844,252,,,,,,
,,,,,242627,202.74828,346,,,,,,
,,,,,242922,241.69124,295,,,,,,
,,,,,243000,,,9.394562721252441,62.421356201171875,62.22158432006836,53.57988739013672,0.05040000000000001,0.001
,,,,,243331,224.6435,409,,,,,,
,,,,,244000,,,76.03727722167969,52.998722076416016,54.063758850097656,128.981201171875,0.04986666666666667,0.001
,,,,,244107,196.07123,776,,,,,,
,,,,,244396,259.42563,289,,,,,,
,,,,,245000,,,4.413476467132568,66.47054290771484,67.10816192626953,52.07014465332031,0.04933333333333334,0.001
,,,,,245126,224.35913,730,,,,,,
,,,,,245485,266.0288,359,,,,,,
,,,,,246000,,,7.672850131988525,65.09344482421875,64.50939178466797,61.021575927734375,0.0488,0.001
,,,,,246238,209.63596,753,,,,,,
,,,,,246560,224.47339,322,,,,,,
,,,,,246801,246.75334,241,,,,,,
,,,,,247000,,,8.901147842407227,55.106788635253906,54.57938003540039,80.9207534790039,0.04826666666666667,0.001
,,,,,247460,146.38986,659,,,,,,
,,,,,247750,221.15176,290,,,,,,
,,,,,248000,,,37.07218551635742,60.23082733154297,61.80527877807617,149.3790283203125,0.047733333333333336,0.001
,,,,,248672,103.22485,922,,,,,,
,,,,,248884,233.58093,212,,,,,,
,,,,,249000,,,35.72615051269531,75.30168914794922,74.4653091430664,233.43228149414062,0.0472,0.001
,,,,,249229,267.37378,345,,,,,,
,,,,,249503,254.42433,274,,,,,,
,,,,,249927,242.59532,424,,,,,,
176.09276,113.02875,278.9687,-41.04975,476.1,250000,,,4.743131637573242,63.99604797363281,63.95858383178711,48.112281799316406,0.046666666666666676,0.001
,,,,,250140,257.9475,213,,,,,,
,,,,,250449,241.2463,309,,,,,,
,,,,,250664,255.32114,215,,,,,,
,,,,,251000,,,7.405240058898926,69.41786193847656,69.75814819335938,70.97644805908203,0.04613333333333334,0.001
,,,,,251371,185.9177,707,,,,,,
,,,,,251651,-188.58478,280,,,,,,
,,,,,251865,230.16669,214,,,,,,
,,,,,252000,,,7.261316299438477,72.41661834716797,72.15764617919922,69.68951416015625,0.0456,0.001
,,,,,252793,53.183956,928,,,,,,
,,,,,253000,,,14.43746280670166,68.89238739013672,68.68065643310547,93.54681396484375,0.04506666666666667,0.001
,,,,,253120,217.46756,327,,,,,,
,,,,,253445,260.7539,325,,,,,,
,,,,,253876,-135.55423,431,,,,,,
,,,,,254000,,,10.052720069885254,57.72206115722656,58.217140197753906,78.50877380371094,0.044533333333333334,0.001
,,,,,254450,283.05643,574,,,,,,
,,,,,254862,230.14229,412,,,,,,
,,,,,255000,,,11.085273742675781,69.88114929199219,70.72616577148438,109.37248992919922,0.04400000000000001,0.001
,,,,,255286,256.7664,424,,,,,,
,,,,,255670,238.85217,384,,,,,,
,,,,,255956,283.70444,286,,,,,,
,,,,,256000,,,6.766612529754639,57.481422424316406,56.981689453125,60.00283432006836,0.043466666666666674,0.001
,,,,,256091,-1.0075302,135,,,,,,
,,,,,256486,269.36148,395,,,,,,
,,,,,256927,192.88766,441,,,,,,
,,,,,257000,,,70.48551177978516,69.75080871582031,69.74526977539062,93.97209167480469,0.04293333333333334,0.001
,,,,,257555,250.52567,628,,,,,,
,,,,,257797,283.56314,242,,,,,,
,,,,,258000,,,10.860749244689941,65.24746704101562,66.25830078125,104.49810791015625,0.04240000000000001,0.001
,,,,,258134,295.4355,337,,,,,,
,,,,,258389,237.05933,255,,,,,,
,,,,,259000,,,4.309556007385254,68.58643341064453,68.77513885498047,46.69729232788086,0.04186666666666667,0.001
,,,,,259042,-134.10382,653,,,,,,
,,,,,259364,302.3658,322,,,,,,
,,,,,259631,264.45795,267,,,,,,
195.45259,94.60245,267.3922,-53.77185,481.2,260000,,,12.012139320373535,56.25120162963867,56.446083068847656,105.95145416259766,0.04133333333333334,0.001
,,,,,260195,264.01166,564,,,,,,
,,,,,260463,232.59122,268,,,,,,
,,,,,260795,217.4127,332,,,,,,
,,,,,261000,,,8.10372257232666,63.31929397583008,63.004276275634766,73.93585205078125,0.0408,0.001
,,,,,261155,206.01611,360,,,,,,
,,,,,261388,238.87941,233,,,,,,
,,,,,261916,259.83774,528,,,,,,
,,,,,262000,,,21.45047950744629,66.78797149658203,66.50251007080078,68.66352844238281,0.040266666666666666,0.001
,,,,,262371,221.68271,455,,,,,,
,,,,,263000,,,6.953573703765869,70.98224639892578,70.91878509521484,60.47059631347656,0.03973333333333334,0.001
,,,,,263100,143.98897,729,,,,,,
,,,,,263328,242.51971,228,,,,,,
,,,,,263622,281.1232,294,,,,,,
,,,,,264000,,,6.967275619506836,74.05335235595703,74.694580078125,67.00125122070312,0.039200000000000006,0.001
,,,,,264124,201.96918,502,,,,,,
,,,,,264519,270.82745,395,,,,,,
,,,,,264788,207.0845,269,,,,,,
,,,,,265000,,,8.494243621826172,68.15827178955078,67.78718566894531,78.3128662109375,0.03866666666666667,0.001
,,,,,265009,266.2677,221,,,,,,
,,,,,265422,241.70012,413,,,,,,
,,,,,265718,-285.99316,296,,,,,,
,,,,,266000,,,3.8665542602539062,74.89501190185547,75.23815155029297,39.88752365112305,0.03813333333333334,0.001
,,,,,266011,251.36649,293,,,,,,
,,,,,266142,19.0775,131,,,,,,
,,,,,266739,252.8786,597,,,,,,
,,,,,267000,,,20.40314292907715,62.66344451904297,62.8262825012207,80.66935729980469,0.0376,0.001
,,,,,267157,261.70428,418,,,,,,
,,,,,267341,274.96155,184,,,,,,
,,,,,267552,296.63025,211,,,,,,
,,,,,267863,286.7293,311,,,,,,
,,,,,268000,,,6.530772686004639,61.00453186035156,61.0434684753418,55.822418212890625,0.03706666666666668,0.001
,,,,,268275,260.61362,412,,,,,,
,,,,,268591,212.73505,316,,,,,,
,,,,,268820,276.90082,229,,,,,,
,,,,,269000,,,16.217670440673828,49.56298065185547,48.744476318359375,95.36160278320312,0.036533333333333334,0.001
,,,,,269220,260.21362,400,,,,,,
,,,,,269581,238.70193,361,,,,,,
,,,,,269764,265.63083,183,,,,,,
142.07198,87.458206,259.0061,-32.8861,673.6,270000,,,16.832901000976562,70.79708099365234,71.5059585571289,89.63069915771484,0.036000000000000004,0.001
,,,,,270056,287.6336,292,,,,,,
,,,,,270560,267.7472,504,,,,,,
,,,,,270766,234.21602,206,,,,,,
,,,,,271000,,,10.240601539611816,77.88401794433594,77.96134948730469,57.640811920166016,0.035466666666666674,0.001
,,,,,271083,282.26993,317,,,,,,
,,,,,271337,304.59845,254,,,,,,
,,,,,271601,250.28336,264,,,,,,
,,,,,271826,279.47986,225,,,,,,
,,,,,272000,,,11.100533485412598,72.7308578491211,72.75617218017578,108.76739501953125,0.03493333333333333,0.001
,,,,,272194,306.19794,368,,,,,,
,,,,,272567,254.54349,373,,,,,,
,,,,,272687,33.287277,120,,,,,,
,,,,,273000,,,78.48651123046875,67.13473510742188,67.34304809570312,100.16138458251953,0.034400000000000014,0.001
,,,,,273069,283.85364,382,,,,,,
,,,,,273385,271.6383,316,,,,,,
,,,,,273650,288.58353,265,,,,,,
,,,,,273916,266.75696,266,,,,,,
,,,,,274000,,,7.649767875671387,64.55007934570312,64.16151428222656,51.654457092285156,0.03386666666666667,0.001
,,,,,274177,273.42828,261,,,,,,
,,,,,274358,250.14937,181,,,,,,
,,,,,274858,268.53284,500,,,,,,
,,,,,275000,,,4.835289478302002,69.02304077148438,68.55885314941406,51.68960952758789,0.03333333333333334,0.001
,,,,,275015,3.904358,157,,,,,,
,,,,,275357,245.56636,342,,,,,,
,,,,,275642,283.36557,285,,,,,,
,,,,,275945,289.4759,303,,,,,,
,,,,,276000,,,11.294678688049316,63.848548889160156,63.24327087402344,124.76299285888672,0.03280000000000001,0.001
,,,,,276166,278.8015,221,,,,,,
,,,,,276398,273.4071,232,,,,,,
,,,,,276612,219.53636,214,,,,,,
,,,,,277000,,,18.362668991088867,66.73526763916016,66.80347442626953,109.57331085205078,0.032266666666666666,0.001
,,,,,277336,182.9371,724,,,,,,
,,,,,277658,288.18878,322,,,,,,
,,,,,277844,289.72296,186,,,,,,
,,,,,278000,,,6.263382911682129,65.70101165771484,65.66728210449219,49.05194854736328,0.031733333333333336,0.001
,,,,,278032,262.7482,188,,,,,,
,,,,,278296,242.14302,264,,,,,,
,,,,,278594,253.98947,298,,,,,,
,,,,,279000,,,10.282936096191406,54.16684341430664,54.273658752441406,68.68390655517578,0.031200000000000006,0.001
,,,,,279194,266.29526,600,,,,,,
,,,,,279329,-17.48085,135,,,,,,
,,,,,279544,46.108337,215,,,,,,
231.2448,62.01047,277.80035,50.822662,244.0,280000,,,20.596879959106445,60.876197814941406,60.43624496459961,95.42155456542969,0.03066666666666666,0.001
,,,,,280147,246.01878,603,,,,,,
,,,,,280510,276.9209,363,,,,,,
,,,,,280786,269.7685,276,,,,,,
,,,,,281000,,,9.964362144470215,69.96521759033203,70.5092544555664,67.8762435913086,0.030133333333333345,0.001
,,,,,281202,282.03748,416,,,,,,
,,,,,281540,287.64264,338,,,,,,
,,,,,282000,,,15.114192962646484,70.10737609863281,70.14081573486328,110.42497253417969,0.0296,0.001
,,,,,282088,232.20837,548,,,,,,
,,,,,282306,255.21721,218,,,,,,
,,,,,282650,240.42792,344,,,,,,
,,,,,282957,246.18968,307,,,,,,
,,,,,283000,,,6.641295909881592,69.92610931396484,70.31304168701172,44.99034118652344,0.02906666666666667,0.001
,,,,,283233,207.36868,276,,,,,,
,,,,,283497,250.88762,264,,,,,,
,,,,,283768,271.84286,271,,,,,,
,,,,,284000,,,9.204302787780762,72.0589370727539,71.99955749511719,62.55740737915039,0.02853333333333334,0.001
,,,,,284215,225.1258,447,,,,,,
,,,,,284577,250.57124,362,,,,,,
,,,,,285000,,,5.141441345214844,67.35587310791016,67.18573760986328,41.40727615356445,0.027999999999999997,0.001
,,,,,285102,225.22188,525,,,,,,
,,,,,285844,170.29253,742,,,,,,
,,,,,286000,,,8.634309768676758,70.3903579711914,70.67430114746094,59.83871841430664,0.02746666666666668,0.001
,,,,,286298,229.15532,454,,,,,,
,,,,,286560,236.13239,262,,,,,,
,,,,,286800,260.83374,240,,,,,,
,,,,,286947,51.68167,147,,,,,,
,,,,,287000,,,6.225675582885742,77.96958923339844,78.23334503173828,72.18060302734375,0.026933333333333337,0.001
,,,,,287111,272.24445,164,,,,,,
,,,,,287337,261.1233,226,,,,,,
,,,,,287629,249.6949,292,,,,,,
,,,,,287950,258.70834,321,,,,,,
,,,,,288000,,,269.0714111328125,69.48733520507812,71.52886199951172,200.71875,0.026400000000000007,0.001
,,,,,288651,168.14072,701,,,,,,
,,,,,289000,,,5.6591949462890625,68.75789642333984,67.81856536865234,59.111572265625,0.025866666666666677,0.001
,,,,,289033,290.4079,382,,,,,,
,,,,,289225,49.5567,192,,,,,,
,,,,,289367,2.076355,142,,,,,,
,,,,,289936,267.44263,569,,,,,,
154.946,90.227325,261.70874,-24.48867,527.8,290000,,,20.285507202148438,63.000526428222656,63.88951110839844,91.14933776855469,0.025333333333333333,0.001
,,,,,290200,207.72446,264,,,,,,
,,,,,290625,238.3432,425,,,,,,
,,,,,290849,243.49098,224,,,,,,
,,,,,291000,,,7.996133327484131,60.79335403442383,60.88562774658203,45.49128341674805,0.024800000000000003,0.001
,,,,,291117,280.53253,268,,,,,,
,,,,,291313,251.0194,196,,,,,,
,,,,,291532,257.74106,219,,,,,,
,,,,,291798,282.23795,266,,,,,,
,,,,,292000,,,6.504617691040039,64.2025375366211,63.6278076171875,44.954986572265625,0.024266666666666672,0.001
,,,,,292110,255.2445,312,,,,,,
,,,,,292406,263.60773,296,,,,,,
,,,,,292677,273.44812,271,,,,,,
,,,,,293000,,,3.8197548389434814,74.9402084350586,75.05386352539062,47.35154342651367,0.02373333333333333,0.001
,,,,,293472,168.48212,795,,,,,,
,,,,,293794,279.9838,322,,,,,,
,,,,,294000,,,5.971059799194336,74.58292388916016,74.74386596679688,44.39753723144531,0.023200000000000012,0.001
,,,,,294027,293.86475,233,,,,,,
,,,,,294289,242.17435,262,,,,,,
,,,,,294488,259.4677,199,,,,,,
,,,,,294644,-17.762764,156,,,,,,
,,,,,295000,,,120.52880096435547,65.89288330078125,68.38391876220703,98.70684051513672,0.02266666666666667,0.001
,,,,,295291,227.0152,647,,,,,,
,,,,,295682,274.66342,391,,,,,,
,,,,,295943,283.90277,261,,,,,,
,,,,,296000,,,6.0793633460998535,63.699771881103516,63.562950134277344,51.89867401123047,0.022133333333333338,0.001
,,,,,296232,290.7379,289,,,,,,
,,,,,296444,244.47781,212,,,,,,
,,,,,296710,285.9077,266,,,,,,
,,,,,296929,302.13635,219,,,,,,
,,,,,297000,,,4.379379749298096,68.50199127197266,68.61870574951172,41.019981384277344,0.021600000000000008,0.001
,,,,,297214,234.722,285,,,,,,
,,,,,297435,265.4336,221,,,,,,
,,,,,298000,,,5.772325038909912,74.13050842285156,73.83000183105469,55.78326416015625,0.021066666666666664,0.001
,,,,,298071,289.097,636,,,,,,
,,,,,298266,251.12865,195,,,,,,
,,,,,298474,263.9273,208,,,,,,
,,,,,299000,,,8.509171485900879,70.61692810058594,70.45700073242188,44.46048355102539,0.020533333333333334,0.001
,,,,,299152,223.4335,678,,,,,,
,,,,,299550,271.56586,398,,,,,,
,,,,,299762,243.79166,212,,,,,,
117.52323,171.49477,287.944,-181.65971,305.2,300000,,,2.549802303314209,68.9472885131836,68.93693542480469,30.715715408325195,0.02,0.001
,,,,,300040,245.05971,278,,,,,,
,,,,,300308,248.0769,268,,,,,,
,,,,,300521,285.7503,213,,,,,,
,,,,,300739,256.3244,218,,,,,,
,,,,,301000,,,6.593874931335449,65.56848907470703,65.4931640625,58.65056228637695,0.02,0.001
,,,,,301001,256.5678,262,,,,,,
,,,,,301644,192.69012,643,,,,,,
,,,,,301844,239.2788,200,,,,,,
,,,,,302000,,,5.0520100593566895,71.04830932617188,70.30435943603516,61.03129959106445,0.02,0.001
,,,,,302590,262.61926,746,,,,,,
,,,,,302799,-267.70993,209,,,,,,
,,,,,303000,,,12.421957969665527,74.59737396240234,74.11298370361328,76.74990844726562,0.02,0.001
,,,,,303287,242.7881,488,,,,,,
,,,,,303608,259.64606,321,,,,,,
,,,,,303871,287.03128,263,,,,,,
,,,,,304000,,,5.022150993347168,71.7039794921875,72.08992004394531,41.6180534362793,0.02,0.001
,,,,,304084,317.15717,213,,,,,,
,,,,,304844,161.42307,760,,,,,,
,,,,,305000,,,7.846117973327637,71.46017456054688,71.8987808227539,68.14521789550781,0.02,0.001
,,,,,305039,219.46373,195,,,,,,
,,,,,305501,231.75638,462,,,,,,
,,,,,305939,169.694,438,,,,,,
,,,,,306000,,,4.899174690246582,70.25301361083984,70.12709045410156,34.80831527709961,0.02,0.001
,,,,,306182,271.34033,243,,,,,,
,,,,,306544,260.27814,362,,,,,,
,,,,,306930,293.0346,386,,,,,,
,,,,,307000,,,13.81882381439209,69.24827575683594,69.57817840576172,126.14362335205078,0.02,0.001
,,,,,307260,285.73975,330,,,,,,
,,,,,307729,194.22214,469,,,,,,
,,,,,308000,,,5.8861799240112305,65.30560302734375,65.82524871826172,100.75941467285156,0.02,0.001
,,,,,308278,257.89954,549,,,,,,
,,,,,308751,229.45451,473,,,,,,
,,,,,309000,,,10.977882385253906,67.24644470214844,67.96424102783203,85.66270446777344,0.02,0.001
,,,,,309048,-146.45529,297,,,,,,
,,,,,309137,11.822189,89,,,,,,
,,,,,309318,243.16386,181,,,,,,
,,,,,309880,283.97382,562,,,,,,
258.676,37.765446,290.99158,155.62013,329.1,310000,,,7.1036200523376465,76.75312805175781,76.81867218017578,67.8182144165039,0.02,0.001
,,,,,310086,307.191,206,,,,,,
,,,,,310367,-145.74696,281,,,,,,
,,,,,310564,266.06125,197,,,,,,
,,,,,311000,,,6.511218547821045,76.71428680419922,76.12715911865234,67.78704833984375,0.02,0.001
,,,,,311287,177.08649,723,,,,,,
,,,,,311555,270.45667,268,,,,,,
,,,,,311755,279.38196,200,,,,,,
,,,,,311971,237.33789,216,,,,,,
,,,,,312000,,,9.393136978149414,60.80958557128906,60.05583953857422,73.41914367675781,0.02,0.001
,,,,,312242,317.21375,271,,,,,,
,,,,,312416,297.4727,174,,,,,,
,,,,,312712,258.4325,296,,,,,,
,,,,,312914,262.42578,202,,,,,,
,,,,,313000,,,6.454942226409912,60.56373596191406,60.434791564941406,47.846763610839844,0.02,0.001
,,,,,313402,199.08723,488,,,,,,
,,,,,313670,284.7936,268,,,,,,
,,,,,314000,,,9.208739280700684,65.29788208007812,66.36785125732422,96.25623321533203,0.02,0.001
,,,,,314024,251.82832,354,,,,,,
,,,,,314428,248.42891,404,,,,,,
,,,,,314793,206.68129,365,,,,,,
,,,,,314949,-3.2200928,156,,,,,,
,,,,,315000,,,3.1474521160125732,66.93781280517578,66.58494567871094,30.999923706054688,0.02,0.001
,,,,,315186,229.43768,237,,,,,,
,,,,,315326,28.47911,140,,,,,,
,,,,,315530,254.00142,204,,,,,,
,,,,,315897,212.34409,367,,,,,,
,,,,,316000,,,11.902716636657715,68.05872344970703,68.29560089111328,74.6853256225586,0.02,0.001
,,,,,316133,290.97446,236,,,,,,
,,,,,316436,287.27124,303,,,,,,
,,,,,316635,289.89587,199,,,,,,
,,,,,317000,,,7.777678489685059,67.35810852050781,67.60980987548828,50.58447265625,0.02,0.001
,,,,,317088,282.71362,453,,,,,,
,,,,,317546,250.4826,458,,,,,,
,,,,,317691,35.526367,145,,,,,,
,,,,,317994,244.22264,303,,,,,,
,,,,,318000,,,18.173542022705078,67.44376373291016,67.67505645751953,147.0756378173828,0.02,0.001
,,,,,318295,248.60869,301,,,,,,
,,,,,318513,298.2209,218,,,,,,
,,,,,318974,190.6518,461,,,,,,
,,,,,319000,,,4.061956405639648,62.55581283569336,62.461246490478516,33.610103607177734,0.02,0.001
,,,,,319273,294.8957,299,,,,,,
,,,,,319505,297.30792,232,,,,,,
,,,,,319749,292.6471,244,,,,,,
,,,,,319967,276.82562,218,,,,,,
226.08562,34.336227,268.56137,145.75705,376.8,320000,,,17.919939041137695,62.62729263305664,62.254730224609375,89.31867218017578,0.02,0.001
,,,,,320190,313.21484,223,,,,,,
,,,,,320430,294.72314,240,,,,,,
,,,,,320727,264.53094,297,,,,,,
,,,,,320898,58.144165,171,,,,,,
,,,,,321000,,,10.113582611083984,62.068519592285156,62.53932189941406,66.60372924804688,0.02,0.001
,,,,,321074,246.60463,176,,,,,,
,,,,,321288,289.06146,214,,,,,,
,,,,,321710,269.6269,422,,,,,,
,,,,,322000,,,8.178886413574219,62.72540283203125,63.08272933959961,77.92259979248047,0.02,0.001
,,,,,322112,209.86505,402,,,,,,
,,,,,322415,258.57547,303,,,,,,
,,,,,322790,231.26898,375,,,,,,
,,,,,323000,,,6.449573516845703,66.47515869140625,66.34759521484375,71.7408676147461,0.02,0.001
,,,,,323068,304.3827,278,,,,,,
,,,,,323317,252.78918,249,,,,,,
,,,,,323578,298.23734,261,,,,,,
,,,,,323850,296.10312,272,,,,,,
,,,,,324000,,,4.211778163909912,71.69932556152344,71.48113250732422,49.46016311645508,0.02,0.001
,,,,,324049,241.95021,199,,,,,,
,,,,,324147,66.09343,98,,,,,,
,,,,,324524,251.61783,377,,,,,,
,,,,,324824,259.126,300,,,,,,
,,,,,325000,,,8.629075050354004,70.48172760009766,69.53339385986328,82.64179992675781,0.02,0.001
,,,,,325556,174.77136,732,,,,,,
,,,,,325889,270.60388,333,,,,,,
,,,,,326000,,,4.896223068237305,65.38446044921875,64.82221221923828,53.61928939819336,0.02,0.001
,,,,,326139,310.14844,250,,,,,,
,,,,,326698,286.1888,559,,,,,,
,,,,,326971,247.77615,273,,,,,,
,,,,,327000,,,5.074141025543213,69.53813171386719,69.85527038574219,46.87019348144531,0.02,0.001
,,,,,327231,293.03564,260,,,,,,
,,,,,327559,301.1388,328,,,,,,
,,,,,327774,273.38092,215,,,,,,
,,,,,327911,19.768097,137,,,,,,
,,,,,328000,,,9.625576972961426,69.5554428100586,69.79932403564453,58.52903366088867,0.02,0.001
,,,,,328163,269.9551,252,,,,,,
,,,,,328406,305.54803,243,,,,,,
,,,,,328525,-39.958942,119,,,,,,
,,,,,328826,287.27148,301,,,,,,
,,,,,329000,,,43.6654167175293,62.325164794921875,61.15226364135742,314.15643310546875,0.02,0.001
,,,,,329039,277.91495,213,,,,,,
,,,,,329272,227.20041,233,,,,,,
,,,,,329660,266.18948,388,,,,,,
,,,,,329990,278.89334,330,,,,,,
241.82556,46.259583,299.58194,120.17909,360.0,330000,,,9.636428833007812,72.02854919433594,71.91304779052734,69.54680633544922,0.02,0.001
,,,,,330508,-62.708878,518,,,,,,
,,,,,331000,,,10.358704566955566,64.66119384765625,65.18515014648438,89.71874237060547,0.02,0.001
,,,,,331007,283.88037,499,,,,,,
,,,,,331316,262.9062,309,,,,,,
,,,,,331543,290.92505,227,,,,,,
,,,,,331767,291.66327,224,,,,,,
,,,,,331973,264.51813,206,,,,,,
,,,,,332000,,,20.741540908813477,78.4160385131836,77.30506896972656,172.7176513671875,0.02,0.001
,,,,,332178,285.92664,205,,,,,,
,,,,,332527,295.57495,349,,,,,,
,,,,,332754,280.66632,227,,,,,,
,,,,,332991,253.55223,237,,,,,,
,,,,,333000,,,3.9792044162750244,66.07859802246094,66.39728546142578,42.023277282714844,0.02,0.001
,,,,,333196,-2.7466812,205,,,,,,
,,,,,334000,,,79.8276138305664,60.53959655761719,61.54389190673828,112.93596649169922,0.02,0.001
,,,,,334196,116.36738,1000,,,,,,
,,,,,334415,273.13263,219,,,,,,
,,,,,334712,263.64557,297,,,,,,
,,,,,334890,45.589188,178,,,,,,
,,,,,335000,,,75.94775390625,69.03748321533203,68.86515808105469,113.44032287597656,0.02,0.001
,,,,,335139,284.10425,249,,,,,,
,,,,,336000,,,26.515413284301758,67.62703704833984,67.27214813232422,88.2892837524414,0.02,0.001
,,,,,336139,109.003876,1000,,,,,,
,,,,,336313,282.6336,174,,,,,,
,,,,,336519,301.32047,206,,,,,,
,,,,,336822,242.09286,303,,,,,,
,,,,,337000,,,6.77140998840332,78.63037872314453,78.85838317871094,42.0268669128418,0.02,0.001
,,,,,337058,299.71844,236,,,,,,
,,,,,337324,272.41397,266,,,,,,
,,,,,337765,229.1974,441,,,,,,
,,,,,338000,,,17.489654541015625,63.79443359375,62.81183624267578,108.25279235839844,0.02,0.001
,,,,,338102,269.48853,337,,,,,,
,,,,,338393,261.28055,291,,,,,,
,,,,,338633,255.52376,240,,,,,,
,,,,,338834,272.86383,201,,,,,,
,,,,,339000,,,6.587940216064453,69.5546875,68.84880828857422,59.43159866333008,0.02,0.001
,,,,,339148,285.06732,314,,,,,,
,,,,,339314,223.14328,166,,,,,,
,,,,,339532,291.9611,218,,,,,,
,,,,,339778,260.78302,246,,,,,,
152.96835,183.02013,307.43146,-184.87903,263.0,340000,,,6.184226989746094,77.02777862548828,77.21879577636719,54.27983093261719,0.02,0.001
,,,,,340002,309.41125,224,,,,,,
,,,,,340350,298.98654,348,,,,,,
,,,,,340632,260.09033,282,,,,,,
,,,,,340818,268.2989,186,,,,,,
,,,,,341000,,,6.100495338439941,70.30815124511719,70.48314666748047,61.3320426940918,0.02,0.001
,,,,,341117,200.89803,299,,,,,,
,,,,,341459,210.93109,342,,,,,,
,,,,,341754,289.19244,295,,,,,,
,,,,,342000,,,9.70114517211914,68.30845642089844,68.44844055175781,59.612274169921875,0.02,0.001
,,,,,342101,196.56876,347,,,,,,
,,,,,342297,271.8665,196,,,,,,
,,,,,342521,216.302,224,,,,,,
,,,,,342845,264.05963,324,,,,,,
,,,,,343000,,,6.875143527984619,70.2426528930664,71.14263153076172,76.56888580322266,0.02,0.001
,,,,,343111,257.5546,266,,,,,,
,,,,,343292,242.90117,181,,,,,,
,,,,,343530,216.69775,238,,,,,,
,,,,,343869,230.08253,339,,,,,,
,,,,,344000,,,13.310020446777344,58.3909912109375,58.33000183105469,96.97651672363281,0.02,0.001
,,,,,344236,221.35522,367,,,,,,
,,,,,344431,2.1920242,195,,,,,,
,,,,,344939,187.45662,508,,,,,,
,,,,,345000,,,3.001962423324585,77.89765930175781,78.45436096191406,35.431861877441406,0.02,0.001
,,,,,345397,261.21643,458,,,,,,
,,,,,345565,281.1666,168,,,,,,
,,,,,346000,,,13.615933418273926,76.76671600341797,76.00390625,101.64332580566406,0.02,0.001
,,,,,346078,181.83511,513,,,,,,
,,,,,346288,251.81154,210,,,,,,
,,,,,346487,301.73047,199,,,,,,
,,,,,346718,293.34714,231,,,,,,
,,,,,346920,273.3958,202,,,,,,
,,,,,347000,,,6.084622383117676,70.83953094482422,70.91252899169922,42.067840576171875,0.02,0.001
,,,,,347238,220.73566,318,,,,,,
,,,,,347427,258.65775,189,,,,,,
,,,,,347509,54.583603,82,,,,,,
,,,,,347699,285.0929,190,,,,,,
,,,,,347789,-3.8637543,90,,,,,,
,,,,,348000,,,9.381006240844727,75.16835021972656,74.65240478515625,68.44564819335938,0.02,0.001
,,,,,348063,283.6153,274,,,,,,
,,,,,348266,264.67053,203,,,,,,
,,,,,348534,262.838,268,,,,,,
,,,,,348841,223.32843,307,,,,,,
,,,,,349000,,,71.9565658569336,68.95802307128906,69.85640716552734,61.199554443359375,0.02,0.001
,,,,,349082,249.52374,241,,,,,,
,,,,,349336,290.18695,254,,,,,,
,,,,,349549,241.55302,213,,,,,,
,,,,,349845,291.43597,296,,,,,,
195.33957,106.59119,294.86542,-5.8901215,322.6,350000,,,4.528043270111084,73.6912841796875,73.45159149169922,39.12124252319336,0.02,0.001
,,,,,350453,188.54303,608,,,,,,
,,,,,350879,199.15396,426,,,,,,
,,,,,351000,,,8.321813583374023,70.81829071044922,71.30538940429688,62.36994934082031,0.02,0.001
,,,,,351075,288.80304,196,,,,,,
,,,,,351207,43.46431,132,,,,,,
,,,,,351540,251.33008,333,,,,,,
,,,,,351935,271.15836,395,,,,,,
,,,,,352000,,,33.36864471435547,65.63734436035156,65.59420776367188,114.52072143554688,0.02,0.001
,,,,,352256,248.72766,321,,,,,,
,,,,,352686,235.33432,430,,,,,,
,,,,,352948,227.26463,262,,,,,,
,,,,,353000,,,6.891855239868164,69.52754974365234,69.49423217773438,56.1234245300293,0.02,0.001
,,,,,353203,269.78796,255,,,,,,
,,,,,353535,264.44598,332,,,,,,
,,,,,353743,254.46054,208,,,,,,
,,,,,353893,260.7555,150,,,,,,
,,,,,354000,,,9.970898628234863,65.39433288574219,65.39484405517578,67.62718200683594,0.02,0.001
,,,,,354126,283.48938,233,,,,,,
,,,,,354469,214.35641,343,,,,,,
,,,,,354582,34.34256,113,,,,,,
,,,,,354927,250.90694,345,,,,,,
,,,,,355000,,,5.542458534240723,68.95870971679688,69.23674774169922,46.44124984741211,0.02,0.001
,,,,,355288,264.27545,361,,,,,,
,,,,,355553,239.46674,265,,,,,,
,,,,,355821,251.46342,268,,,,,,
,,,,,355998,289.5757,177,,,,,,
,,,,,356000,,,4.387873649597168,66.29721069335938,66.23925018310547,36.16452407836914,0.02,0.001
,,,,,356221,282.16156,223,,,,,,
,,,,,356349,3.9766006,128,,,,,,
,,,,,356681,302.14856,332,,,,,,
,,,,,357000,,,6.175529956817627,70.46524047851562,70.07889556884766,43.584808349609375,0.02,0.001
,,,,,357206,277.88956,525,,,,,,
,,,,,357366,58.102722,160,,,,,,
,,,,,357476,-20.4113,110,,,,,,
,,,,,357673,249.44849,197,,,,,,
,,,,,357908,259.0017,235,,,,,,
,,,,,358000,,,5.153730869293213,69.08784484863281,68.92143249511719,49.0753059387207,0.02,0.001
,,,,,358260,296.74274,352,,,,,,
,,,,,358463,-11.681404,203,,,,,,
,,,,,358710,278.7285,247,,,,,,
,,,,,358889,264.9408,179,,,,,,
,,,,,359000,,,20.039283752441406,74.03439331054688,73.12873077392578,118.55549621582031,0.02,0.001
,,,,,359092,-221.9562,203,,,,,,
,,,,,359506,275.1673,414,,,,,,
,,,,,359598,9.00779,92,,,,,,
,,,,,359735,-130.45776,137,,,,,,
191.89455,121.84665,284.31955,-83.075455,263.7,360000,,,5.9377055168151855,78.3177261352539,78.63795471191406,77.46711730957031,0.02,0.001
,,,,,360046,249.88657,311,,,,,,
,,,,,360218,33.87195,172,,,,,,
,,,,,360482,292.4383,264,,,,,,
,,,,,360697,284.401,215,,,,,,
,,,,,360925,323.51575,228,,,,,,
,,,,,361000,,,13.444904327392578,72.71350860595703,72.74195098876953,78.14686584472656,0.02,0.001
,,,,,361223,-195.86278,298,,,,,,
,,,,,361527,280.35852,304,,,,,,
,,,,,361803,313.50455,276,,,,,,
,,,,,362000,,,6.37477970123291,74.8167495727539,75.10017395019531,59.133094787597656,0.02,0.001
,,,,,362048,245.94806,245,,,,,,
,,,,,362466,271.10822,418,,,,,,
,,,,,362743,229.91425,277,,,,,,
,,,,,363000,,,3.895998001098633,69.91975402832031,70.01211547851562,33.61131286621094,0.02,0.001
,,,,,363013,233.12595,270,,,,,,
,,,,,363156,26.430748,143,,,,,,
,,,,,363375,266.4466,219,,,,,,
,,,,,363597,269.22906,222,,,,,,
,,,,,363775,293.48132,178,,,,,,
,,,,,364000,,,6.929442405700684,69.28743743896484,69.73876953125,76.5699234008789,0.02,0.001
,,,,,364017,265.77087,242,,,,,,
,,,,,364363,238.28975,346,,,,,,
,,,,,364563,228.35307,200,,,,,,
,,,,,364888,265.7908,325,,,,,,
,,,,,365000,,,3.7622523307800293,71.35263061523438,70.99436950683594,38.193031311035156,0.02,0.001
,,,,,365136,288.55463,248,,,,,,
,,,,,365404,275.9438,268,,,,,,
,,,,,365673,314.23187,269,,,,,,
,,,,,365875,283.11426,202,,,,,,
,,,,,366000,,,7.2107253074646,78.21430206298828,77.99737548828125,58.985267639160156,0.02,0.001
,,,,,366097,260.35712,222,,,,,,
,,,,,366299,262.87933,202,,,,,,
,,,,,366505,278.54144,206,,,,,,
,,,,,366604,-0.06098938,99,,,,,,
,,,,,366893,282.3026,289,,,,,,
,,,,,367000,,,7.8946709632873535,66.68295288085938,66.34998321533203,60.70336151123047,0.02,0.001
,,,,,367147,290.88882,254,,,,,,
,,,,,367548,248.73349,401,,,,,,
,,,,,367909,292.51218,361,,,,,,
,,,,,368000,,,11.47211742401123,67.87108612060547,67.73432922363281,81.73098754882812,0.02,0.001
,,,,,368146,254.22801,237,,,,,,
,,,,,368467,288.40918,321,,,,,,
,,,,,368753,286.4887,286,,,,,,
,,,,,368862,7.72406,109,,,,,,
,,,,,369000,,,8.993814468383789,67.95794677734375,67.53366088867188,63.23588180541992,0.02,0.001
,,,,,369186,244.9435,324,,,,,,
,,,,,369411,219.04788,225,,,,,,
,,,,,369567,4.983223,156,,,,,,
256.61557,32.66169,314.7779,182.75507,262.7,370000,,,6.564024925231934,59.116886138916016,58.92626953125,58.44532775878906,0.02,0.001
,,,,,370266,278.77728,699,,,,,,
,,,,,370447,304.61993,181,,,,,,
,,,,,371000,,,8.074633598327637,70.5770034790039,70.34788513183594,64.9004898071289,0.02,0.001
,,,,,371319,262.84515,872,,,,,,
,,,,,371560,274.25543,241,,,,,,
,,,,,371746,285.65903,186,,,,,,
,,,,,371894,273.32147,148,,,,,,
,,,,,372000,,,18.418352127075195,63.8739013671875,63.20879364013672,99.72151184082031,0.02,0.001
,,,,,372033,12.56218,139,,,,,,
,,,,,372383,260.46783,350,,,,,,
,,,,,372623,299.89783,240,,,,,,
,,,,,372798,290.2248,175,,,,,,
,,,,,373000,,,24.595396041870117,70.0130615234375,70.9953842163086,133.41456604003906,0.02,0.001
,,,,,373704,-152.61745,906,,,,,,
,,,,,374000,,,6.281500339508057,66.62748718261719,66.28710174560547,44.4931526184082,0.02,0.001
,,,,,374412,203.64754,708,,,,,,
,,,,,374692,282.96655,280,,,,,,
,,,,,374961,228.73026,269,,,,,,
,,,,,375000,,,9.68295669555664,61.778499603271484,62.00580978393555,61.76652526855469,0.02,0.001
,,,,,375188,259.7992,227,,,,,,
,,,,,375376,282.92026,188,,,,,,
,,,,,375692,273.1747,316,,,,,,
,,,,,375814,31.94632,122,,,,,,
,,,,,376000,,,6.138474464416504,69.73804473876953,69.79022979736328,52.50160598754883,0.02,0.001
,,,,,376014,259.7937,200,,,,,,
,,,,,376368,247.9504,354,,,,,,
,,,,,376524,242.98798,156,,,,,,
,,,,,376789,221.16269,265,,,,,,
,,,,,377000,,,6.319108963012695,70.17513275146484,69.98853302001953,59.67850875854492,0.02,0.001
,,,,,377029,232.2239,240,,,,,,
,,,,,377260,241.05682,231,,,,,,
,,,,,377467,275.01038,207,,,,,,
,,,,,377781,260.64172,314,,,,,,
,,,,,378000,,,55.4975700378418,70.71360778808594,71.6935043334961,122.25370025634766,0.02,0.001
,,,,,378039,277.57047,258,,,,,,
,,,,,378165,-95.584595,126,,,,,,
,,,,,378343,286.73615,178,,,,,,
,,,,,378579,281.7558,236,,,,,,
,,,,,378693,11.407257,114,,,,,,
,,,,,378906,221.11386,213,,,,,,
,,,,,378999,35.602905,93,,,,,,
,,,,,379000,,,3.0102953910827637,80.4571533203125,80.42575073242188,26.884523391723633,0.02,0.001
,,,,,379104,0.9186783,105,,,,,,
,,,,,379415,250.61284,311,,,,,,
,,,,,379586,-211.87186,171,,,,,,
,,,,,379814,278.1905,228,,,,,,
230.3793,38.724327,294.10086,172.29951,360.2,380000,,,80.28762817382812,70.46488952636719,69.6538314819336,241.12155151367188,0.02,0.001
,,,,,380034,300.35165,220,,,,,,
,,,,,380407,242.17876,373,,,,,,
,,,,,380540,-2.460312,133,,,,,,
,,,,,380755,266.30234,215,,,,,,
,,,,,380933,267.42914,178,,,,,,
,,,,,381000,,,19.557571411132812,64.0322036743164,63.851234436035156,132.41839599609375,0.02,0.001
,,,,,381263,247.33388,330,,,,,,
,,,,,381444,254.79329,181,,,,,,
,,,,,381662,232.21333,218,,,,,,
,,,,,381858,280.52417,196,,,,,,
,,,,,382000,,,6.904165744781494,69.32283020019531,68.85186004638672,57.74078369140625,0.02,0.001
,,,,,382172,279.77304,314,,,,,,
,,,,,382499,284.0786,327,,,,,,
,,,,,382815,276.23975,316,,,,,,
,,,,,382955,278.2105,140,,,,,,
,,,,,383000,,,3.447671890258789,82.74238586425781,82.79085540771484,40.26394271850586,0.02,0.001
,,,,,383121,288.20178,166,,,,,,
,,,,,383394,280.43356,273,,,,,,
,,,,,383503,49.5392,109,,,,,,
,,,,,383931,237.54155,428,,,,,,
,,,,,384000,,,10.73635482788086,68.25582885742188,68.6676025390625,95.04259490966797,0.02,0.001
,,,,,384160,245.85072,229,,,,,,
,,,,,384398,273.26233,238,,,,,,
,,,,,384635,280.2954,237,,,,,,
,,,,,384836,235.23535,201,,,,,,
,,,,,385000,,,6.476187229156494,71.44071960449219,71.16094207763672,45.18642044067383,0.02,0.001
,,,,,385052,229.81476,216,,,,,,
,,,,,385279,280.72766,227,,,,,,
,,,,,385540,264.0901,261,,,,,,
,,,,,385748,244.33029,208,,,,,,
,,,,,385930,261.1181,182,,,,,,
,,,,,386000,,,9.70053482055664,67.12106323242188,66.6607437133789,85.98554992675781,0.02,0.001
,,,,,386257,250.3792,327,,,,,,
,,,,,386626,253.77466,369,,,,,,
,,,,,386799,317.4397,173,,,,,,
,,,,,386997,272.69907,198,,,,,,
,,,,,387000,,,11.400100708007812,68.60326385498047,68.71028900146484,83.9531021118164,0.02,0.001
,,,,,387193,305.78723,196,,,,,,
,,,,,387371,277.2251,178,,,,,,
,,,,,387474,-137.19489,103,,,,,,
,,,,,387667,265.75098,193,,,,,,
,,,,,387920,269.82196,253,,,,,,
,,,,,388000,,,5.851413249969482,75.27269744873047,75.35319519042969,57.117679595947266,0.02,0.001
,,,,,388081,64.346985,161,,,,,,
,,,,,388441,275.9624,360,,,,,,
,,,,,388623,266.43182,182,,,,,,
,,,,,388848,284.9542,225,,,,,,
,,,,,389000,,,25.47915267944336,66.75357055664062,67.08076477050781,120.2061767578125,0.02,0.001
,,,,,389176,275.39563,328,,,,,,
,,,,,389673,269.58133,497,,,,,,
199.29185,108.51782,293.76236,-110.791046,289.0,390000,,,5.198808670043945,76.38908386230469,76.00152587890625,46.806758880615234,0.02,0.001
,,,,,390086,266.4859,413,,,,,,
,,,,,390546,276.56906,460,,,,,,
,,,,,390735,275.44714,189,,,,,,
,,,,,390935,233.74805,200,,,,,,
,,,,,391000,,,3.8082692623138428,68.99683380126953,68.9258804321289,31.672548294067383,0.02,0.001
,,,,,391132,247.1408,197,,,,,,
,,,,,391271,-134.67267,139,,,,,,
,,,,,391437,271.69446,166,,,,,,
,,,,,391722,250.58124,285,,,,,,
,,,,,392000,,,13.038735389709473,63.69921875,62.72877502441406,67.10231018066406,0.02,0.001
,,,,,392608,165.53925,886,,,,,,
,,,,,392795,260.40472,187,,,,,,
,,,,,392942,267.38513,147,,,,,,
,,,,,393000,,,6.670235633850098,69.46156311035156,69.41987609863281,49.015926361083984,0.02,0.001
,,,,,393068,38.530838,126,,,,,,
,,,,,393194,-147.3602,126,,,,,,
,,,,,394000,,,6.334570407867432,66.51898956298828,65.43089294433594,81.80512237548828,0.02,0.001
,,,,,394194,33.64444,1000,,,,,,
,,,,,394409,282.7514,215,,,,,,
,,,,,394590,240.70645,181,,,,,,
,,,,,394758,241.89882,168,,,,,,
,,,,,395000,,,4.957552909851074,74.3548583984375,74.39443969726562,41.23214340209961,0.02,0.001
,,,,,395065,278.84613,307,,,,,,
,,,,,395610,232.23715,545,,,,,,
,,,,,395749,267.5837,139,,,,,,
,,,,,395947,237.30034,198,,,,,,
,,,,,396000,,,10.338151931762695,76.24634552001953,76.03743743896484,67.33089447021484,0.02,0.001
,,,,,396205,-35.541313,258,,,,,,
,,,,,396317,57.4635,112,,,,,,
,,,,,396474,-119.38805,157,,,,,,
,,,,,397000,,,24.521333694458008,78.2121353149414,78.04649353027344,99.06080627441406,0.02,0.001
,,,,,397416,164.16455,942,,,,,,
,,,,,397994,245.74168,578,,,,,,
,,,,,398000,,,7.7875800132751465,69.21269226074219,68.62225341796875,67.81098937988281,0.02,0.001
,,,,,398275,263.98016,281,,,,,,
,,,,,398719,-207.76077,444,,,,,,
,,,,,399000,,,40.67609786987305,76.41230773925781,77.35747528076172,178.88624572753906,0.02,0.001
,,,,,399052,270.93765,333,,,,,,
,,,,,399288,257.44495,236,,,,,,
,,,,,399502,275.1552,214,,,,,,
,,,,,399852,235.7652,350,,,,,,
116.18105,165.44562,271.60315,-147.2874,439.3,400000,,,7.206570625305176,79.02202606201172,78.46886444091797,76.83979797363281,0.02,0.001
,,,,,400132,257.60175,280,,,,,,
,,,,,400340,291.21844,208,,,,,,
,,,,,400581,274.99133,241,,,,,,
,,,,,400747,245.12753,166,,,,,,
,,,,,401000,,,7.746170997619629,66.05894470214844,66.39743041992188,62.17658615112305,0.02,0.001
,,,,,401747,17.543282,1000,,,,,,
,,,,,401986,251.60617,239,,,,,,
,,,,,402000,,,9.904947280883789,77.27088928222656,77.1351318359375,64.2777099609375,0.02,0.001
,,,,,402196,239.4514,210,,,,,,
,,,,,402422,202.86952,226,,,,,,
,,,,,402737,273.34003,315,,,,,,
,,,,,402963,255.57245,226,,,,,,
,,,,,403000,,,4.162766456604004,82.22357940673828,82.3016586303711,34.47116470336914,0.02,0.001
,,,,,403330,257.87784,367,,,,,,
,,,,,403632,185.33084,302,,,,,,
,,,,,403812,311.42896,180,,,,,,
,,,,,404000,,,13.884305953979492,68.68284606933594,68.31623077392578,72.88423919677734,0.02,0.001
,,,,,404179,283.85315,367,,,,,,
,,,,,404416,255.88503,237,,,,,,
,,,,,404628,269.7271,212,,,,,,
,,,,,404821,268.0838,193,,,,,,
,,,,,405000,,,6.73568058013916,71.86962127685547,72.00847625732422,59.2319221496582,0.02,0.001
,,,,,405062,292.2712,241,,,,,,
,,,,,405302,290.56586,240,,,,,,
,,,,,406000,,,5.576990127563477,75.91502380371094,75.6827621459961,46.521244049072266,0.02,0.001
,,,,,406122,221.05054,820,,,,,,
,,,,,406392,252.9173,270,,,,,,
,,,,,406739,292.1423,347,,,,,,
,,,,,407000,,,65.85629272460938,64.72428894042969,65.43414306640625,121.64659118652344,0.02,0.001
,,,,,407044,202.92462,305,,,,,,
,,,,,407203,267.2625,159,,,,,,
,,,,,407689,194.02382,486,,,,,,
,,,,,407980,175.57433,291,,,,,,
,,,,,408000,,,2.9226596355438232,71.44318389892578,71.23648834228516,26.008094787597656,0.02,0.001
,,,,,408337,288.86005,357,,,,,,
,,,,,408549,-172.48442,212,,,,,,
,,,,,408664,13.211449,115,,,,,,
,,,,,408901,244.9818,237,,,,,,
,,,,,409000,,,13.524089813232422,80.37259674072266,80.08769989013672,80.34027862548828,0.02,0.001
,,,,,409122,204.84637,221,,,,,,
,,,,,409281,279.01642,159,,,,,,
,,,,,409445,233.54701,164,,,,,,
,,,,,409592,283.14203,147,,,,,,
,,,,,409749,304.04303,157,,,,,,
,,,,,409968,278.8758,219,,,,,,
193.56819,147.328,300.26495,-196.3176,243.3,410000,,,5.8958353996276855,68.54085540771484,68.12722778320312,49.074180603027344,0.02,0.001
,,,,,410171,281.16037,203,,,,,,
,,,,,410388,299.41324,217,,,,,,
,,,,,410870,186.66858,482,,,,,,
,,,,,411000,,,35.987762451171875,76.2177963256836,76.81440734863281,50.966583251953125,0.02,0.001
,,,,,411083,275.56696,213,,,,,,
,,,,,411364,270.98444,281,,,,,,
,,,,,411543,3.3430252,179,,,,,,
,,,,,411839,273.4799,296,,,,,,
,,,,,412000,,,7.701589107513428,73.6099853515625,72.78620910644531,81.33415222167969,0.02,0.001
,,,,,412327,189.11835,488,,,,,,
,,,,,412488,265.71027,161,,,,,,
,,,,,412675,285.64087,187,,,,,,
,,,,,413000,,,13.924458503723145,70.24128723144531,69.69151306152344,100.95825958251953,0.02,0.001
,,,,,413010,248.19563,335,,,,,,
,,,,,413243,281.2329,233,,,,,,
,,,,,413434,252.41092,191,,,,,,
,,,,,413709,219.77625,275,,,,,,
,,,,,413964,246.6631,255,,,,,,
,,,,,414000,,,3.828794479370117,76.0567398071289,75.5968246459961,52.61870574951172,0.02,0.001
,,,,,414317,246.90115,353,,,,,,
,,,,,414403,40.96039,86,,,,,,
,,,,,414617,280.50427,214,,,,,,
,,,,,414847,295.65436,230,,,,,,
,,,,,415000,,,9.804028511047363,74.83047485351562,74.84320831298828,66.35557556152344,0.02,0.001
,,,,,415176,309.44714,329,,,,,,
,,,,,415476,226.77481,300,,,,,,
,,,,,415665,275.72003,189,,,,,,
,,,,,415854,262.88535,189,,,,,,
,,,,,416000,,,9.560083389282227,81.89771270751953,81.72791290283203,98.51981353759766,0.02,0.001
,,,,,416111,272.20233,257,,,,,,
,,,,,416329,216.55566,218,,,,,,
,,,,,416609,294.82355,280,,,,,,
,,,,,416959,270.1477,350,,,,,,
,,,,,417000,,,7.288893699645996,79.18345642089844,79.3274917602539,53.433834075927734,0.02,0.001
,,,,,417246,293.45026,287,,,,,,
,,,,,417510,235.02316,264,,,,,,
,,,,,417662,252.41158,152,,,,,,
,,,,,417812,286.48593,150,,,,,,
,,,,,418000,,,18.531286239624023,72.86581420898438,73.054443359375,74.5716781616211,0.02,0.001
,,,,,418044,292.2793,232,,,,,,
,,,,,418288,187.23856,244,,,,,,
,,,,,418547,247.24522,259,,,,,,
,,,,,418697,278.97495,150,,,,,,
,,,,,418893,291.3075,196,,,,,,
,,,,,419000,,,11.865497589111328,76.7154312133789,75.80596160888672,91.65581512451172,0.02,0.001
,,,,,419092,273.42047,199,,,,,,
,,,,,419300,262.24152,208,,,,,,
,,,,,419481,248.32076,181,,,,,,
,,,,,419720,290.37006,239,,,,,,
172.34714,78.037796,287.0377,-3.1170807,616.8,420000,,,11.441581726074219,79.29204559326172,79.5224609375,71.22669219970703,0.02,0.001
,,,,,420143,256.4503,423,,,,,,
,,,,,420395,290.90442,252,,,,,,
,,,,,420836,271.64374,441,,,,,,
,,,,,420978,-33.257072,142,,,,,,
,,,,,421000,,,5.0450568199157715,77.96318054199219,77.7328872680664,46.35600280761719,0.02,0.001
,,,,,421384,286.90714,406,,,,,,
,,,,,421593,270.67258,209,,,,,,
,,,,,421671,49.301254,78,,,,,,
,,,,,421858,312.24884,187,,,,,,
,,,,,422000,,,8.340741157531738,81.87361145019531,81.58324432373047,73.18543243408203,0.02,0.001
,,,,,422039,271.47678,181,,,,,,
,,,,,422222,279.3164,183,,,,,,
,,,,,422521,268.84186,299,,,,,,
,,,,,422700,257.74268,179,,,,,,
,,,,,423000,,,12.651206970214844,80.4837417602539,80.50422668457031,54.03601837158203,0.02,0.001
,,,,,423060,-75.44746,360,,,,,,
,,,,,423289,296.3957,229,,,,,,
,,,,,423511,268.98337,222,,,,,,
,,,,,423598,20.78048,87,,,,,,
,,,,,423934,244.86345,336,,,,,,
,,,,,424000,,,7.821897029876709,73.48494720458984,74.20601654052734,108.07769012451172,0.02,0.001
,,,,,424249,208.38815,315,,,,,,
,,,,,424486,-117.30796,237,,,,,,
,,,,,424597,24.592178,111,,,,,,
,,,,,424787,230.24797,190,,,,,,
,,,,,425000,,,11.603446960449219,75.18446350097656,75.28744506835938,69.3050537109375,0.02,0.001
,,,,,425006,280.06653,219,,,,,,
,,,,,425604,218.1171,598,,,,,,
,,,,,425777,260.02234,173,,,,,,
,,,,,425960,237.4577,183,,,,,,
,,,,,426000,,,12.631366729736328,69.57476806640625,70.19649505615234,80.10831451416016,0.02,0.001
,,,,,426320,262.32495,360,,,,,,
,,,,,426925,247.2644,605,,,,,,
,,,,,427000,,,4.755278587341309,78.13032531738281,77.84854125976562,46.45158386230469,0.02,0.001
,,,,,427109,283.56653,184,,,,,,
,,,,,427272,235.9691,163,,,,,,
,,,,,427489,325.8692,217,,,,,,
,,,,,427735,247.59612,246,,,,,,
,,,,,427905,254.21272,170,,,,,,
,,,,,428000,,,44.80618667602539,81.05923461914062,81.67864227294922,55.60044479370117,0.02,0.001
,,,,,428151,263.53308,246,,,,,,
,,,,,428558,283.3418,407,,,,,,
,,,,,428946,264.02057,388,,,,,,
,,,,,429000,,,3.8691704273223877,76.58731842041016,77.43754577636719,72.62870025634766,0.02,0.001
,,,,,429380,255.8306,434,,,,,,
,,,,,429626,277.38635,246,,,,,,
,,,,,429803,291.66138,177,,,,,,
209.87337,60.069447,298.94055,128.21465,564.7,430000,,,5.358162879943848,69.68499755859375,69.20695495605469,54.741207122802734,0.02,0.001
,,,,,430032,275.73065,229,,,,,,
,,,,,430298,246.2519,266,,,,,,
,,,,,430763,216.17798,465,,,,,,
,,,,,431000,,,14.101794242858887,74.5240707397461,74.91106414794922,88.87177276611328,0.02,0.001
,,,,,431763,60.646374,1000,,,,,,
,,,,,431956,269.3504,193,,,,,,
,,,,,432000,,,8.910382270812988,77.97822570800781,77.48648834228516,63.37213897705078,0.02,0.001
,,,,,432214,289.1473,258,,,,,,
,,,,,432320,-17.81247,106,,,,,,
,,,,,432556,269.10095,236,,,,,,
,,,,,433000,,,7.540842533111572,74.2491683959961,74.3591079711914,43.62312316894531,0.02,0.001
,,,,,433201,224.73428,645,,,,,,
,,,,,433834,231.55067,633,,,,,,
,,,,,434000,,,7.518346786499023,77.50575256347656,77.31631469726562,66.55043029785156,0.02,0.001
,,,,,434081,266.44873,247,,,,,,
,,,,,435000,,,9.846606254577637,60.756248474121094,61.353294372558594,73.12037658691406,0.02,0.001
,,,,,435081,11.089651,1000,,,,,,
,,,,,435343,273.14697,262,,,,,,
,,,,,435578,308.8327,235,,,,,,
,,,,,436000,,,12.365089416503906,75.85720825195312,76.04129028320312,67.75595092773438,0.02,0.001
,,,,,436578,-75.69191,1000,,,,,,
,,,,,436856,249.4618,278,,,,,,
,,,,,437000,,,8.363836288452148,77.4979248046875,76.84149169921875,84.61251068115234,0.02,0.001
,,,,,437249,198.3584,393,,,,,,
,,,,,438000,,,5.882139205932617,71.86576843261719,71.56631469726562,50.38576126098633,0.02,0.001
,,,,,438147,143.86243,898,,,,,,
,,,,,438398,247.24274,251,,,,,,
,,,,,438524,-111.96842,126,,,,,,
,,,,,438990,195.40904,466,,,,,,
,,,,,439000,,,16.540111541748047,64.81822967529297,65.498779296875,68.37992095947266,0.02,0.001
,,,,,439389,252.67789,399,,,,,,
,,,,,439695,292.81375,306,,,,,,
84.11642,179.5766,251.28642,-375.00745,467.3,440000,,,14.524618148803711,81.46563720703125,82.03050994873047,81.50312805175781,0.02,0.001
,,,,,440078,223.79579,383,,,,,,
,,,,,440407,255.02818,329,,,,,,
,,,,,440619,-116.033875,212,,,,,,
,,,,,440993,171.06131,374,,,,,,
,,,,,441000,,,6.730688571929932,78.06311798095703,78.06908416748047,41.03147888183594,0.02,0.001
,,,,,441234,266.54327,241,,,,,,
,,,,,441448,280.3131,214,,,,,,
,,,,,441828,242.03755,380,,,,,,
,,,,,442000,,,10.312177658081055,76.11732482910156,75.47547149658203,49.662479400634766,0.02,0.001
,,,,,442012,245.66927,184,,,,,,
,,,,,442261,272.32355,249,,,,,,
,,,,,442517,285.11432,256,,,,,,
,,,,,442972,235.44945,455,,,,,,
,,,,,443000,,,7.6262359619140625,77.63642883300781,77.9461441040039,59.44742202758789,0.02,0.001
,,,,,443217,238.20398,245,,,,,,
,,,,,443893,188.96341,676,,,,,,
,,,,,444000,,,4.566761016845703,75.66670227050781,76.29642486572266,43.30968475341797,0.02,0.001
,,,,,444238,284.25632,345,,,,,,
,,,,,444472,193.20392,234,,,,,,
,,,,,444824,264.79233,352,,,,,,
,,,,,445000,,,4.499865531921387,68.00508117675781,67.9038314819336,33.12255859375,0.02,0.001
,,,,,445042,280.03015,218,,,,,,
,,,,,445225,-181.2737,183,,,,,,
,,,,,445328,-74.811264,103,,,,,,
,,,,,445561,200.11255,233,,,,,,
,,,,,445851,284.5833,290,,,,,,
,,,,,446000,,,8.454533576965332,71.04191589355469,71.45864868164062,51.12506866455078,0.02,0.001
,,,,,446086,254.10246,235,,,,,,
,,,,,446305,250.60892,219,,,,,,
,,,,,446554,284.89716,249,,,,,,
,,,,,446724,-51.249413,170,,,,,,
,,,,,446946,286.88068,222,,,,,,
,,,,,447000,,,3.576169490814209,78.1747817993164,78.40676879882812,31.07742691040039,0.02,0.001
,,,,,447195,235.708,249,,,,,,
,,,,,448000,,,6.710286617279053,73.08003234863281,74.15111541748047,107.00350952148438,0.02,0.001
,,,,,448011,193.26196,816,,,,,,
,,,,,448228,278.23486,217,,,,,,
,,,,,448360,-9.646843,132,,,,,,
,,,,,448710,129.2288,350,,,,,,
,,,,,449000,,,4.301509857177734,67.6378173828125,67.12492370605469,43.276702880859375,0.02,0.001
,,,,,449087,220.69003,377,,,,,,
,,,,,449292,272.1164,205,,,,,,
,,,,,449558,242.28708,266,,,,,,
,,,,,449929,191.84842,371,,,,,,
229.52051,121.98364,308.60138,-123.68367,261.0,450000,,,42.18913650512695,67.14942932128906,67.82218170166016,58.11362838745117,0.02,0.001
,,,,,450321,263.30017,392,,,,,,
,,,,,450588,245.15178,267,,,,,,
,,,,,450910,218.25073,322,,,,,,
,,,,,451000,,,104.68708038330078,67.89334106445312,66.5501480102539,186.4451904296875,0.02,0.001
,,,,,451472,267.18866,562,,,,,,
,,,,,452000,,,5.001195430755615,69.04976654052734,69.1802978515625,36.729190826416016,0.02,0.001
,,,,,452048,173.73553,576,,,,,,
,,,,,452456,284.34314,408,,,,,,
,,,,,452681,293.77606,225,,,,,,
,,,,,453000,,,5.207554340362549,70.88133239746094,70.61235046386719,53.962100982666016,0.02,0.001
,,,,,453008,215.47206,327,,,,,,
,,,,,453255,282.86932,247,,,,,,
,,,,,453922,205.00432,667,,,,,,
,,,,,454000,,,4.816953659057617,67.81346130371094,67.74125671386719,42.07773971557617,0.02,0.001
,,,,,454345,245.74278,423,,,,,,
,,,,,454537,248.16814,192,,,,,,
,,,,,455000,,,35.77813720703125,76.68080139160156,76.04010772705078,200.4681854248047,0.02,0.001
,,,,,455044,191.18289,507,,,,,,
,,,,,455354,-182.32764,310,,,,,,
,,,,,455457,24.179367,103,,,,,,
,,,,,455782,222.63724,325,,,,,,
,,,,,455972,286.0954,190,,,,,,
,,,,,456000,,,9.625667572021484,68.23543548583984,67.99617004394531,84.02997589111328,0.02,0.001
,,,,,456222,303.3207,250,,,,,,
,,,,,456550,251.74944,328,,,,,,
,,,,,456824,262.28943,274,,,,,,
,,,,,457000,,,9.824819564819336,65.0986557006836,65.98286437988281,74.28697967529297,0.02,0.001
,,,,,457130,299.6986,306,,,,,,
,,,,,458000,,,6.453290939331055,67.47822570800781,67.55598449707031,44.49763107299805,0.02,0.001
,,,,,458014,203.38612,884,,,,,,
,,,,,458343,271.12,329,,,,,,
,,,,,458595,236.65823,252,,,,,,
,,,,,458809,214.12978,214,,,,,,
,,,,,458999,270.03577,190,,,,,,
,,,,,459000,,,5.036649227142334,69.28154754638672,68.6626205444336,36.51775360107422,0.02,0.001
,,,,,459277,304.20496,278,,,,,,
,,,,,459724,225.45303,447,,,,,,
,,,,,459927,292.8191,203,,,,,,
209.21823,71.59991,270.94324,20.691849,540.8,460000,,,11.018370628356934,57.650917053222656,58.320369720458984,80.12141418457031,0.02,0.001
,,,,,460174,245.5518,247,,,,,,
,,,,,460435,257.09332,261,,,,,,
,,,,,460699,287.75198,264,,,,,,
,,,,,461000,,,5.878432273864746,67.06291961669922,66.42273712158203,68.78523254394531,0.02,0.001
,,,,,461057,237.20322,358,,,,,,
,,,,,461266,269.22223,209,,,,,,
,,,,,461606,245.10118,340,,,,,,
,,,,,462000,,,219.4547119140625,70.73723602294922,69.90170288085938,310.0302734375,0.02,0.001
,,,,,462360,-151.5673,754,,,,,,
,,,,,462638,247.78384,278,,,,,,
,,,,,462924,197.16052,286,,,,,,
,,,,,463000,,,5.514970302581787,73.21316528320312,73.03466033935547,38.62060546875,0.02,0.001
,,,,,463219,247.09143,295,,,,,,
,,,,,463440,274.9948,221,,,,,,
,,,,,463662,306.76105,222,,,,,,
,,,,,463875,288.6724,213,,,,,,
,,,,,464000,,,9.70238971710205,70.87275695800781,71.13854217529297,84.05397033691406,0.02,0.001
,,,,,464567,261.68488,692,,,,,,
,,,,,464777,233.34612,210,,,,,,
,,,,,465000,,,14.247859001159668,68.33326721191406,69.05339050292969,82.2235107421875,0.02,0.001
,,,,,465062,251.75015,285,,,,,,
,,,,,465198,285.16656,136,,,,,,
,,,,,465403,300.77533,205,,,,,,
,,,,,465727,277.3578,324,,,,,,
,,,,,465978,288.6116,251,,,,,,
,,,,,466000,,,43.276241302490234,77.4117660522461,78.46992492675781,63.23051071166992,0.02,0.001
,,,,,466210,276.82812,232,,,,,,
,,,,,466498,248.16136,288,,,,,,
,,,,,466747,258.10394,249,,,,,,
,,,,,467000,,,16.67364501953125,73.37484741210938,74.21766662597656,97.9117431640625,0.02,0.001
,,,,,467020,297.78583,273,,,,,,
,,,,,467237,264.95755,217,,,,,,
,,,,,467463,253.92671,226,,,,,,
,,,,,467646,281.55814,183,,,,,,
,,,,,468000,,,7.898221492767334,69.75183868408203,69.80897521972656,63.80333709716797,0.02,0.001
,,,,,468128,242.39943,482,,,,,,
,,,,,468361,280.8513,233,,,,,,
,,,,,468587,279.9429,226,,,,,,
,,,,,468784,276.41144,197,,,,,,
,,,,,468997,258.25787,213,,,,,,
,,,,,469000,,,3.901186227798462,75.88467407226562,76.12583923339844,44.780067443847656,0.02,0.001
,,,,,469253,226.81902,256,,,,,,
,,,,,469537,245.43703,284,,,,,,
,,,,,469848,257.06653,311,,,,,,
248.96419,89.90716,312.81818,-14.425972,279.3,470000,,,6.747017860412598,63.25945281982422,63.43909454345703,58.08057403564453,0.02,0.001
,,,,,470072,260.7144,224,,,,,,
,,,,,470392,280.11307,320,,,,,,
,,,,,470698,287.703,306,,,,,,
,,,,,470857,253.53874,159,,,,,,
,,,,,471000,,,3.3413312435150146,78.15851593017578,77.72480010986328,35.48893356323242,0.02,0.001
,,,,,471065,273.4657,208,,,,,,
,,,,,471302,208.75763,237,,,,,,
,,,,,471564,278.66052,262,,,,,,
,,,,,471841,284.56448,277,,,,,,
,,,,,472000,,,3.8609507083892822,83.71051025390625,84.23942565917969,50.51195526123047,0.02,0.001
,,,,,472083,290.96637,242,,,,,,
,,,,,472364,263.50696,281,,,,,,
,,,,,472603,289.9845,239,,,,,,
,,,,,472964,259.4921,361,,,,,,
,,,,,473000,,,4.5452399253845215,71.00804901123047,70.76285552978516,38.43395233154297,0.02,0.001
,,,,,473220,250.21054,256,,,,,,
,,,,,473454,258.6858,234,,,,,,
,,,,,473968,240.3726,514,,,,,,
,,,,,474000,,,6.170229911804199,68.51722717285156,68.77388000488281,62.906246185302734,0.02,0.001
,,,,,474164,265.03653,196,,,,,,
,,,,,475000,,,14.06450080871582,74.03435516357422,73.45712280273438,93.076171875,0.02,0.001
,,,,,475005,180.8371,841,,,,,,
,,,,,475218,229.18867,213,,,,,,
,,,,,475440,278.5556,222,,,,,,
,,,,,475719,265.66296,279,,,,,,
,,,,,475909,292.03113,190,,,,,,
,,,,,476000,,,12.985906600952148,71.8176498413086,71.42884063720703,68.07266998291016,0.02,0.001
,,,,,476120,319.00345,211,,,,,,
,,,,,476416,269.3128,296,,,,,,
,,,,,476678,303.0539,262,,,,,,
,,,,,476858,245.30797,180,,,,,,
,,,,,477000,,,19.574798583984375,79.13053894042969,78.98065948486328,204.1964569091797,0.02,0.001
,,,,,477106,-177.41751,248,,,,,,
,,,,,477353,247.16527,247,,,,,,
,,,,,477622,252.97824,269,,,,,,
,,,,,477782,251.13075,160,,,,,,
,,,,,478000,,,4.559859275817871,76.61824798583984,76.97120666503906,53.03273391723633,0.02,0.001
,,,,,478080,-256.24387,298,,,,,,
,,,,,478333,275.35138,253,,,,,,
,,,,,478422,40.16655,89,,,,,,
,,,,,478849,232.77885,427,,,,,,
,,,,,479000,,,41.30431365966797,72.4114990234375,73.13939666748047,86.69074249267578,0.02,0.001
,,,,,479024,268.22806,175,,,,,,
,,,,,479347,286.049,323,,,,,,
,,,,,479712,276.6477,365,,,,,,
189.2729,117.15417,288.95734,-53.228046,373.6,480000,,,23.91878890991211,78.09791564941406,78.95697021484375,93.85360717773438,0.02,0.001
,,,,,480013,288.90955,301,,,,,,
,,,,,480678,129.08476,665,,,,,,
,,,,,480857,250.38153,179,,,,,,
,,,,,481000,,,10.329729080200195,74.99533081054688,75.99116516113281,89.45392608642578,0.02,0.001
,,,,,481198,259.70062,341,,,,,,
,,,,,481418,262.08563,220,,,,,,
,,,,,481688,249.2933,270,,,,,,
,,,,,482000,,,5.500377655029297,79.4511489868164,78.97098541259766,44.28624725341797,0.02,0.001
,,,,,482484,222.05838,796,,,,,,
,,,,,482750,285.17822,266,,,,,,
,,,,,482895,30.691711,145,,,,,,
,,,,,483000,,,5.545726776123047,70.55500793457031,69.79645538330078,52.38493347167969,0.02,0.001
,,,,,483290,267.89313,395,,,,,,
,,,,,483654,254.5961,364,,,,,,
,,,,,483963,224.43538,309,,,,,,
,,,,,484000,,,3.392969846725464,76.0994644165039,75.85916137695312,35.80332565307617,0.02,0.001
,,,,,484229,240.437,266,,,,,,
,,,,,484433,259.2887,204,,,,,,
,,,,,484865,220.29999,432,,,,,,
,,,,,485000,,,5.72608757019043,75.29412078857422,75.2545394897461,57.77841567993164,0.02,0.001
,,,,,485130,253.97014,265,,,,,,
,,,,,485474,284.0099,344,,,,,,
,,,,,485710,253.12807,236,,,,,,
,,,,,485977,240.54187,267,,,,,,
,,,,,486000,,,10.222432136535645,72.59829711914062,73.7439193725586,71.200439453125,0.02,0.001
,,,,,486126,21.271378,149,,,,,,
,,,,,486442,268.57715,316,,,,,,
,,,,,486988,251.29236,546,,,,,,
,,,,,487000,,,8.854528427124023,83.41876220703125,83.78604888916016,35.495826721191406,0.02,0.001
,,,,,487258,280.45255,270,,,,,,
,,,,,487525,283.21826,267,,,,,,
,,,,,487772,242.34846,247,,,,,,
,,,,,488000,,,21.505935668945312,81.31527709960938,80.82671356201172,85.9935531616211,0.02,0.001
,,,,,488043,246.40749,271,,,,,,
,,,,,488669,243.665,626,,,,,,
,,,,,488906,250.4519,237,,,,,,
,,,,,489000,,,9.5542631149292,75.59152221679688,75.11880493164062,54.045310974121094,0.02,0.001
,,,,,489375,213.56464,469,,,,,,
,,,,,489595,284.17337,220,,,,,,
,,,,,489784,236.91031,189,,,,,,
230.20987,84.743965,299.95276,2.288269,343.8,490000,,,8.814242362976074,74.05476379394531,73.34674835205078,40.61016845703125,0.02,0.001
,,,,,490010,-149.80998,226,,,,,,
,,,,,490160,234.80148,150,,,,,,
,,,,,490348,234.82147,188,,,,,,
,,,,,490736,263.52246,388,,,,,,
,,,,,491000,,,6.270570278167725,64.10814666748047,63.7994270324707,58.36533737182617,0.02,0.001
,,,,,491736,-55.174442,1000,,,,,,
,,,,,491943,305.1814,207,,,,,,
,,,,,492000,,,7.606828212738037,68.53076934814453,68.5132064819336,55.09521484375,0.02,0.001
,,,,,492187,316.36652,244,,,,,,
,,,,,492558,256.36993,371,,,,,,
,,,,,492808,282.0854,250,,,,,,
,,,,,493000,,,5.051181793212891,68.71027374267578,68.69989013671875,40.25728988647461,0.02,0.001
,,,,,493091,284.46185,283,,,,,,
,,,,,493269,258.3154,178,,,,,,
,,,,,493611,252.5148,342,,,,,,
,,,,,493835,242.7976,224,,,,,,
,,,,,494000,,,6.916619777679443,74.6741714477539,74.55669403076172,46.861873626708984,0.02,0.001
,,,,,494061,311.13287,226,,,,,,
,,,,,494232,267.24933,171,,,,,,
,,,,,494422,269.6495,190,,,,,,
,,,,,494661,312.50153,239,,,,,,
,,,,,494906,283.9014,245,,,,,,
,,,,,495000,,,12.046846389770508,71.52008819580078,72.049072265625,58.545997619628906,0.02,0.001
,,,,,495191,262.2118,285,,,,,,
,,,,,495914,242.35782,723,,,,,,
,,,,,496000,,,10.306461334228516,66.98961639404297,66.68096160888672,85.58879852294922,0.02,0.001
,,,,,496160,243.15607,246,,,,,,
,,,,,496540,140.16364,380,,,,,,
,,,,,496839,280.4079,299,,,,,,
,,,,,497000,,,41.89420700073242,63.026893615722656,63.40525817871094,199.43081665039062,0.02,0.001
,,,,,497126,302.68994,287,,,,,,
,,,,,497280,263.03806,154,,,,,,
,,,,,497559,265.97205,279,,,,,,
,,,,,497775,289.15588,216,,,,,,
,,,,,498000,,,11.558778762817383,72.36312866210938,72.38150024414062,69.23621368408203,0.02,0.001
,,,,,498068,235.98949,293,,,,,,
,,,,,498289,278.13324,221,,,,,,
,,,,,498547,237.92802,258,,,,,,
,,,,,498937,226.83147,390,,,,,,
,,,,,499000,,,11.260034561157227,77.8897705078125,77.06558227539062,83.97852325439453,0.02,0.001
,,,,,499268,-139.25446,331,,,,,,
,,,,,499431,259.55472,163,,,,,,
