Eval_AverageReturn,Eval_StdReturn,Eval_MaxReturn,Eval_MinReturn,Eval_AverageEpLen,step,Train_EpisodeReturn,Train_EpisodeLen,critic_loss,q_values,target_values,grad_norm,epsilon,lr
60.0,0.0,60.0,60.0,1930.0,0,,,,,,,,
,,,,,774,290.0,3114,,,,,,
,,,,,1229,90.0,1826,,,,,,
,,,,,1660,160.0,1754,,,,,,
,,,,,2180,280.0,2106,,,,,,
,,,,,2668,200.0,1970,,,,,,
,,,,,3198,240.0,2122,,,,,,
,,,,,3593,170.0,1586,,,,,,
,,,,,4023,220.0,1722,,,,,,
,,,,,4488,200.0,1890,,,,,,
,,,,,5018,260.0,2146,,,,,,
,,,,,5609,460.0,2386,,,,,,
,,,,,6453,510.0,3386,,,,,,
,,,,,6933,290.0,1946,,,,,,
,,,,,7433,240.0,2010,,,,,,
,,,,,7919,170.0,1954,,,,,,
,,,,,8379,250.0,1842,,,,,,
,,,,,8876,200.0,2010,,,,,,
,,,,,9430,200.0,2218,,,,,,
,,,,,9778,150.0,1410,,,,,,
60.0,0.0,60.0,60.0,1930.0,10000,,,,,,,,
,,,,,10290,280.0,2050,,,,,,
,,,,,10712,180.0,1706,,,,,,
,,,,,11143,200.0,1738,,,,,,
,,,,,11585,170.0,1794,,,,,,
,,,,,12035,190.0,1802,,,,,,
,,,,,12407,200.0,1506,,,,,,
,,,,,13071,330.0,2658,,,,,,
,,,,,13710,320.0,2578,,,,,,
,,,,,14179,220.0,1898,,,,,,
,,,,,14653,280.0,1914,,,,,,
,,,,,15129,180.0,1930,,,,,,
,,,,,15572,220.0,1778,,,,,,
,,,,,16055,230.0,1954,,,,,,
,,,,,16540,230.0,1954,,,,,,
,,,,,16977,220.0,1754,,,,,,
,,,,,17487,330.0,2058,,,,,,
,,,,,17921,250.0,1754,,,,,,
,,,,,18361,230.0,1762,,,,,,
,,,,,18867,250.0,2042,,,,,,
,,,,,19255,170.0,1562,,,,,,
,,,,,19774,170.0,2082,,,,,,
66.0,12.0,90.0,60.0,1926.8,20000,,,3.1456761360168457,-4.479498602449894e-05,0.35653164982795715,0.8806874752044678,1.0,0.0001
,,,,,20105,100.0,1322,,,,,,
,,,,,20669,260.0,2274,,,,,,
,,,,,21000,,,0.5859826803207397,0.729480504989624,-0.023655753582715988,8.03870677947998,0.9979375,0.0001
,,,,,21191,260.0,2114,,,,,,
,,,,,21601,250.0,1650,,,,,,
,,,,,22000,,,5.7462639808654785,0.5629793405532837,0.670450747013092,4.472939491271973,0.995875,0.0001
,,,,,22090,180.0,1970,,,,,,
,,,,,22624,250.0,2154,,,,,,
,,,,,23000,,,2.952418088912964,0.8331968784332275,0.7694375514984131,3.8669004440307617,0.9938125,0.0001
,,,,,23069,230.0,1778,,,,,,
,,,,,23409,100.0,1362,,,,,,
,,,,,23885,280.0,1930,,,,,,
,,,,,24000,,,6.166655540466309,0.739304780960083,1.1493210792541504,5.7850518226623535,0.99175,0.0001
,,,,,24386,210.0,2034,,,,,,
,,,,,24786,170.0,1602,,,,,,
,,,,,25000,,,5.603421211242676,1.408083200454712,1.4868183135986328,9.346330642700195,0.9896875,0.0001
,,,,,25369,230.0,2338,,,,,,
,,,,,25973,310.0,2434,,,,,,
,,,,,26000,,,5.597305774688721,1.5638138055801392,1.7002803087234497,8.041450500488281,0.987625,0.0001
,,,,,26618,230.0,2594,,,,,,
,,,,,27000,,,10.84799575805664,2.0637173652648926,3.0317981243133545,33.65682601928711,0.9855625,0.0001
,,,,,27206,390.0,2378,,,,,,
,,,,,27701,230.0,1986,,,,,,
,,,,,28000,,,8.058797836303711,1.5202704668045044,2.202556610107422,22.5091609954834,0.9835,0.0001
,,,,,28286,350.0,2362,,,,,,
,,,,,28823,250.0,2162,,,,,,
,,,,,29000,,,3.0572187900543213,1.938900351524353,2.025421619415283,11.138195991516113,0.9814375,0.0001
,,,,,29332,250.0,2050,,,,,,
,,,,,29771,270.0,1754,,,,,,
60.0,0.0,60.0,60.0,1930.0,30000,,,5.023584365844727,2.3858165740966797,2.425457715988159,17.509307861328125,0.979375,0.0001
,,,,,30239,220.0,1874,,,,,,
,,,,,30563,90.0,1306,,,,,,
,,,,,31000,,,6.094300270080566,2.3259706497192383,2.782860279083252,30.454917907714844,0.9773125,0.0001
,,,,,31009,180.0,1810,,,,,,
,,,,,31339,120.0,1338,,,,,,
,,,,,31784,230.0,1794,,,,,,
,,,,,32000,,,8.332074165344238,1.8807626962661743,2.6758975982666016,38.847373962402344,0.97525,0.0001
,,,,,32283,380.0,2010,,,,,,
,,,,,32686,160.0,1618,,,,,,
,,,,,33000,,,8.846430778503418,2.473379373550415,3.009932041168213,26.295137405395508,0.9731875,0.0001
,,,,,33175,270.0,1970,,,,,,
,,,,,33671,220.0,2010,,,,,,
,,,,,34000,,,2.1594955921173096,2.3239898681640625,2.3465185165405273,18.15492057800293,0.971125,0.0001
,,,,,34004,230.0,1338,,,,,,
,,,,,34465,210.0,1858,,,,,,
,,,,,34874,180.0,1666,,,,,,
,,,,,35000,,,2.856677770614624,3.557732582092285,3.614572525024414,30.96141242980957,0.9690625,0.0001
,,,,,35375,340.0,2034,,,,,,
,,,,,36000,270.0,2522,,,,,,
,,,,,36000,,,3.248851776123047,3.5296549797058105,3.7582740783691406,39.31868362426758,0.967,0.0001
,,,,,36534,410.0,2162,,,,,,
,,,,,37000,,,1.3753867149353027,3.831298828125,2.9473257064819336,82.32062530517578,0.9649375,0.0001
,,,,,37059,200.0,2106,,,,,,
,,,,,37471,140.0,1658,,,,,,
,,,,,38000,,,3.4003851413726807,3.915344715118408,3.6112937927246094,40.97452926635742,0.962875,0.0001
,,,,,38009,270.0,2154,,,,,,
,,,,,38573,220.0,2258,,,,,,
,,,,,39000,,,2.5390238761901855,3.57987904548645,3.4927902221679688,31.146257400512695,0.9608125,0.0001
,,,,,39015,250.0,1786,,,,,,
,,,,,39515,320.0,2010,,,,,,
,,,,,39989,240.0,1898,,,,,,
170.0,0.0,170.0,170.0,1910.8,40000,,,5.747344493865967,4.546209812164307,3.79097056388855,98.46398162841797,0.95875,9.999989583333334e-05
,,,,,40442,220.0,1826,,,,,,
,,,,,40962,310.0,2098,,,,,,
,,,,,41000,,,5.027745246887207,4.848051071166992,5.000317096710205,49.703189849853516,0.9566875,9.989572916666667e-05
,,,,,41556,420.0,2394,,,,,,
,,,,,42000,,,3.730900764465332,4.615223407745361,4.872726917266846,48.15842056274414,0.9546250000000001,9.97915625e-05
,,,,,42066,260.0,2050,,,,,,
,,,,,42474,160.0,1658,,,,,,
,,,,,42969,270.0,2002,,,,,,
,,,,,43000,,,6.024609565734863,4.893024921417236,4.475784778594971,86.54102325439453,0.9525625,9.968739583333334e-05
,,,,,43369,110.0,1618,,,,,,
,,,,,43794,190.0,1722,,,,,,
,,,,,44000,,,7.3855414390563965,6.90725564956665,5.955647945404053,202.82872009277344,0.9505,9.958322916666667e-05
,,,,,44250,190.0,1842,,,,,,
,,,,,44668,290.0,1698,,,,,,
,,,,,45000,,,17.073768615722656,7.44497013092041,7.937567234039307,116.36164855957031,0.9484375,9.947906250000001e-05
,,,,,45138,350.0,1882,,,,,,
,,,,,45584,210.0,1802,,,,,,
,,,,,46000,,,7.909005165100098,6.748692512512207,6.564981937408447,128.4017333984375,0.946375,9.937489583333334e-05
,,,,,46103,240.0,2082,,,,,,
,,,,,46566,340.0,1866,,,,,,
,,,,,47000,,,12.763348579406738,6.780933380126953,8.123861312866211,224.3736114501953,0.9443125,9.927072916666668e-05
,,,,,47106,200.0,2170,,,,,,
,,,,,47603,270.0,1986,,,,,,
,,,,,48000,,,6.016415119171143,9.207111358642578,8.993997573852539,115.40181732177734,0.94225,9.916656250000001e-05
,,,,,48077,320.0,1922,,,,,,
,,,,,48523,180.0,1794,,,,,,
,,,,,49000,,,38.92640686035156,12.010807991027832,13.445735931396484,346.77203369140625,0.9401875,9.906239583333335e-05
,,,,,49249,950.0,2914,,,,,,
,,,,,49669,190.0,1690,,,,,,
648.0,157.65785,780.0,340.0,2675.6,50000,,,10.3225679397583,13.788224220275879,11.990535736083984,493.9223937988281,0.938125,9.895822916666668e-05
,,,,,50083,220.0,1658,,,,,,
,,,,,50509,230.0,1730,,,,,,
,,,,,51000,,,5.065747261047363,12.551067352294922,12.719635009765625,84.41545104980469,0.9360625,9.88540625e-05
,,,,,51019,230.0,2058,,,,,,
,,,,,51464,220.0,1778,,,,,,
,,,,,51972,160.0,2058,,,,,,
,,,,,52000,,,11.396998405456543,13.533915519714355,13.562093734741211,183.83486938476562,0.9339999999999999,9.874989583333334e-05
,,,,,52458,290.0,1962,,,,,,
,,,,,52846,260.0,1562,,,,,,
,,,,,53000,,,8.48239517211914,12.713053703308105,12.888921737670898,138.1984100341797,0.9319375,9.864572916666666e-05
,,,,,53348,290.0,2034,,,,,,
,,,,,53904,220.0,2234,,,,,,
,,,,,54000,,,5.256612300872803,11.584853172302246,11.001066207885742,162.61094665527344,0.929875,9.85415625e-05
,,,,,54378,290.0,1922,,,,,,
,,,,,55000,,,10.315098762512207,13.650703430175781,14.287871360778809,160.0909881591797,0.9278125,9.843739583333333e-05
,,,,,55032,1070.0,2634,,,,,,
,,,,,55704,420.0,2714,,,,,,
,,,,,56000,,,35.097286224365234,15.167301177978516,16.167774200439453,584.5185546875,0.92575,9.833322916666668e-05
,,,,,56336,350.0,2554,,,,,,
,,,,,56841,320.0,2026,,,,,,
,,,,,57000,,,26.1899356842041,16.505226135253906,16.395662307739258,292.6116638183594,0.9236875,9.82290625e-05
,,,,,57277,210.0,1746,,,,,,
,,,,,57676,240.0,1602,,,,,,
,,,,,58000,,,9.881954193115234,14.288217544555664,14.989402770996094,149.4833221435547,0.921625,9.812489583333335e-05
,,,,,58479,500.0,3218,,,,,,
,,,,,58909,140.0,1730,,,,,,
,,,,,59000,,,7.065545082092285,14.937322616577148,15.399063110351562,204.50680541992188,0.9195625000000001,9.802072916666668e-05
,,,,,59452,260.0,2194,,,,,,
,,,,,59961,200.0,2034,,,,,,
235.0,15.0,280.0,230.0,1894.8,60000,,,4.982694625854492,11.641668319702148,11.393420219421387,115.33120727539062,0.9175,9.79165625e-05
,,,,,60370,130.0,1658,,,,,,
,,,,,60963,280.0,2386,,,,,,
,,,,,61000,,,12.953746795654297,16.667098999023438,17.245920181274414,271.6414489746094,0.9154375,9.781239583333333e-05
,,,,,61387,220.0,1698,,,,,,
,,,,,61763,130.0,1530,,,,,,
,,,,,62000,,,55.60114669799805,13.742636680603027,14.773843765258789,378.2754211425781,0.913375,9.770822916666668e-05
,,,,,62278,270.0,2058,,,,,,
,,,,,62658,190.0,1530,,,,,,
,,,,,63000,,,11.978754043579102,15.889591217041016,16.365447998046875,319.68695068359375,0.9113125,9.76040625e-05
,,,,,63077,280.0,1698,,,,,,
,,,,,63686,280.0,2458,,,,,,
,,,,,64000,,,8.281550407409668,14.487123489379883,14.815250396728516,173.69410705566406,0.90925,9.749989583333335e-05
,,,,,64173,190.0,1970,,,,,,
,,,,,64654,230.0,1938,,,,,,
,,,,,65000,,,6.0616068840026855,17.496477127075195,17.629732131958008,133.70187377929688,0.9071875,9.739572916666667e-05
,,,,,65050,190.0,1586,,,,,,
,,,,,65596,280.0,2186,,,,,,
,,,,,66000,,,6.327605247497559,17.52197265625,17.174556732177734,198.97950744628906,0.905125,9.72915625e-05
,,,,,66113,280.0,2082,,,,,,
,,,,,66561,280.0,1794,,,,,,
,,,,,66981,180.0,1690,,,,,,
,,,,,67000,,,16.146724700927734,16.499046325683594,16.537954330444336,180.11842346191406,0.9030625,9.718739583333334e-05
,,,,,67732,760.0,3018,,,,,,
,,,,,68000,,,8.4892578125,20.740642547607422,21.633750915527344,369.1163024902344,0.901,9.708322916666667e-05
,,,,,68178,190.0,1794,,,,,,
,,,,,68706,360.0,2122,,,,,,
,,,,,69000,,,3.2262892723083496,20.18822479248047,19.680500030517578,182.03482055664062,0.8989375,9.69790625e-05
,,,,,69182,260.0,1914,,,,,,
,,,,,69628,160.0,1786,,,,,,
843.0,308.96762,1070.0,280.0,2488.4,70000,,,2.9665753841400146,22.582229614257812,22.351783752441406,197.19590759277344,0.896875,9.687489583333333e-05
,,,,,70122,280.0,1978,,,,,,
,,,,,70669,330.0,2210,,,,,,
,,,,,71000,,,14.981056213378906,18.153732299804688,18.20368766784668,201.5361785888672,0.8948125,9.677072916666667e-05
,,,,,71093,190.0,1722,,,,,,
,,,,,71628,330.0,2146,,,,,,
,,,,,72000,,,8.801206588745117,18.196104049682617,19.126651763916016,351.6357116699219,0.89275,9.66665625e-05
,,,,,72196,310.0,2274,,,,,,
,,,,,72720,200.0,2098,,,,,,
,,,,,73000,,,5.268771171569824,17.829843521118164,18.218708038330078,150.3252716064453,0.8906875,9.656239583333334e-05
,,,,,73200,240.0,1922,,,,,,
,,,,,73758,250.0,2234,,,,,,
,,,,,74000,,,5.751415252685547,19.830720901489258,19.736125946044922,171.00457763671875,0.888625,9.645822916666667e-05
,,,,,74236,290.0,1922,,,,,,
,,,,,74707,240.0,1890,,,,,,
,,,,,75000,,,3.6981801986694336,19.668514251708984,19.986352920532227,136.3883819580078,0.8865625,9.635406250000001e-05
,,,,,75106,180.0,1594,,,,,,
,,,,,75620,420.0,2074,,,,,,
,,,,,76000,,,2.5880842208862305,20.937788009643555,20.12202262878418,305.10284423828125,0.8845,9.624989583333334e-05
,,,,,76136,310.0,2074,,,,,,
,,,,,76572,220.0,1746,,,,,,
,,,,,76975,180.0,1610,,,,,,
,,,,,77000,,,5.4809722900390625,17.57948112487793,17.995147705078125,163.5521240234375,0.8824375,9.614572916666667e-05
,,,,,77438,300.0,1882,,,,,,
,,,,,77880,250.0,1778,,,,,,
,,,,,78000,,,4.821105003356934,18.678659439086914,18.57036018371582,124.55460357666016,0.880375,9.60415625e-05
,,,,,78376,280.0,1994,,,,,,
,,,,,78837,310.0,1858,,,,,,
,,,,,79000,,,5.224048614501953,23.302349090576172,23.08406639099121,167.03541564941406,0.8783125,9.593739583333334e-05
,,,,,79397,400.0,2266,,,,,,
,,,,,79814,160.0,1682,,,,,,
512.0,243.63087,870.0,280.0,2334.0,80000,,,4.604958534240723,20.2784423828125,19.38540267944336,321.6033630371094,0.87625,9.583322916666667e-05
,,,,,80318,230.0,2018,,,,,,
,,,,,80853,250.0,2162,,,,,,
,,,,,81000,,,4.693643093109131,17.82377052307129,18.54291343688965,206.2297821044922,0.8741875,9.57290625e-05
,,,,,81317,280.0,1882,,,,,,
,,,,,81877,470.0,2266,,,,,,
,,,,,82000,,,6.815488338470459,19.547164916992188,20.12298011779785,258.0370178222656,0.872125,9.562489583333334e-05
,,,,,82736,490.0,3458,,,,,,
,,,,,83000,,,75.66080474853516,20.18426513671875,20.58051300048828,1230.682373046875,0.8700625,9.552072916666667e-05
,,,,,83109,180.0,1506,,,,,,
,,,,,83562,300.0,1842,,,,,,
,,,,,84000,,,5.481514930725098,25.395000457763672,24.484601974487305,275.11981201171875,0.868,9.541656250000001e-05
,,,,,84058,200.0,1994,,,,,,
,,,,,84485,330.0,1714,,,,,,
,,,,,84896,240.0,1674,,,,,,
,,,,,85000,,,10.048205375671387,24.756380081176758,25.841318130493164,492.4734802246094,0.8659375,9.531239583333334e-05
,,,,,85544,360.0,2610,,,,,,
,,,,,86000,,,4.519300937652588,27.965848922729492,28.462377548217773,219.81178283691406,0.863875,9.520822916666667e-05
,,,,,86110,330.0,2290,,,,,,
,,,,,86588,300.0,1938,,,,,,
,,,,,86981,220.0,1586,,,,,,
,,,,,87000,,,128.47103881835938,20.052785873413086,23.241230010986328,631.8928833007812,0.8618125,9.51040625e-05
,,,,,87456,320.0,1914,,,,,,
,,,,,87912,290.0,1834,,,,,,
,,,,,88000,,,3.897515058517456,25.728391647338867,24.682891845703125,383.05535888671875,0.85975,9.499989583333334e-05
,,,,,88306,240.0,1594,,,,,,
,,,,,88697,210.0,1586,,,,,,
,,,,,89000,,,5.483250617980957,25.69327735900879,26.026409149169922,223.57937622070312,0.8576875,9.489572916666667e-05
,,,,,89459,360.0,3066,,,,,,
292.0,59.799667,340.0,180.0,2039.6,90000,,,7.62774658203125,23.84092140197754,23.51542091369629,257.273193359375,0.855625,9.479156250000001e-05
,,,,,90195,320.0,2970,,,,,,
,,,,,90690,330.0,1986,,,,,,
,,,,,91000,,,7.019878387451172,22.97285270690918,21.941585540771484,371.4158630371094,0.8535625,9.468739583333334e-05
,,,,,91204,160.0,2082,,,,,,
,,,,,91611,180.0,1634,,,,,,
,,,,,92000,,,11.035566329956055,27.71739959716797,28.528072357177734,279.181884765625,0.8515,9.458322916666668e-05
,,,,,92168,260.0,2226,,,,,,
,,,,,92693,280.0,2122,,,,,,
,,,,,93000,,,98.00591278076172,19.116527557373047,21.273681640625,2062.599365234375,0.8494375000000001,9.447906250000001e-05
,,,,,93159,200.0,1882,,,,,,
,,,,,93673,290.0,2082,,,,,,
,,,,,94000,,,11.903943061828613,25.421398162841797,25.73775863647461,192.22116088867188,0.847375,9.437489583333334e-05
,,,,,94188,300.0,2066,,,,,,
,,,,,94728,220.0,2178,,,,,,
,,,,,95000,,,12.675016403198242,29.455299377441406,27.929841995239258,601.4216918945312,0.8453125,9.427072916666667e-05
,,,,,95041,110.0,1258,,,,,,
,,,,,95835,500.0,3186,,,,,,
,,,,,96000,,,21.124237060546875,25.142658233642578,25.654502868652344,353.8511047363281,0.84325,9.41665625e-05
,,,,,96657,1340.0,3298,,,,,,
,,,,,97000,,,8.908853530883789,31.931018829345703,31.695226669311523,268.2698669433594,0.8411875,9.406239583333334e-05
,,,,,97025,200.0,1490,,,,,,
,,,,,97518,310.0,1978,,,,,,
,,,,,98000,,,322.3319091796875,25.191791534423828,28.552143096923828,665.0089111328125,0.839125,9.395822916666667e-05
,,,,,98044,320.0,2130,,,,,,
,,,,,98584,260.0,2162,,,,,,
,,,,,99000,,,6.833800315856934,26.00603675842285,25.177461624145508,332.9094543457031,0.8370625,9.385406250000001e-05
,,,,,99109,320.0,2130,,,,,,
,,,,,99640,250.0,2138,,,,,,
442.0,235.78804,1000.0,210.0,2102.8,100000,,,11.46666431427002,27.605178833007812,26.741731643676758,489.97869873046875,0.835,9.374989583333334e-05
,,,,,100076,230.0,1746,,,,,,
,,,,,100711,280.0,2546,,,,,,
,,,,,101000,,,3.7252771854400635,34.07882308959961,33.27751159667969,268.94854736328125,0.8329375,9.364572916666668e-05
,,,,,101241,360.0,2122,,,,,,
,,,,,101709,240.0,1874,,,,,,
,,,,,102000,,,5.726316928863525,27.24254035949707,28.02660369873047,368.9038391113281,0.830875,9.35415625e-05
,,,,,102291,480.0,2354,,,,,,
,,,,,102796,240.0,2042,,,,,,
,,,,,103000,,,3.55865740776062,31.73973846435547,30.818174362182617,414.0614013671875,0.8288125,9.343739583333334e-05
,,,,,103287,230.0,1986,,,,,,
,,,,,103571,140.0,1162,,,,,,
,,,,,103971,180.0,1626,,,,,,
,,,,,104000,,,13.271906852722168,28.265033721923828,27.69381332397461,335.5357666015625,0.82675,9.333322916666666e-05
,,,,,104471,280.0,2018,,,,,,
,,,,,105000,,,105.2024917602539,35.182369232177734,37.08946990966797,1000.6058349609375,0.8246875,9.32290625e-05
,,,,,105028,210.0,2250,,,,,,
,,,,,105467,260.0,1754,,,,,,
,,,,,105952,280.0,1946,,,,,,
,,,,,106000,,,6.761833190917969,25.989675521850586,26.631919860839844,336.2232971191406,0.8226249999999999,9.312489583333333e-05
,,,,,106478,300.0,2114,,,,,,
,,,,,106998,290.0,2082,,,,,,
,,,,,107000,,,13.794672012329102,26.266843795776367,26.255516052246094,314.0195617675781,0.8205625,9.302072916666668e-05
,,,,,107475,230.0,1938,,,,,,
,,,,,107947,270.0,1906,,,,,,
,,,,,108000,,,4.9420366287231445,33.09626388549805,33.650291442871094,255.01272583007812,0.8185,9.29165625e-05
,,,,,108461,380.0,2058,,,,,,
,,,,,108907,280.0,1794,,,,,,
,,,,,109000,,,5.224522590637207,27.60037612915039,27.87803840637207,178.53231811523438,0.8164374999999999,9.281239583333335e-05
,,,,,109277,230.0,1482,,,,,,
,,,,,109804,340.0,2130,,,,,,
633.0,72.80797,740.0,530.0,2474.0,110000,,,11.10236930847168,27.64788246154785,28.219953536987305,281.5799560546875,0.8143750000000001,9.270822916666668e-05
,,,,,110246,240.0,1770,,,,,,
,,,,,110887,640.0,2578,,,,,,
,,,,,111000,,,3.981288433074951,33.949623107910156,33.90158462524414,161.1494598388672,0.8123125,9.26040625e-05
,,,,,111373,270.0,1954,,,,,,
,,,,,111953,410.0,2338,,,,,,
,,,,,112000,,,5.607890605926514,27.122303009033203,26.71688461303711,230.6803436279297,0.81025,9.249989583333333e-05
,,,,,112415,230.0,1866,,,,,,
,,,,,112871,310.0,1850,,,,,,
,,,,,113000,,,9.174102783203125,25.125017166137695,25.82132339477539,369.93463134765625,0.8081875000000001,9.239572916666666e-05
,,,,,113246,190.0,1506,,,,,,
,,,,,113666,260.0,1682,,,,,,
,,,,,114000,,,29.60647964477539,33.91523742675781,34.3853759765625,374.05841064453125,0.806125,9.22915625e-05
,,,,,114163,330.0,2002,,,,,,
,,,,,114668,330.0,2042,,,,,,
,,,,,115000,,,11.880168914794922,30.821081161499023,30.98388671875,349.7596740722656,0.8040625,9.218739583333333e-05
,,,,,115176,250.0,2034,,,,,,
,,,,,115705,330.0,2122,,,,,,
,,,,,116000,,,6.302192211151123,28.994054794311523,28.09408950805664,336.9794921875,0.802,9.208322916666667e-05
,,,,,116491,710.0,3162,,,,,,
,,,,,116945,310.0,1826,,,,,,
,,,,,117000,,,6.92470121383667,30.088808059692383,29.440000534057617,352.5198059082031,0.7999375,9.19790625e-05
,,,,,117401,270.0,1850,,,,,,
,,,,,117920,380.0,2082,,,,,,
,,,,,118000,,,5.619893550872803,27.685222625732422,27.638105392456055,247.54415893554688,0.797875,9.187489583333334e-05
,,,,,118348,220.0,1714,,,,,,
,,,,,118929,370.0,2338,,,,,,
,,,,,119000,,,6.531030654907227,30.294301986694336,29.908756256103516,297.1854553222656,0.7958125,9.177072916666667e-05
,,,,,119460,240.0,2146,,,,,,
,,,,,119968,310.0,2050,,,,,,
489.0,197.50696,1050.0,370.0,2380.4,120000,,,5.136772155761719,29.857566833496094,29.78327178955078,185.4984893798828,0.79375,9.16665625e-05
,,,,,120401,260.0,1738,,,,,,
,,,,,120846,300.0,1786,,,,,,
,,,,,121000,,,6.679003715515137,31.16219711303711,31.851696014404297,356.7540283203125,0.7916875,9.156239583333333e-05
,,,,,121510,440.0,2666,,,,,,
,,,,,121970,290.0,1850,,,,,,
,,,,,122000,,,13.467686653137207,30.330089569091797,29.377628326416016,466.3814392089844,0.789625,9.145822916666667e-05
,,,,,122450,330.0,1938,,,,,,
,,,,,122988,250.0,2178,,,,,,
,,,,,123000,,,53.93836212158203,24.940391540527344,25.488994598388672,598.0247802734375,0.7875625,9.13540625e-05
,,,,,123443,370.0,1842,,,,,,
,,,,,123955,310.0,2050,,,,,,
,,,,,124000,,,2.846893787384033,28.130226135253906,27.9034423828125,164.7179718017578,0.7855,9.124989583333334e-05
,,,,,124411,280.0,1826,,,,,,
,,,,,125000,,,12.998486518859863,26.896547317504883,25.23872947692871,451.107666015625,0.7834375,9.114572916666667e-05
,,,,,125022,550.0,2450,,,,,,
,,,,,125547,340.0,2114,,,,,,
,,,,,126000,,,5.399477958679199,26.044105529785156,26.23366928100586,228.3851318359375,0.781375,9.10415625e-05
,,,,,126040,220.0,1986,,,,,,
,,,,,126546,370.0,2026,,,,,,
,,,,,126991,290.0,1786,,,,,,
,,,,,127000,,,2.1582746505737305,28.849626541137695,29.083202362060547,106.520751953125,0.7793125,9.093739583333334e-05
,,,,,127586,400.0,2394,,,,,,
,,,,,127926,120.0,1362,,,,,,
,,,,,128000,,,8.842570304870605,31.061389923095703,30.060333251953125,401.0849914550781,0.77725,9.083322916666667e-05
,,,,,128286,230.0,1466,,,,,,
,,,,,128746,290.0,1842,,,,,,
,,,,,129000,,,18.149520874023438,31.193153381347656,33.046268463134766,681.958984375,0.7751875,9.072906250000001e-05
,,,,,129172,360.0,1706,,,,,,
,,,,,129666,270.0,2002,,,,,,
439.0,138.37991,750.0,330.0,2262.8,130000,,,5.480135917663574,30.613439559936523,30.90904426574707,228.33505249023438,0.7731250000000001,9.062489583333333e-05
,,,,,130140,230.0,1914,,,,,,
,,,,,130613,260.0,1914,,,,,,
,,,,,131000,,,6.59359884262085,27.879627227783203,28.144248962402344,168.37509155273438,0.7710625,9.052072916666667e-05
,,,,,131128,260.0,2074,,,,,,
,,,,,131601,250.0,1906,,,,,,
,,,,,132000,,,4.662371635437012,32.784034729003906,33.02480697631836,239.57057189941406,0.769,9.04165625e-05
,,,,,132214,370.0,2458,,,,,,
,,,,,132605,190.0,1586,,,,,,
,,,,,133000,,,112.98724365234375,36.65763473510742,38.03629684448242,508.2329406738281,0.7669375,9.031239583333334e-05
,,,,,133050,300.0,1786,,,,,,
,,,,,133437,320.0,1562,,,,,,
,,,,,133813,320.0,1514,,,,,,
,,,,,134000,,,3.438559055328369,30.91413116455078,31.85990333557129,298.0001220703125,0.764875,9.020822916666667e-05
,,,,,134261,190.0,1818,,,,,,
,,,,,134936,1820.0,2706,,,,,,
,,,,,135000,,,4.144228458404541,38.71400451660156,39.094669342041016,235.5863800048828,0.7628125,9.010406250000001e-05
,,,,,135682,410.0,2994,,,,,,
,,,,,136000,,,25.746238708496094,41.05866622924805,41.52686309814453,1042.1395263671875,0.76075,8.999989583333334e-05
,,,,,136034,160.0,1426,,,,,,
,,,,,136755,1240.0,2890,,,,,,
,,,,,137000,,,6.0822434425354,35.05048370361328,35.664344787597656,259.90521240234375,0.7586875,8.989572916666668e-05
,,,,,137293,370.0,2178,,,,,,
,,,,,137677,180.0,1538,,,,,,
,,,,,138000,,,7.336513519287109,33.890174865722656,33.23876953125,305.4836730957031,0.756625,8.979156250000001e-05
,,,,,138122,260.0,1802,,,,,,
,,,,,138581,280.0,1850,,,,,,
,,,,,139000,,,7.486380100250244,36.42808151245117,35.26077651977539,474.3727722167969,0.7545625,8.968739583333334e-05
,,,,,139086,300.0,2042,,,,,,
,,,,,139590,240.0,2018,,,,,,
434.0,150.41277,730.0,330.0,2507.6,140000,,,8.841240882873535,30.971593856811523,30.829086303710938,185.86805725097656,0.7525,8.958322916666667e-05
,,,,,140024,280.0,1762,,,,,,
,,,,,140500,260.0,1906,,,,,,
,,,,,140968,310.0,1898,,,,,,
,,,,,141000,,,6.159339904785156,33.896484375,32.77216720581055,405.1627502441406,0.7504375,8.94790625e-05
,,,,,141678,380.0,2842,,,,,,
,,,,,142000,,,6.77182674407959,33.11119079589844,33.735694885253906,312.4122009277344,0.748375,8.937489583333334e-05
,,,,,142450,790.0,3098,,,,,,
,,,,,142923,350.0,1906,,,,,,
,,,,,143000,,,6.154618263244629,37.956844329833984,37.788761138916016,236.94708251953125,0.7463125,8.927072916666667e-05
,,,,,143627,470.0,2818,,,,,,
,,,,,144000,,,140.111572265625,29.55199432373047,32.30654525756836,682.1895751953125,0.74425,8.916656250000001e-05
,,,,,144398,1120.0,3090,,,,,,
,,,,,144933,340.0,2162,,,,,,
,,,,,145000,,,10.635631561279297,40.35344696044922,40.92726516723633,359.4515686035156,0.7421875,8.906239583333334e-05
,,,,,145483,450.0,2202,,,,,,
,,,,,146000,,,3.9907236099243164,37.069190979003906,36.23036575317383,309.0257873535156,0.7401249999999999,8.895822916666668e-05
,,,,,146028,360.0,2194,,,,,,
,,,,,146485,280.0,1834,,,,,,
,,,,,146903,200.0,1690,,,,,,
,,,,,147000,,,21.136064529418945,30.65776252746582,32.36371994018555,705.4813842773438,0.7380625000000001,8.885406250000001e-05
,,,,,147328,350.0,1714,,,,,,
,,,,,147925,660.0,2402,,,,,,
,,,,,148000,,,6.507245063781738,37.42811584472656,37.37582015991211,199.06915283203125,0.736,8.874989583333334e-05
,,,,,148253,180.0,1338,,,,,,
,,,,,148718,290.0,1882,,,,,,
,,,,,149000,,,9.739737510681152,33.25802993774414,31.286041259765625,631.7672729492188,0.7339375,8.864572916666666e-05
,,,,,149205,370.0,1970,,,,,,
,,,,,149619,260.0,1674,,,,,,
437.0,281.5333,1000.0,290.0,2185.2,150000,,,4.451170921325684,34.31394577026367,34.19679641723633,231.85032653808594,0.731875,8.854156250000001e-05
,,,,,150079,250.0,1850,,,,,,
,,,,,150577,310.0,1994,,,,,,
,,,,,151000,,,3.8475518226623535,37.31935119628906,36.95807647705078,220.9668426513672,0.7298125,8.843739583333334e-05
,,,,,151056,230.0,1922,,,,,,
,,,,,151601,400.0,2178,,,,,,
,,,,,151996,240.0,1594,,,,,,
,,,,,152000,,,3.1589062213897705,30.881023406982422,30.827922821044922,207.08740234375,0.72775,8.833322916666668e-05
,,,,,152537,360.0,2170,,,,,,
,,,,,153000,,,13.012651443481445,43.0634880065918,41.63037872314453,680.9175415039062,0.7256875,8.82290625e-05
,,,,,153034,340.0,2002,,,,,,
,,,,,153686,610.0,2626,,,,,,
,,,,,154000,,,9.953927993774414,37.43137741088867,37.047943115234375,287.634521484375,0.723625,8.812489583333335e-05
,,,,,154357,1120.0,2690,,,,,,
,,,,,154706,200.0,1402,,,,,,
,,,,,155000,,,3.9554781913757324,40.65111541748047,39.83732223510742,339.8675537109375,0.7215625,8.802072916666668e-05
,,,,,155345,560.0,2554,,,,,,
,,,,,156000,,,6.7077765464782715,41.62104797363281,40.82737731933594,313.7467041015625,0.7195,8.79165625e-05
,,,,,156080,580.0,2938,,,,,,
,,,,,156698,560.0,2490,,,,,,
,,,,,157000,,,11.28966236114502,46.97216033935547,46.57295608520508,385.58673095703125,0.7174375,8.781239583333333e-05
,,,,,157266,360.0,2298,,,,,,
,,,,,157845,430.0,2330,,,,,,
,,,,,158000,,,198.27232360839844,39.25875473022461,42.807594299316406,908.929443359375,0.7153750000000001,8.770822916666666e-05
,,,,,158494,560.0,2602,,,,,,
,,,,,158985,180.0,1986,,,,,,
,,,,,159000,,,92.51103210449219,46.92475891113281,47.985557556152344,955.4464721679688,0.7133125,8.76040625e-05
,,,,,159464,300.0,1946,,,,,,
,,,,,159866,190.0,1618,,,,,,
363.0,35.79106,470.0,350.0,2631.6,160000,,,10.250195503234863,42.90233612060547,43.17198944091797,329.6524353027344,0.7112499999999999,8.749989583333333e-05
,,,,,160558,530.0,2786,,,,,,
,,,,,161000,,,11.487954139709473,39.07173156738281,38.54387664794922,435.6375427246094,0.7091875,8.739572916666668e-05
,,,,,161037,290.0,1938,,,,,,
,,,,,161485,140.0,1794,,,,,,
,,,,,161886,200.0,1602,,,,,,
,,,,,162000,,,83.80555725097656,39.35707092285156,40.515106201171875,790.5018310546875,0.707125,8.72915625e-05
,,,,,162440,450.0,2218,,,,,,
,,,,,162800,180.0,1458,,,,,,
,,,,,163000,,,6.429270267486572,38.59324645996094,37.790313720703125,301.77996826171875,0.7050624999999999,8.718739583333335e-05
,,,,,163273,270.0,1898,,,,,,
,,,,,163702,250.0,1746,,,,,,
,,,,,164000,,,11.326409339904785,46.54141616821289,47.502254486083984,689.1924438476562,0.7030000000000001,8.708322916666667e-05
,,,,,164271,390.0,2298,,,,,,
,,,,,164750,350.0,1938,,,,,,
,,,,,165000,,,6.286908149719238,35.59812545776367,36.77845764160156,365.3298034667969,0.7009375,8.69790625e-05
,,,,,165446,480.0,2786,,,,,,
,,,,,166000,,,8.208529472351074,40.01201248168945,39.60974884033203,330.5101013183594,0.698875,8.687489583333333e-05
,,,,,166036,400.0,2362,,,,,,
,,,,,166704,560.0,2690,,,,,,
,,,,,167000,,,4.397161960601807,50.318058013916016,50.38225173950195,279.4824523925781,0.6968125000000001,8.677072916666666e-05
,,,,,167117,240.0,1682,,,,,,
,,,,,168000,,,90.57630920410156,43.164730072021484,44.753211975097656,974.5927734375,0.69475,8.66665625e-05
,,,,,168009,970.0,3570,,,,,,
,,,,,168655,880.0,2610,,,,,,
,,,,,169000,,,5.652218341827393,50.821529388427734,49.94008255004883,400.7900085449219,0.6926875,8.656239583333334e-05
,,,,,169216,400.0,2266,,,,,,
,,,,,169890,490.0,2698,,,,,,
513.0,181.55165,790.0,390.0,2294.8,170000,,,4.4606733322143555,37.869537353515625,37.680789947509766,210.22183227539062,0.690625,8.645822916666667e-05
,,,,,170495,380.0,2426,,,,,,
,,,,,170903,270.0,1650,,,,,,
,,,,,171000,,,3.7859625816345215,38.20500946044922,37.04916000366211,364.7012634277344,0.6885625,8.63540625e-05
,,,,,171369,330.0,1866,,,,,,
,,,,,172000,,,8.776631355285645,46.558162689208984,46.18488693237305,376.54779052734375,0.6865,8.624989583333334e-05
,,,,,172089,590.0,2890,,,,,,
,,,,,172820,750.0,2946,,,,,,
,,,,,173000,,,87.73633575439453,44.34852981567383,45.842613220214844,850.8291625976562,0.6844375,8.614572916666667e-05
,,,,,173241,200.0,1714,,,,,,
,,,,,173964,610.0,2898,,,,,,
,,,,,174000,,,7.964668273925781,44.036537170410156,42.877716064453125,448.4670715332031,0.682375,8.60415625e-05
,,,,,174384,250.0,1690,,,,,,
,,,,,174852,210.0,1898,,,,,,
,,,,,175000,,,6.2809247970581055,39.6569938659668,39.81854248046875,236.93577575683594,0.6803125,8.593739583333333e-05
,,,,,175665,750.0,3266,,,,,,
,,,,,176000,,,5.1523027420043945,40.29060745239258,40.62281036376953,291.27880859375,0.67825,8.583322916666667e-05
,,,,,176178,230.0,2074,,,,,,
,,,,,176692,290.0,2082,,,,,,
,,,,,177000,,,174.7370147705078,39.22355270385742,42.07251739501953,943.6467895507812,0.6761874999999999,8.57290625e-05
,,,,,177266,400.0,2298,,,,,,
,,,,,177725,280.0,1850,,,,,,
,,,,,178000,,,65.82682037353516,40.804588317871094,42.09260177612305,741.4006958007812,0.6741250000000001,8.562489583333334e-05
,,,,,178266,420.0,2170,,,,,,
,,,,,178749,330.0,1946,,,,,,
,,,,,179000,,,6.122582912445068,50.209007263183594,50.62150573730469,309.5396423339844,0.6720625,8.552072916666667e-05
,,,,,179791,770.0,4186,,,,,,
646.0,364.99863,1240.0,350.0,2410.8,180000,,,5.235353946685791,41.01665496826172,41.91627502441406,351.10943603515625,0.67,8.541656250000001e-05
,,,,,180341,410.0,2218,,,,,,
,,,,,180883,450.0,2178,,,,,,
,,,,,181000,,,3.856017589569092,37.00200271606445,36.881568908691406,150.67372131347656,0.6679375000000001,8.531239583333334e-05
,,,,,181442,330.0,2250,,,,,,
,,,,,181924,200.0,1946,,,,,,
,,,,,182000,,,5.177134037017822,42.63983154296875,42.653045654296875,192.16781616210938,0.665875,8.520822916666667e-05
,,,,,182441,430.0,2066,,,,,,
,,,,,182956,270.0,2066,,,,,,
,,,,,183000,,,10.579851150512695,46.67820739746094,46.63117599487305,283.48614501953125,0.6638124999999999,8.51040625e-05
,,,,,183488,310.0,2130,,,,,,
,,,,,184000,,,11.174238204956055,46.97169494628906,47.842796325683594,335.091552734375,0.6617500000000001,8.499989583333334e-05
,,,,,184039,290.0,2210,,,,,,
,,,,,184640,490.0,2410,,,,,,
,,,,,185000,,,9.020370483398438,50.51478576660156,50.854095458984375,284.1463928222656,0.6596875,8.489572916666667e-05
,,,,,185004,180.0,1458,,,,,,
,,,,,185614,640.0,2442,,,,,,
,,,,,186000,,,8.589855194091797,43.73628616333008,43.21714401245117,327.7288818359375,0.657625,8.47915625e-05
,,,,,186112,310.0,2002,,,,,,
,,,,,186684,360.0,2290,,,,,,
,,,,,187000,,,5.440962314605713,41.003604888916016,41.17119216918945,245.0460968017578,0.6555625,8.468739583333334e-05
,,,,,187107,310.0,1706,,,,,,
,,,,,187634,350.0,2122,,,,,,
,,,,,188000,,,14.296133995056152,40.73457717895508,40.49565505981445,230.0131378173828,0.6535,8.458322916666668e-05
,,,,,188106,350.0,1890,,,,,,
,,,,,188612,330.0,2034,,,,,,
,,,,,189000,,,8.454816818237305,51.599510192871094,51.684478759765625,268.20880126953125,0.6514375,8.447906250000001e-05
,,,,,189156,440.0,2186,,,,,,
,,,,,189665,300.0,2050,,,,,,
491.0,287.3482,1040.0,260.0,2411.6,190000,,,194.6590118408203,48.023433685302734,49.67121505737305,773.8690795898438,0.649375,8.437489583333334e-05
,,,,,190456,520.0,3170,,,,,,
,,,,,190953,390.0,1994,,,,,,
,,,,,191000,,,7.002364635467529,47.35242462158203,47.785179138183594,371.1263122558594,0.6473125,8.427072916666667e-05
,,,,,191406,290.0,1818,,,,,,
,,,,,191858,330.0,1826,,,,,,
,,,,,192000,,,33.913124084472656,45.62261962890625,47.653541564941406,657.153076171875,0.64525,8.41665625e-05
,,,,,192286,320.0,1722,,,,,,
,,,,,193000,,,18.176271438598633,39.374732971191406,37.45274353027344,618.2203369140625,0.6431875,8.406239583333334e-05
,,,,,193096,530.0,3258,,,,,,
,,,,,193590,390.0,1994,,,,,,
,,,,,194000,,,7.40741491317749,45.89743423461914,45.58189392089844,208.7352294921875,0.641125,8.395822916666667e-05
,,,,,194109,430.0,2090,,,,,,
,,,,,194709,460.0,2426,,,,,,
,,,,,195000,,,13.741035461425781,47.41017150878906,47.87748336791992,324.7382507324219,0.6390625000000001,8.385406250000001e-05
,,,,,195212,320.0,2034,,,,,,
,,,,,195950,1110.0,2954,,,,,,
,,,,,196000,,,8.015504837036133,43.62242126464844,42.15876007080078,425.788818359375,0.637,8.374989583333334e-05
,,,,,196428,330.0,1930,,,,,,
,,,,,196945,360.0,2074,,,,,,
,,,,,197000,,,3.989504337310791,48.37571716308594,48.45539855957031,216.8702850341797,0.6349374999999999,8.364572916666667e-05
,,,,,197438,250.0,1994,,,,,,
,,,,,197884,270.0,1802,,,,,,
,,,,,198000,,,6.1321001052856445,52.589759826660156,52.12515640258789,219.7960205078125,0.632875,8.354156250000001e-05
,,,,,198722,970.0,3378,,,,,,
,,,,,199000,,,12.428367614746094,52.3629035949707,52.25201416015625,337.75482177734375,0.6308125,8.343739583333335e-05
,,,,,199240,300.0,2074,,,,,,
,,,,,199732,360.0,1994,,,,,,
888.0,334.2095,1470.0,480.0,2865.2,200000,,,8.399563789367676,53.59341812133789,53.99283981323242,306.932861328125,0.62875,8.333322916666666e-05
,,,,,200257,280.0,2106,,,,,,
,,,,,200860,630.0,2426,,,,,,
,,,,,201000,,,10.952317237854004,44.4908561706543,43.85974884033203,285.0109558105469,0.6266875000000001,8.322906249999999e-05
,,,,,201581,1020.0,2898,,,,,,
,,,,,202000,,,63.90547180175781,44.09442901611328,45.632080078125,670.3703002929688,0.624625,8.312489583333334e-05
,,,,,202278,640.0,2794,,,,,,
,,,,,202732,310.0,1842,,,,,,
,,,,,203000,,,5.181850910186768,45.787208557128906,44.82575988769531,317.08319091796875,0.6225625,8.302072916666668e-05
,,,,,203338,1010.0,2442,,,,,,
,,,,,203699,180.0,1466,,,,,,
,,,,,204000,,,23.029422760009766,45.380558013916016,45.283287048339844,375.6768798828125,0.6205,8.29165625e-05
,,,,,204352,470.0,2618,,,,,,
,,,,,204798,240.0,1786,,,,,,
,,,,,205000,,,9.042356491088867,50.275848388671875,47.95136642456055,760.0463256835938,0.6184375,8.281239583333333e-05
,,,,,205404,670.0,2434,,,,,,
,,,,,205904,290.0,2026,,,,,,
,,,,,206000,,,5.917816638946533,52.64360809326172,51.460025787353516,447.604736328125,0.616375,8.270822916666668e-05
,,,,,206563,510.0,2642,,,,,,
,,,,,207000,,,11.921117782592773,50.54905700683594,49.39651870727539,406.9248352050781,0.6143125,8.26040625e-05
,,,,,207091,370.0,2122,,,,,,
,,,,,207773,670.0,2730,,,,,,
,,,,,208000,,,12.471263885498047,45.33939743041992,46.07243728637695,451.0218505859375,0.61225,8.249989583333335e-05
,,,,,208522,1270.0,2994,,,,,,
,,,,,209000,,,7.654314041137695,51.14665222167969,51.265907287597656,290.7044677734375,0.6101875,8.239572916666666e-05
,,,,,209240,460.0,2874,,,,,,
,,,,,209783,490.0,2194,,,,,,
689.0,335.2447,1670.0,520.0,2286.8,210000,,,1270.929443359375,49.924007415771484,56.79167938232422,2619.975341796875,0.608125,8.22915625e-05
,,,,,210461,700.0,2722,,,,,,
,,,,,211000,,,7.568780899047852,47.379398345947266,45.99310302734375,448.0953369140625,0.6060625,8.218739583333333e-05
,,,,,211144,830.0,2746,,,,,,
,,,,,211828,1250.0,2762,,,,,,
,,,,,212000,,,7.714630126953125,53.89656066894531,54.10778045654297,393.67706298828125,0.604,8.208322916666666e-05
,,,,,212420,440.0,2394,,,,,,
,,,,,212934,450.0,2082,,,,,,
,,,,,213000,,,7.2456231117248535,51.293601989746094,51.469078063964844,266.4052429199219,0.6019375,8.19790625e-05
,,,,,213663,610.0,2922,,,,,,
,,,,,214000,,,8.30752182006836,50.53316879272461,49.08690643310547,569.3121948242188,0.5998749999999999,8.187489583333335e-05
,,,,,214131,350.0,1898,,,,,,
,,,,,215000,,,10.708701133728027,52.1885986328125,50.962074279785156,492.6737365722656,0.5978125000000001,8.177072916666667e-05
,,,,,215071,840.0,3762,,,,,,
,,,,,215758,780.0,2770,,,,,,
,,,,,216000,,,209.36227416992188,46.71998977661133,48.31991958618164,877.289306640625,0.59575,8.16665625e-05
,,,,,216367,460.0,2450,,,,,,
,,,,,217000,,,5.1571364402771,53.24439239501953,53.128662109375,226.68301391601562,0.5936875,8.156239583333334e-05
,,,,,217135,1150.0,3082,,,,,,
,,,,,217572,390.0,1746,,,,,,
,,,,,218000,,,37.66781997680664,49.65033721923828,51.46772766113281,637.2615966796875,0.5916250000000001,8.145822916666667e-05
,,,,,218592,2450.0,4090,,,,,,
,,,,,219000,,,27.04961395263672,56.25437927246094,55.48693084716797,722.634765625,0.5895625,8.13540625e-05
,,,,,219048,270.0,1850,,,,,,
,,,,,219985,2030.0,3770,,,,,,
800.0,324.71527,1110.0,310.0,3210.0,220000,,,7.336338520050049,49.28862762451172,49.96356201171875,279.1086120605469,0.5874999999999999,8.124989583333333e-05
,,,,,220528,360.0,2178,,,,,,
,,,,,221000,,,6.50568962097168,52.694732666015625,53.0830192565918,279.28961181640625,0.5854375,8.114572916666667e-05
,,,,,221067,400.0,2170,,,,,,
,,,,,221857,1200.0,3186,,,,,,
,,,,,222000,,,10.758560180664062,55.041561126708984,54.51002502441406,368.1537170410156,0.583375,8.10415625e-05
,,,,,222320,300.0,1866,,,,,,
,,,,,222700,260.0,1530,,,,,,
,,,,,223000,,,7.183724403381348,49.217010498046875,49.35045623779297,268.6069641113281,0.5813125,8.093739583333334e-05
,,,,,223108,270.0,1658,,,,,,
,,,,,223615,320.0,2050,,,,,,
,,,,,224000,,,18.34405517578125,58.01594924926758,56.97810745239258,398.8753356933594,0.57925,8.083322916666667e-05
,,,,,224104,410.0,1970,,,,,,
,,,,,224995,1260.0,3586,,,,,,
,,,,,225000,,,19.136629104614258,61.49949264526367,62.89087677001953,561.3955078125,0.5771875,8.072906250000001e-05
,,,,,225518,420.0,2106,,,,,,
,,,,,225924,330.0,1626,,,,,,
,,,,,226000,,,31.835433959960938,54.53145980834961,54.872718811035156,524.0921020507812,0.5751250000000001,8.062489583333334e-05
,,,,,226339,300.0,1682,,,,,,
,,,,,226903,420.0,2266,,,,,,
,,,,,227000,,,8.5241060256958,47.901634216308594,47.93346405029297,226.50106811523438,0.5730625,8.052072916666667e-05
,,,,,227439,450.0,2154,,,,,,
,,,,,227981,510.0,2170,,,,,,
,,,,,228000,,,10.611309051513672,54.831993103027344,55.24845504760742,336.878173828125,0.571,8.04165625e-05
,,,,,228653,910.0,2706,,,,,,
,,,,,229000,,,14.061090469360352,52.461082458496094,51.90579605102539,399.5572204589844,0.5689375,8.031239583333334e-05
,,,,,229240,620.0,2362,,,,,,
,,,,,229723,400.0,1962,,,,,,
592.0,185.94623,840.0,330.0,2556.4,230000,,,2.266893148422241,51.64876174926758,51.7700309753418,138.17587280273438,0.566875,8.020822916666667e-05
,,,,,230228,350.0,2018,,,,,,
,,,,,230711,330.0,1930,,,,,,
,,,,,231000,,,17.771896362304688,50.303321838378906,49.40581130981445,354.3312683105469,0.5648124999999999,8.01040625e-05
,,,,,231236,380.0,2106,,,,,,
,,,,,231755,400.0,2098,,,,,,
,,,,,232000,,,19.09617042541504,52.65133285522461,50.554813385009766,872.1463623046875,0.5627500000000001,7.999989583333334e-05
,,,,,232202,330.0,1786,,,,,,
,,,,,232818,450.0,2482,,,,,,
,,,,,233000,,,10.215558052062988,62.18934631347656,59.96466064453125,736.9200439453125,0.5606875,7.989572916666668e-05
,,,,,233422,630.0,2418,,,,,,
,,,,,233983,390.0,2274,,,,,,
,,,,,234000,,,17.360803604125977,55.58660125732422,55.87898254394531,419.92669677734375,0.5586249999999999,7.979156250000001e-05
,,,,,234503,330.0,2106,,,,,,
,,,,,235000,,,5.4424238204956055,58.32624053955078,58.94063186645508,347.1274108886719,0.5565625,7.968739583333334e-05
,,,,,235192,500.0,2778,,,,,,
,,,,,235756,420.0,2274,,,,,,
,,,,,236000,,,119.22074890136719,49.74625778198242,51.761993408203125,1120.6820068359375,0.5545,7.958322916666667e-05
,,,,,236429,890.0,2690,,,,,,
,,,,,237000,,,7.933495044708252,53.56818389892578,52.3828125,448.5836181640625,0.5524375,7.94790625e-05
,,,,,237180,570.0,3026,,,,,,
,,,,,237759,540.0,2314,,,,,,
,,,,,238000,,,8.686544418334961,52.37334442138672,52.2669792175293,242.6431884765625,0.5503750000000001,7.937489583333334e-05
,,,,,238525,950.0,3082,,,,,,
,,,,,239000,,,10.239700317382812,63.2619514465332,63.66994094848633,463.10272216796875,0.5483125,7.927072916666667e-05
,,,,,239001,470.0,1906,,,,,,
,,,,,239541,410.0,2178,,,,,,
1057.0,399.32568,1460.0,500.0,2998.0,240000,,,6.492227554321289,59.98618698120117,60.58417510986328,333.0224609375,0.54625,7.916656250000001e-05
,,,,,240042,350.0,2018,,,,,,
,,,,,240580,500.0,2170,,,,,,
,,,,,241000,,,9.513867378234863,53.34053039550781,52.28365707397461,393.61358642578125,0.5441875,7.906239583333334e-05
,,,,,241331,620.0,3026,,,,,,
,,,,,241818,350.0,1954,,,,,,
,,,,,242000,,,5.697226047515869,60.0643310546875,60.44222640991211,294.7451171875,0.542125,7.895822916666667e-05
,,,,,242424,390.0,2450,,,,,,
,,,,,242831,320.0,1658,,,,,,
,,,,,243000,,,4.967220783233643,56.45684051513672,56.83723449707031,267.3381042480469,0.5400625,7.885406250000001e-05
,,,,,243305,300.0,1914,,,,,,
,,,,,244000,,,6.132033348083496,53.460105895996094,52.44647979736328,411.7149963378906,0.538,7.874989583333334e-05
,,,,,244001,1170.0,2786,,,,,,
,,,,,244775,710.0,3114,,,,,,
,,,,,245000,,,25.107181549072266,55.32381820678711,55.98130798339844,383.6632995605469,0.5359375,7.864572916666667e-05
,,,,,245230,220.0,1842,,,,,,
,,,,,245700,450.0,1890,,,,,,
,,,,,246000,,,22.130840301513672,61.61404037475586,62.27156448364258,592.7924194335938,0.533875,7.85415625e-05
,,,,,246303,700.0,2426,,,,,,
,,,,,246839,390.0,2146,,,,,,
,,,,,247000,,,7.199262619018555,57.96368408203125,57.08782196044922,437.9388122558594,0.5318125,7.843739583333334e-05
,,,,,247757,910.0,3674,,,,,,
,,,,,248000,,,13.162583351135254,57.64871597290039,58.419612884521484,408.54669189453125,0.5297499999999999,7.833322916666668e-05
,,,,,248126,260.0,1498,,,,,,
,,,,,248511,320.0,1562,,,,,,
,,,,,249000,,,8.008201599121094,60.39775848388672,59.8795051574707,349.9267272949219,0.5276875,7.822906250000001e-05
,,,,,249609,1100.0,4410,,,,,,
513.0,56.400356,560.0,430.0,1882.8,250000,,,8.43979549407959,63.95878601074219,62.58646774291992,532.1354370117188,0.525625,7.812489583333334e-05
,,,,,250111,490.0,2010,,,,,,
,,,,,250541,370.0,1730,,,,,,
,,,,,251000,,,5.49496603012085,64.911865234375,64.80030822753906,290.3272705078125,0.5235624999999999,7.802072916666668e-05
,,,,,251197,650.0,2634,,,,,,
,,,,,251750,1170.0,2218,,,,,,
,,,,,252000,,,12.864355087280273,66.6755142211914,65.5467529296875,482.44097900390625,0.5215000000000001,7.79165625e-05
,,,,,252259,310.0,2042,,,,,,
,,,,,252999,860.0,2986,,,,,,
,,,,,253000,,,10.968269348144531,59.60416030883789,59.61018371582031,404.9877624511719,0.5194375,7.781239583333333e-05
,,,,,253552,450.0,2218,,,,,,
,,,,,254000,,,12.203170776367188,57.77110290527344,58.81475067138672,491.1477355957031,0.517375,7.770822916666666e-05
,,,,,254254,750.0,2834,,,,,,
,,,,,254790,430.0,2162,,,,,,
,,,,,255000,,,7.694549560546875,57.62871551513672,57.53404998779297,210.10536193847656,0.5153125000000001,7.76040625e-05
,,,,,255370,540.0,2330,,,,,,
,,,,,256000,,,13.760138511657715,56.682430267333984,56.76889419555664,307.9632263183594,0.51325,7.749989583333333e-05
,,,,,256133,570.0,3058,,,,,,
,,,,,256722,1020.0,2378,,,,,,
,,,,,257000,,,8.109737396240234,66.45848083496094,65.40860748291016,389.6318664550781,0.5111874999999999,7.739572916666666e-05
,,,,,257198,390.0,1922,,,,,,
,,,,,257749,410.0,2218,,,,,,
,,,,,258000,,,337.802001953125,67.32623291015625,70.53641510009766,1209.1539306640625,0.509125,7.72915625e-05
,,,,,258492,1040.0,2994,,,,,,
,,,,,259000,,,4.390956401824951,54.36696243286133,53.80470275878906,253.3460235595703,0.5070625,7.718739583333335e-05
,,,,,259288,600.0,3202,,,,,,
,,,,,259948,810.0,2642,,,,,,
388.0,86.1162,550.0,320.0,1971.6,260000,,,9.686689376831055,57.26011276245117,56.59773254394531,342.2872314453125,0.505,7.708322916666668e-05
,,,,,260804,2020.0,3450,,,,,,
,,,,,261000,,,5.57868766784668,65.81717681884766,65.45887756347656,280.24188232421875,0.5029375,7.69790625e-05
,,,,,261435,540.0,2554,,,,,,
,,,,,261801,330.0,1482,,,,,,
,,,,,262000,,,57.261234283447266,56.275299072265625,56.91957092285156,658.7976684570312,0.500875,7.687489583333333e-05
,,,,,262339,420.0,2154,,,,,,
,,,,,263000,,,5.446018218994141,60.66107940673828,60.708030700683594,225.21304321289062,0.4988125,7.677072916666667e-05
,,,,,263163,1230.0,3306,,,,,,
,,,,,263654,360.0,1970,,,,,,
,,,,,264000,,,6.575060844421387,59.64148712158203,59.29589080810547,301.134765625,0.49675,7.66665625e-05
,,,,,264429,940.0,3106,,,,,,
,,,,,264929,430.0,2002,,,,,,
,,,,,265000,,,3.956963539123535,53.74241638183594,54.5006217956543,334.3352966308594,0.49468750000000006,7.656239583333333e-05
,,,,,265436,410.0,2034,,,,,,
,,,,,265924,360.0,1954,,,,,,
,,,,,266000,,,9.038100242614746,65.04644775390625,64.79808044433594,325.6861877441406,0.4926250000000001,7.645822916666667e-05
,,,,,266509,530.0,2362,,,,,,
,,,,,267000,,,4.860547065734863,60.797882080078125,60.25410842895508,284.7738037109375,0.4905625,7.63540625e-05
,,,,,267031,380.0,2090,,,,,,
,,,,,267642,620.0,2450,,,,,,
,,,,,268000,,,2.972257614135742,63.63642501831055,63.56036376953125,208.85096740722656,0.48849999999999993,7.624989583333334e-05
,,,,,268187,440.0,2194,,,,,,
,,,,,268791,620.0,2418,,,,,,
,,,,,269000,,,12.306964874267578,64.02562713623047,64.5423583984375,512.05517578125,0.48643749999999997,7.614572916666667e-05
,,,,,269392,330.0,2426,,,,,,
783.0,218.49715,1040.0,520.0,2532.4,270000,,,8.106035232543945,71.16252136230469,70.53514099121094,410.0330505371094,0.484375,7.60415625e-05
,,,,,270021,870.0,2546,,,,,,
,,,,,270631,630.0,2442,,,,,,
,,,,,271000,,,20.5674991607666,65.43770599365234,65.83824920654297,389.7297668457031,0.4823124999999999,7.593739583333333e-05
,,,,,271289,470.0,2634,,,,,,
,,,,,271835,520.0,2194,,,,,,
,,,,,272000,,,13.34871768951416,66.13108825683594,65.4382553100586,368.1619873046875,0.48024999999999995,7.583322916666666e-05
,,,,,272713,640.0,3522,,,,,,
,,,,,273000,,,9.130066871643066,62.27500915527344,63.05523681640625,447.5473327636719,0.4781875,7.57290625e-05
,,,,,273331,500.0,2490,,,,,,
,,,,,273705,260.0,1514,,,,,,
,,,,,274000,,,11.311107635498047,67.08551025390625,68.44000244140625,794.4999389648438,0.476125,7.562489583333334e-05
,,,,,274146,420.0,1794,,,,,,
,,,,,274551,400.0,1626,,,,,,
,,,,,275000,,,13.263609886169434,64.3088607788086,63.44975662231445,451.53594970703125,0.47406250000000005,7.552072916666667e-05
,,,,,275182,620.0,2530,,,,,,
,,,,,275774,610.0,2370,,,,,,
,,,,,276000,,,8.651530265808105,66.177978515625,65.68055725097656,287.5552062988281,0.472,7.54165625e-05
,,,,,276337,560.0,2274,,,,,,
,,,,,276930,610.0,2386,,,,,,
,,,,,277000,,,9.346049308776855,63.410621643066406,62.797401428222656,462.741943359375,0.4699375,7.531239583333334e-05
,,,,,277399,370.0,1874,,,,,,
,,,,,278000,,,9.677577018737793,69.88256072998047,69.68801879882812,386.1856384277344,0.46787500000000004,7.520822916666668e-05
,,,,,278128,570.0,2914,,,,,,
,,,,,278668,510.0,2178,,,,,,
,,,,,279000,,,6.333188056945801,73.6160659790039,73.15518951416016,359.9252014160156,0.4658125000000001,7.51040625e-05
,,,,,279156,390.0,1970,,,,,,
,,,,,279657,440.0,2018,,,,,,
702.0,300.55948,1210.0,430.0,2322.0,280000,,,13.913228034973145,74.50494384765625,74.38127136230469,462.62994384765625,0.46375,7.499989583333333e-05
,,,,,280437,780.0,3138,,,,,,
,,,,,280977,570.0,2178,,,,,,
,,,,,281000,,,9.327025413513184,66.30929565429688,66.14871215820312,352.3597412109375,0.46168750000000003,7.489572916666667e-05
,,,,,281448,360.0,1906,,,,,,
,,,,,282000,,,90.68272399902344,61.04566955566406,62.493370056152344,1021.5470581054688,0.45962500000000006,7.47915625e-05
,,,,,282012,590.0,2266,,,,,,
,,,,,282337,280.0,1314,,,,,,
,,,,,282972,580.0,2554,,,,,,
,,,,,283000,,,9.09971809387207,80.47930908203125,79.76848602294922,441.34100341796875,0.4575625,7.468739583333333e-05
,,,,,283728,790.0,3034,,,,,,
,,,,,284000,,,10.802844047546387,64.60808563232422,65.59192657470703,537.4913940429688,0.4555,7.458322916666667e-05
,,,,,284531,1130.0,3218,,,,,,
,,,,,284976,390.0,1794,,,,,,
,,,,,285000,,,4.947670936584473,59.80440902709961,59.02568054199219,382.3190612792969,0.45343749999999994,7.447906250000001e-05
,,,,,285370,300.0,1586,,,,,,
,,,,,286000,,,16.131031036376953,67.84101867675781,68.21339416503906,515.4227905273438,0.45137499999999997,7.437489583333334e-05
,,,,,286010,1100.0,2570,,,,,,
,,,,,286688,850.0,2730,,,,,,
,,,,,287000,,,14.62619686126709,69.202880859375,69.64239501953125,511.0412292480469,0.4493125,7.427072916666667e-05
,,,,,287280,370.0,2370,,,,,,
,,,,,287865,330.0,2346,,,,,,
,,,,,288000,,,6.923240661621094,69.97857666015625,70.80778503417969,478.5113525390625,0.44725000000000004,7.41665625e-05
,,,,,288546,1150.0,2738,,,,,,
,,,,,289000,,,73.91902160644531,63.10668182373047,63.72776794433594,837.57080078125,0.44518749999999996,7.406239583333334e-05
,,,,,289403,1220.0,3450,,,,,,
650.0,198.79637,930.0,390.0,2759.6,290000,,,1253.3155517578125,65.95320129394531,72.8646011352539,3183.76806640625,0.443125,7.395822916666667e-05
,,,,,290048,810.0,2610,,,,,,
,,,,,290981,1020.0,3738,,,,,,
,,,,,291000,,,12.53746223449707,65.22903442382812,65.7884750366211,538.9830932617188,0.4410625,7.38540625e-05
,,,,,291886,1060.0,3626,,,,,,
,,,,,292000,,,63.895721435546875,77.78300476074219,78.39287567138672,648.659912109375,0.43900000000000006,7.374989583333334e-05
,,,,,292499,580.0,2474,,,,,,
,,,,,293000,,,11.362008094787598,67.97643280029297,68.33018493652344,383.6238708496094,0.4369375,7.364572916666668e-05
,,,,,293091,680.0,2378,,,,,,
,,,,,293622,460.0,2146,,,,,,
,,,,,294000,,,13.091314315795898,63.10930633544922,63.0471076965332,360.0110168457031,0.434875,7.354156250000001e-05
,,,,,294323,890.0,2810,,,,,,
,,,,,294815,370.0,1994,,,,,,
,,,,,295000,,,7.184633255004883,60.463539123535156,60.67096710205078,334.1485595703125,0.43281250000000004,7.343739583333334e-05
,,,,,295360,440.0,2202,,,,,,
,,,,,295944,570.0,2362,,,,,,
,,,,,296000,,,6.434413909912109,63.65472412109375,64.39274597167969,328.8045959472656,0.4307500000000001,7.333322916666668e-05
,,,,,296462,350.0,2090,,,,,,
,,,,,296900,420.0,1754,,,,,,
,,,,,297000,,,23.089706420898438,74.64073944091797,74.50334167480469,445.4360656738281,0.4286875000000001,7.322906250000001e-05
,,,,,297438,580.0,2154,,,,,,
,,,,,298000,,,10.274654388427734,68.74243927001953,68.33161163330078,372.8212890625,0.4266249999999999,7.312489583333332e-05
,,,,,298136,580.0,2802,,,,,,
,,,,,298885,720.0,3002,,,,,,
,,,,,299000,,,11.416637420654297,68.57919311523438,68.45806121826172,407.7369079589844,0.42456249999999995,7.302072916666666e-05
1198.0,230.68593,1480.0,1000.0,3002.8,300000,,,3.640342950820923,74.7519760131836,73.86756896972656,329.9040222167969,0.4225,7.29165625e-05
,,,,,300111,1420.0,4914,,,,,,
,,,,,300507,400.0,1594,,,,,,
,,,,,301000,,,93.20098114013672,70.59565734863281,72.43505859375,1012.3873901367188,0.4204375,7.281239583333334e-05
,,,,,301310,1180.0,3218,,,,,,
,,,,,301876,520.0,2282,,,,,,
,,,,,302000,,,11.482647895812988,76.70503234863281,77.087890625,419.2251281738281,0.41837499999999994,7.270822916666666e-05
,,,,,302686,560.0,3266,,,,,,
,,,,,303000,,,13.915430068969727,64.20600891113281,63.68325424194336,469.06658935546875,0.4163125,7.26040625e-05
,,,,,303574,1010.0,3562,,,,,,
,,,,,304000,,,17.652036666870117,69.42294311523438,70.57437133789062,702.97607421875,0.41425,7.249989583333335e-05
,,,,,304464,1210.0,3578,,,,,,
,,,,,304964,530.0,2002,,,,,,
,,,,,305000,,,13.171607971191406,68.495849609375,69.17735290527344,353.37115478515625,0.41218750000000004,7.239572916666668e-05
,,,,,305473,370.0,2058,,,,,,
,,,,,306000,,,8.00819206237793,61.5753173828125,62.44939041137695,323.1875,0.41012499999999996,7.22915625e-05
,,,,,306202,720.0,2946,,,,,,
,,,,,306832,840.0,2530,,,,,,
,,,,,307000,,,11.257781028747559,60.58976364135742,61.641788482666016,600.2947387695312,0.4080625,7.218739583333333e-05
,,,,,307425,780.0,2394,,,,,,
,,,,,307926,400.0,2026,,,,,,
,,,,,308000,,,8.471991539001465,71.70606994628906,72.25006103515625,382.6955871582031,0.406,7.208322916666668e-05
,,,,,308649,910.0,2906,,,,,,
,,,,,309000,,,12.381309509277344,71.7144775390625,70.07510375976562,782.2236938476562,0.40393750000000006,7.19790625e-05
,,,,,309036,280.0,1570,,,,,,
,,,,,309750,1290.0,2866,,,,,,
657.0,92.417534,750.0,530.0,2747.6,310000,,,339.61309814453125,69.72047424316406,72.53208923339844,1431.7044677734375,0.4018750000000001,7.187489583333333e-05
,,,,,310506,850.0,3034,,,,,,
,,,,,310971,340.0,1890,,,,,,
,,,,,311000,,,6.582542419433594,65.91641998291016,65.43574523925781,380.9795837402344,0.3998125,7.177072916666667e-05
,,,,,311870,1420.0,3610,,,,,,
,,,,,312000,,,15.251030921936035,68.25359344482422,68.7472915649414,464.51116943359375,0.39775000000000005,7.16665625e-05
,,,,,312506,530.0,2546,,,,,,
,,,,,313000,,,15.055336952209473,74.39012145996094,75.29751586914062,685.5534057617188,0.39568749999999997,7.156239583333333e-05
,,,,,313263,810.0,3042,,,,,,
,,,,,314000,,,4.622984886169434,64.64107513427734,64.27892303466797,281.7918701171875,0.393625,7.145822916666667e-05
,,,,,314214,2070.0,3818,,,,,,
,,,,,314672,430.0,1858,,,,,,
,,,,,315000,,,52.551361083984375,70.70272827148438,72.23320770263672,638.0042724609375,0.3915624999999999,7.13540625e-05
,,,,,315330,1220.0,2634,,,,,,
,,,,,316000,,,21.920360565185547,78.73239135742188,77.4379653930664,835.2056884765625,0.38949999999999996,7.124989583333333e-05
,,,,,316096,820.0,3082,,,,,,
,,,,,316794,760.0,2802,,,,,,
,,,,,317000,,,21.046104431152344,73.56227111816406,72.63801574707031,441.8235168457031,0.3874375,7.114572916666666e-05
,,,,,317547,970.0,3034,,,,,,
,,,,,318000,,,58.06116485595703,69.2626953125,70.44147491455078,693.0665893554688,0.385375,7.10415625e-05
,,,,,318479,860.0,3746,,,,,,
,,,,,318971,450.0,1970,,,,,,
,,,,,319000,,,36.95174789428711,68.42434692382812,67.5114517211914,836.8800048828125,0.38331249999999994,7.093739583333334e-05
,,,,,319549,640.0,2338,,,,,,
812.0,219.94545,1040.0,520.0,2678.8,320000,,,23.76099395751953,71.29219055175781,73.02059173583984,693.814453125,0.38125,7.083322916666667e-05
,,,,,320039,440.0,1978,,,,,,
,,,,,320521,320.0,1938,,,,,,
,,,,,321000,,,23.406801223754883,74.19110870361328,75.01066589355469,654.1280517578125,0.3791875,7.07290625e-05
,,,,,321157,520.0,2546,,,,,,
,,,,,321641,470.0,1962,,,,,,
,,,,,322000,,,11.310070991516113,74.05245208740234,75.05476379394531,544.0776977539062,0.37712500000000004,7.062489583333334e-05
,,,,,322291,740.0,2602,,,,,,
,,,,,322911,700.0,2498,,,,,,
,,,,,323000,,,6.651447296142578,60.94010925292969,60.33771514892578,329.4854431152344,0.3750625000000001,7.052072916666667e-05
,,,,,323641,780.0,2930,,,,,,
,,,,,324000,,,13.635464668273926,61.64512252807617,61.59721374511719,383.76165771484375,0.373,7.04165625e-05
,,,,,324108,470.0,1882,,,,,,
,,,,,324802,870.0,2786,,,,,,
,,,,,325000,,,11.406728744506836,71.22875213623047,71.66339111328125,463.2064514160156,0.37093750000000003,7.031239583333333e-05
,,,,,325650,1430.0,3410,,,,,,
,,,,,326000,,,12.047470092773438,68.7560806274414,69.75912475585938,695.8023681640625,0.36887500000000006,7.020822916666667e-05
,,,,,326282,1150.0,2530,,,,,,
,,,,,326903,920.0,2490,,,,,,
,,,,,327000,,,10.570941925048828,78.25741577148438,79.04424285888672,516.4013061523438,0.3668125000000001,7.01040625e-05
,,,,,327645,620.0,2994,,,,,,
,,,,,328000,,,19.807140350341797,65.64940643310547,67.1450424194336,784.6228637695312,0.3647499999999999,6.999989583333333e-05
,,,,,328272,650.0,2514,,,,,,
,,,,,328767,380.0,1994,,,,,,
,,,,,329000,,,3.9331729412078857,66.26599884033203,67.01171875,377.1285705566406,0.36268749999999994,6.989572916666667e-05
,,,,,329701,1310.0,3738,,,,,,
914.0,308.3245,1200.0,500.0,2855.6,330000,,,10.828347206115723,71.88206481933594,71.97785186767578,351.4632568359375,0.360625,6.979156250000001e-05
,,,,,330594,780.0,3586,,,,,,
,,,,,331000,,,13.017606735229492,69.18049621582031,67.68605041503906,724.3099975585938,0.3585625,6.968739583333334e-05
,,,,,331022,430.0,1730,,,,,,
,,,,,331645,440.0,2498,,,,,,
,,,,,332000,,,11.938799858093262,71.7835693359375,72.89810180664062,592.9772338867188,0.35650000000000004,6.958322916666667e-05
,,,,,332357,810.0,2874,,,,,,
,,,,,332848,450.0,1978,,,,,,
,,,,,333000,,,11.152436256408691,79.0831298828125,78.39359283447266,476.5555114746094,0.35443749999999996,6.94790625e-05
,,,,,333664,920.0,3290,,,,,,
,,,,,334000,,,7.165518760681152,72.52827453613281,72.17850494384766,307.3829650878906,0.352375,6.937489583333334e-05
,,,,,334559,1300.0,3586,,,,,,
,,,,,335000,,,17.272363662719727,77.70230865478516,77.22572326660156,533.1283569335938,0.3503125,6.927072916666667e-05
,,,,,335273,750.0,2866,,,,,,
,,,,,336000,,,10.424582481384277,66.52339172363281,66.56232452392578,300.4773864746094,0.34825000000000006,6.91665625e-05
,,,,,336194,1490.0,3690,,,,,,
,,,,,336850,950.0,2650,,,,,,
,,,,,337000,,,10.692025184631348,69.4185791015625,68.47235870361328,499.11505126953125,0.3461875,6.906239583333334e-05
,,,,,337497,970.0,2602,,,,,,
,,,,,338000,,,10.408463478088379,66.1264877319336,64.6328353881836,678.4988403320312,0.344125,6.895822916666668e-05
,,,,,338009,400.0,2074,,,,,,
,,,,,338671,620.0,2650,,,,,,
,,,,,339000,,,22.936538696289062,74.0395278930664,74.05579376220703,652.8304443359375,0.34206250000000005,6.885406250000001e-05
,,,,,339334,590.0,2666,,,,,,
880.0,275.49954,1150.0,400.0,2985.2,340000,,,11.74821662902832,74.45661163330078,74.08113098144531,406.87646484375,0.3400000000000001,6.874989583333334e-05
,,,,,340107,1050.0,3098,,,,,,
,,,,,340717,1360.0,2458,,,,,,
,,,,,341000,,,10.915210723876953,70.21023559570312,70.50343322753906,416.2082214355469,0.3379375,6.864572916666667e-05
,,,,,341047,220.0,1322,,,,,,
,,,,,341646,700.0,2410,,,,,,
,,,,,342000,,,15.492810249328613,71.45774841308594,72.22785186767578,506.4464416503906,0.33587500000000003,6.85415625e-05
,,,,,342505,1880.0,3450,,,,,,
,,,,,343000,,,8.943270683288574,71.45054626464844,70.505126953125,437.1043701171875,0.33381249999999996,6.843739583333332e-05
,,,,,343013,500.0,2050,,,,,,
,,,,,343663,730.0,2626,,,,,,
,,,,,344000,,,6.28270149230957,70.5002670288086,70.25760650634766,294.7990417480469,0.33175,6.833322916666667e-05
,,,,,344724,1300.0,4242,,,,,,
,,,,,345000,,,6.239206314086914,72.34867858886719,72.00740051269531,372.4586486816406,0.3296875,6.822906250000001e-05
,,,,,345137,340.0,1650,,,,,,
,,,,,345942,1320.0,3226,,,,,,
,,,,,346000,,,10.789403915405273,68.59435272216797,68.82933807373047,415.49273681640625,0.32762499999999994,6.812489583333334e-05
,,,,,346833,1710.0,3570,,,,,,
,,,,,347000,,,15.01956558227539,75.7245864868164,76.00704956054688,496.9078674316406,0.3255625,6.802072916666666e-05
,,,,,347541,800.0,2850,,,,,,
,,,,,347924,330.0,1546,,,,,,
,,,,,348000,,,15.136896133422852,74.66098022460938,75.99791717529297,565.3341674804688,0.3235,6.791656250000001e-05
,,,,,348792,1210.0,3482,,,,,,
,,,,,349000,,,7.745184898376465,68.7575912475586,69.32182312011719,398.9121398925781,0.32143750000000004,6.781239583333334e-05
,,,,,349565,770.0,3098,,,,,,
571.0,162.26213,780.0,340.0,2588.4,350000,,,18.796239852905273,72.5445556640625,73.17874908447266,747.4754028320312,0.31937499999999996,6.770822916666666e-05
,,,,,350357,1220.0,3186,,,,,,
,,,,,351000,,,10.348367691040039,79.23100280761719,79.62283325195312,320.3744812011719,0.3173125,6.760406249999999e-05
,,,,,351034,890.0,2722,,,,,,
,,,,,351526,430.0,1994,,,,,,
,,,,,352000,,,14.38809871673584,68.81871032714844,69.46491241455078,438.4477844238281,0.31525000000000003,6.749989583333333e-05
,,,,,352026,420.0,2026,,,,,,
,,,,,352544,500.0,2098,,,,,,
,,,,,353000,,,135.15223693847656,66.52778625488281,68.78623962402344,1285.9947509765625,0.31318750000000006,6.739572916666668e-05
,,,,,353286,710.0,2978,,,,,,
,,,,,353889,890.0,2426,,,,,,
,,,,,354000,,,8.683351516723633,78.03132629394531,77.42774200439453,425.4766540527344,0.311125,6.72915625e-05
,,,,,354493,740.0,2442,,,,,,
,,,,,355000,,,7.233939170837402,77.917724609375,76.51947021484375,601.7034301757812,0.3090625,6.718739583333333e-05
,,,,,355185,970.0,2770,,,,,,
,,,,,355688,430.0,2026,,,,,,
,,,,,356000,,,10.831793785095215,69.78953552246094,68.40638732910156,570.94921875,0.30700000000000005,6.708322916666668e-05
,,,,,356231,760.0,2186,,,,,,
,,,,,357000,,,7.184497833251953,72.36212158203125,71.75652313232422,343.2976379394531,0.3049375000000001,6.69790625e-05
,,,,,357007,910.0,3106,,,,,,
,,,,,357498,330.0,1978,,,,,,
,,,,,358000,,,8.135076522827148,71.5047378540039,70.24951171875,614.6451416015625,0.302875,6.687489583333333e-05
,,,,,358116,620.0,2482,,,,,,
,,,,,358589,350.0,1906,,,,,,
,,,,,359000,,,14.372047424316406,80.91194915771484,80.89920806884766,464.3661804199219,0.3008124999999999,6.677072916666666e-05
,,,,,359204,470.0,2466,,,,,,
,,,,,359860,1190.0,2626,,,,,,
1487.0,529.7556,2330.0,620.0,2863.6,360000,,,15.55163288116455,74.30523681640625,73.508056640625,576.267822265625,0.29874999999999996,6.66665625e-05
,,,,,360559,780.0,2802,,,,,,
,,,,,361000,,,6.668386459350586,68.01930236816406,68.670654296875,360.7262878417969,0.2966875,6.656239583333333e-05
,,,,,361032,450.0,1914,,,,,,
,,,,,361505,470.0,1914,,,,,,
,,,,,362000,,,4.741532802581787,72.43424987792969,72.35133361816406,258.837646484375,0.294625,6.645822916666666e-05
,,,,,362323,1590.0,3298,,,,,,
,,,,,363000,,,450.7228698730469,70.26701354980469,74.32769012451172,1799.2659912109375,0.29256249999999995,6.63540625e-05
,,,,,363094,1090.0,3114,,,,,,
,,,,,363784,1030.0,2786,,,,,,
,,,,,364000,,,11.537582397460938,69.85444641113281,69.47493743896484,389.8218994140625,0.2905,6.624989583333335e-05
,,,,,364391,1170.0,2434,,,,,,
,,,,,365000,,,9.213438987731934,74.03972625732422,73.99372100830078,282.970703125,0.2884375,6.614572916666667e-05
,,,,,365222,1160.0,3338,,,,,,
,,,,,365789,560.0,2274,,,,,,
,,,,,366000,,,11.074065208435059,74.97374725341797,74.91596984863281,406.4018249511719,0.28637500000000005,6.60415625e-05
,,,,,366455,710.0,2682,,,,,,
,,,,,367000,,,11.037834167480469,62.45151901245117,62.24073028564453,368.92431640625,0.28431249999999997,6.593739583333333e-05
,,,,,367123,800.0,2674,,,,,,
,,,,,367893,1190.0,3098,,,,,,
,,,,,368000,,,127.38768768310547,70.2879867553711,70.3760757446289,1012.5358276367188,0.28225,6.583322916666667e-05
,,,,,368752,2300.0,3450,,,,,,
,,,,,369000,,,366.99365234375,75.06462097167969,77.68653106689453,1341.5350341796875,0.28018750000000003,6.57290625e-05
,,,,,369455,840.0,2810,,,,,,
744.0,229.92172,940.0,360.0,2827.6,370000,,,12.753053665161133,74.10054016113281,73.730712890625,484.0827941894531,0.27812500000000007,6.562489583333333e-05
,,,,,370142,650.0,2762,,,,,,
,,,,,370784,900.0,2570,,,,,,
,,,,,371000,,,10.912469863891602,76.78050231933594,77.8781967163086,616.525390625,0.2760625000000001,6.552072916666667e-05
,,,,,371548,610.0,3074,,,,,,
,,,,,372000,,,12.049318313598633,74.1365966796875,74.34220886230469,467.923828125,0.274,6.54165625e-05
,,,,,372164,690.0,2490,,,,,,
,,,,,372717,570.0,2210,,,,,,
,,,,,373000,,,62.92311096191406,81.7530288696289,83.45280456542969,896.804931640625,0.27193749999999994,6.531239583333333e-05
,,,,,373530,1180.0,3274,,,,,,
,,,,,374000,,,39.89848327636719,77.18822479248047,76.33458709716797,673.7015991210938,0.269875,6.520822916666667e-05
,,,,,374203,590.0,2698,,,,,,
,,,,,374913,900.0,2850,,,,,,
,,,,,375000,,,12.646739959716797,75.75792694091797,77.31825256347656,793.4469604492188,0.2678125,6.510406250000001e-05
,,,,,375386,360.0,1906,,,,,,
,,,,,376000,,,11.047539710998535,74.56031036376953,74.45185852050781,327.37548828125,0.26574999999999993,6.499989583333334e-05
,,,,,376018,610.0,2530,,,,,,
,,,,,377000,,,10.89201545715332,69.43297576904297,69.30941009521484,398.5007019042969,0.26368749999999996,6.489572916666666e-05
,,,,,377032,4080.0,4066,,,,,,
,,,,,377783,850.0,3010,,,,,,
,,,,,378000,,,6.5469560623168945,72.24819946289062,72.18231964111328,314.06707763671875,0.261625,6.47915625e-05
,,,,,378670,1440.0,3562,,,,,,
,,,,,379000,,,6.879528522491455,76.18144226074219,75.81095886230469,291.71112060546875,0.25956250000000003,6.468739583333334e-05
,,,,,379158,450.0,1962,,,,,,
,,,,,379827,730.0,2690,,,,,,
862.0,101.764435,980.0,720.0,2918.0,380000,,,20.5483455657959,64.38459014892578,64.27949523925781,464.455078125,0.25750000000000006,6.458322916666667e-05
,,,,,380172,300.0,1386,,,,,,
,,,,,380830,1010.0,2642,,,,,,
,,,,,381000,,,6.5895233154296875,79.2005844116211,78.8917236328125,329.4406433105469,0.2554375,6.44790625e-05
,,,,,381491,840.0,2650,,,,,,
,,,,,382000,,,9.801024436950684,78.24202728271484,78.2282943725586,376.3539733886719,0.253375,6.437489583333334e-05
,,,,,382160,840.0,2698,,,,,,
,,,,,382712,460.0,2218,,,,,,
,,,,,383000,,,8.146102905273438,69.92681121826172,70.18657684326172,402.3846435546875,0.25131250000000005,6.427072916666668e-05
,,,,,383298,430.0,2354,,,,,,
,,,,,383926,900.0,2538,,,,,,
,,,,,384000,,,66.24190521240234,81.774169921875,82.24658203125,1009.0840454101562,0.24925000000000008,6.416656250000001e-05
,,,,,384478,720.0,2218,,,,,,
,,,,,385000,,,11.315982818603516,76.74210357666016,78.18496704101562,686.9052124023438,0.2471875,6.406239583333334e-05
,,,,,385292,1120.0,3282,,,,,,
,,,,,385804,460.0,2050,,,,,,
,,,,,386000,,,88.7571792602539,77.0622329711914,78.43537902832031,959.806640625,0.24512500000000004,6.395822916666667e-05
,,,,,386602,900.0,3202,,,,,,
,,,,,387000,,,18.4183349609375,84.03843688964844,85.01680755615234,856.8777465820312,0.24306250000000007,6.38540625e-05
,,,,,387068,500.0,1890,,,,,,
,,,,,387823,2350.0,3034,,,,,,
,,,,,388000,,,10.497870445251465,80.44003295898438,80.00198364257812,464.71905517578125,0.241,6.374989583333332e-05
,,,,,388642,1100.0,3290,,,,,,
,,,,,389000,,,6.61029052734375,74.48216247558594,74.20356750488281,296.0986022949219,0.2389374999999999,6.364572916666667e-05
,,,,,389157,470.0,2066,,,,,,
,,,,,389640,450.0,1962,,,,,,
997.0,353.6962,1300.0,480.0,2997.2,390000,,,9.566642761230469,77.08392333984375,76.73401641845703,350.9965515136719,0.23687499999999995,6.354156250000001e-05
,,,,,390546,1660.0,3642,,,,,,
,,,,,391000,,,12.40958309173584,76.6756820678711,76.69926452636719,493.3739013671875,0.23481249999999998,6.343739583333334e-05
,,,,,391253,770.0,2842,,,,,,
,,,,,392000,,,17.469715118408203,73.88531494140625,72.8768310546875,549.6107177734375,0.23275,6.333322916666667e-05
,,,,,392312,1340.0,4250,,,,,,
,,,,,392744,390.0,1730,,,,,,
,,,,,393000,,,14.704493522644043,71.80278778076172,70.95974731445312,611.9996337890625,0.23068750000000005,6.322906250000001e-05
,,,,,393285,580.0,2178,,,,,,
,,,,,393742,500.0,1826,,,,,,
,,,,,394000,,,1187.211181640625,73.228515625,81.212890625,4121.16650390625,0.22862499999999997,6.312489583333334e-05
,,,,,394391,460.0,2610,,,,,,
,,,,,395000,,,23.727964401245117,80.12835693359375,79.36621856689453,647.7890014648438,0.2265625,6.302072916666667e-05
,,,,,395077,1000.0,2746,,,,,,
,,,,,395553,410.0,1914,,,,,,
,,,,,396000,,,13.355777740478516,77.57984161376953,77.0678482055664,582.8159790039062,0.22450000000000003,6.29165625e-05
,,,,,396265,750.0,2874,,,,,,
,,,,,396811,690.0,2202,,,,,,
,,,,,397000,,,14.515458106994629,75.68594360351562,76.29881286621094,426.9374694824219,0.22243750000000007,6.281239583333334e-05
,,,,,397894,1750.0,4354,,,,,,
,,,,,398000,,,14.440949440002441,74.78741455078125,75.99861907958984,664.676513671875,0.220375,6.270822916666668e-05
,,,,,398788,1240.0,3586,,,,,,
,,,,,399000,,,7.910118103027344,71.65178680419922,72.21308135986328,382.4873962402344,0.21831250000000002,6.26040625e-05
,,,,,399436,660.0,2594,,,,,,
641.0,66.70082,770.0,560.0,1959.6,400000,,,10.799178123474121,83.9758529663086,83.90198516845703,400.027099609375,0.21625000000000005,6.249989583333334e-05
,,,,,400206,1780.0,3098,,,,,,
,,,,,400689,650.0,1938,,,,,,
,,,,,401000,,,26.282766342163086,75.43750762939453,75.26676177978516,735.8392944335938,0.2141875000000001,6.239572916666668e-05
,,,,,401766,940.0,4330,,,,,,
,,,,,402000,,,17.767040252685547,77.34732818603516,77.29615783691406,688.6807861328125,0.212125,6.22915625e-05
,,,,,402461,1310.0,2802,,,,,,
,,,,,403000,,,44.838226318359375,80.5927963256836,81.400146484375,603.1947021484375,0.21006249999999993,6.218739583333333e-05
,,,,,403291,1090.0,3346,,,,,,
,,,,,404000,,,10.192597389221191,69.94941711425781,69.32768249511719,422.2950439453125,0.20799999999999996,6.208322916666666e-05
,,,,,404190,1100.0,3610,,,,,,
,,,,,404820,710.0,2522,,,,,,
,,,,,405000,,,3.6029815673828125,83.3541259765625,82.88086700439453,282.2039489746094,0.2059375,6.19790625e-05
,,,,,405407,660.0,2378,,,,,,
,,,,,406000,,,13.543498039245605,71.17304229736328,70.82359313964844,451.3453063964844,0.20387500000000003,6.187489583333333e-05
,,,,,406398,1200.0,3970,,,,,,
,,,,,407000,,,9.956591606140137,78.03842163085938,79.07876586914062,549.4498291015625,0.20181249999999995,6.177072916666666e-05
,,,,,407021,600.0,2506,,,,,,
,,,,,407849,1030.0,3338,,,,,,
,,,,,408000,,,1148.2314453125,75.994873046875,82.95939636230469,5635.4775390625,0.19974999999999998,6.16665625e-05
,,,,,408646,1350.0,3194,,,,,,
,,,,,409000,,,16.36065673828125,83.26860809326172,83.31426239013672,460.759033203125,0.19768750000000002,6.156239583333335e-05
,,,,,409115,470.0,1882,,,,,,
,,,,,409956,1610.0,3370,,,,,,
1477.0,330.8187,1900.0,960.0,3378.8,410000,,,13.691312789916992,72.27257537841797,71.1061019897461,634.8239135742188,0.19562500000000005,6.145822916666667e-05
,,,,,410606,750.0,2618,,,,,,
,,,,,411000,,,12.380189895629883,85.34111785888672,84.15459442138672,664.1530151367188,0.19356249999999997,6.13540625e-05
,,,,,411428,1180.0,3298,,,,,,
,,,,,411885,370.0,1850,,,,,,
,,,,,412000,,,12.1948823928833,79.00344848632812,79.09772491455078,441.05767822265625,0.1915,6.124989583333333e-05
,,,,,412634,1490.0,3018,,,,,,
,,,,,413000,,,11.985346794128418,76.781005859375,75.73484802246094,550.4705810546875,0.18943750000000004,6.114572916666667e-05
,,,,,413128,440.0,1978,,,,,,
,,,,,414000,,,6.923656940460205,76.73690795898438,76.7688217163086,337.44000244140625,0.18737500000000007,6.10415625e-05
,,,,,414020,1020.0,3570,,,,,,
,,,,,414551,680.0,2146,,,,,,
,,,,,415000,,,10.782470703125,81.88301086425781,82.67001342773438,435.4686584472656,0.1853125,6.093739583333333e-05
,,,,,415436,1350.0,3546,,,,,,
,,,,,416000,,,12.103900909423828,77.34998321533203,76.12095642089844,604.5663452148438,0.18325000000000002,6.083322916666667e-05
,,,,,416125,620.0,2770,,,,,,
,,,,,416742,870.0,2482,,,,,,
,,,,,417000,,,15.340544700622559,81.8719711303711,83.46998596191406,812.05029296875,0.18118750000000006,6.07290625e-05
,,,,,417329,740.0,2362,,,,,,
,,,,,417769,420.0,1786,,,,,,
,,,,,418000,,,7.007981777191162,73.33161926269531,72.10987854003906,512.5073852539062,0.17912499999999998,6.062489583333333e-05
,,,,,418357,590.0,2354,,,,,,
,,,,,418775,370.0,1674,,,,,,
,,,,,419000,,,9.26928997039795,77.55648803710938,76.69711303710938,467.3736877441406,0.1770625,6.0520729166666666e-05
,,,,,419646,1160.0,3482,,,,,,
1290.0,611.0319,2150.0,460.0,2796.4,420000,,,9.347826957702637,86.66030883789062,86.6832504272461,346.43194580078125,0.17499999999999993,6.041656250000001e-05
,,,,,420497,790.0,3418,,,,,,
,,,,,421000,,,13.02934741973877,72.81620025634766,74.2968978881836,706.6240234375,0.17293749999999997,6.0312395833333336e-05
,,,,,421244,890.0,3010,,,,,,
,,,,,421851,740.0,2426,,,,,,
,,,,,422000,,,318.0451965332031,82.45084381103516,86.05717468261719,1542.7484130859375,0.170875,6.0208229166666665e-05
,,,,,422859,1510.0,4058,,,,,,
,,,,,423000,,,12.80080795288086,69.89360809326172,71.54705047607422,862.1636962890625,0.16881250000000003,6.01040625e-05
,,,,,423466,670.0,2442,,,,,,
,,,,,424000,,,13.482892036437988,69.48209381103516,69.70223236083984,548.813720703125,0.16674999999999995,5.999989583333334e-05
,,,,,424002,570.0,2146,,,,,,
,,,,,424754,1380.0,3010,,,,,,
,,,,,425000,,,82.4194564819336,76.28736114501953,76.38558959960938,991.7440795898438,0.1646875,5.989572916666667e-05
,,,,,425665,1360.0,3650,,,,,,
,,,,,426000,,,22.374469757080078,78.61515808105469,79.54727172851562,554.0278930664062,0.16262500000000002,5.97915625e-05
,,,,,426543,1390.0,3530,,,,,,
,,,,,427000,,,25.833118438720703,79.41419982910156,78.79788208007812,826.9091186523438,0.16056250000000005,5.9687395833333335e-05
,,,,,427403,1290.0,3442,,,,,,
,,,,,427963,640.0,2250,,,,,,
,,,,,428000,,,8.465511322021484,80.90071105957031,81.93002319335938,559.3782958984375,0.15849999999999997,5.958322916666668e-05
,,,,,428815,1590.0,3426,,,,,,
,,,,,429000,,,6.807600498199463,82.36614227294922,82.28358459472656,359.9033203125,0.1564375,5.9479062500000005e-05
,,,,,429247,400.0,1730,,,,,,
,,,,,429878,1200.0,2530,,,,,,
1123.0,224.14503,1480.0,790.0,2922.0,430000,,,18.19817543029785,75.33284759521484,73.82611846923828,740.3458251953125,0.15437500000000004,5.9374895833333334e-05
,,,,,430619,1270.0,2962,,,,,,
,,,,,430978,440.0,1450,,,,,,
,,,,,431000,,,10.207914352416992,79.41967010498047,78.73916625976562,426.27044677734375,0.15231250000000007,5.927072916666667e-05
,,,,,432000,,,32.209190368652344,76.55841064453125,78.68184661865234,801.0177001953125,0.1502500000000001,5.91665625e-05
,,,,,432254,1010.0,5114,,,,,,
,,,,,432944,980.0,2786,,,,,,
,,,,,433000,,,6.400269508361816,85.4887924194336,86.17582702636719,491.0539855957031,0.14818749999999992,5.9062395833333326e-05
,,,,,433933,1250.0,3954,,,,,,
,,,,,434000,,,10.811881065368652,74.58544921875,74.48458862304688,385.85211181640625,0.14612499999999995,5.895822916666667e-05
,,,,,434637,1440.0,2842,,,,,,
,,,,,435000,,,19.62504005432129,74.02584075927734,73.13783264160156,577.407958984375,0.14406249999999998,5.8854062500000004e-05
,,,,,435178,760.0,2186,,,,,,
,,,,,435846,700.0,2682,,,,,,
,,,,,436000,,,10.565618515014648,86.83851623535156,87.20962524414062,453.2007751464844,0.14200000000000002,5.874989583333333e-05
,,,,,436914,1110.0,4274,,,,,,
,,,,,437000,,,23.6856746673584,84.12480163574219,83.84638214111328,607.0551147460938,0.13993749999999994,5.864572916666666e-05
,,,,,437767,2040.0,3434,,,,,,
,,,,,438000,,,12.746563911437988,72.51305389404297,71.76666259765625,470.61029052734375,0.13787499999999997,5.85415625e-05
,,,,,438698,1870.0,3738,,,,,,
,,,,,439000,,,7.159008502960205,80.02188110351562,80.33252716064453,317.12786865234375,0.1358125,5.8437395833333345e-05
,,,,,439138,410.0,1762,,,,,,
1070.0,28.982754,1100.0,1010.0,2953.2,440000,,,9.712202072143555,94.10057067871094,93.68989562988281,495.2786560058594,0.13375000000000004,5.833322916666667e-05
,,,,,440150,1370.0,4074,,,,,,
,,,,,440524,460.0,1522,,,,,,
,,,,,441000,,,8.482905387878418,78.96849060058594,79.75997161865234,451.6724853515625,0.13168750000000007,5.8229062499999995e-05
,,,,,441010,490.0,1962,,,,,,
,,,,,441853,950.0,3386,,,,,,
,,,,,442000,,,22.21656608581543,79.90266418457031,77.9887924194336,1008.7227172851562,0.129625,5.812489583333334e-05
,,,,,443000,,,20.716754913330078,69.46573638916016,70.28884887695312,861.3682250976562,0.12756250000000002,5.802072916666668e-05
,,,,,443037,1350.0,4746,,,,,,
,,,,,443664,1260.0,2522,,,,,,
,,,,,444000,,,10.841080665588379,84.33504486083984,84.26438903808594,426.03118896484375,0.12550000000000006,5.79165625e-05
,,,,,444389,1050.0,2922,,,,,,
,,,,,444880,610.0,1970,,,,,,
,,,,,445000,,,11.757003784179688,74.64459228515625,74.8743896484375,384.7187194824219,0.12343750000000009,5.781239583333333e-05
,,,,,445466,920.0,2370,,,,,,
,,,,,446000,,,42.15802764892578,80.85368347167969,80.72870635986328,807.6187744140625,0.12137500000000001,5.770822916666667e-05
,,,,,446089,590.0,2514,,,,,,
,,,,,446536,450.0,1810,,,,,,
,,,,,447000,,,12.512554168701172,77.29592895507812,76.59168243408203,449.5549621582031,0.11931250000000004,5.76040625e-05
,,,,,447154,720.0,2490,,,,,,
,,,,,448000,,,14.179291725158691,82.74058532714844,82.82301330566406,501.7834167480469,0.11724999999999997,5.749989583333333e-05
,,,,,448028,910.0,3514,,,,,,
,,,,,448684,690.0,2626,,,,,,
,,,,,449000,,,13.13489055633545,86.01754760742188,86.14253234863281,441.334228515625,0.1151875,5.7395729166666664e-05
,,,,,449459,1100.0,3106,,,,,,
,,,,,449937,620.0,1938,,,,,,
1403.0,467.44092,1850.0,820.0,4004.4,450000,,,15.029871940612793,77.6682357788086,76.28965759277344,758.5584716796875,0.11312499999999992,5.7291562500000006e-05
,,,,,450584,1460.0,2602,,,,,,
,,,,,451000,,,5.36182975769043,80.17704010009766,80.07644653320312,235.312255859375,0.11106249999999995,5.7187395833333335e-05
,,,,,451221,740.0,2554,,,,,,
,,,,,451830,720.0,2458,,,,,,
,,,,,452000,,,8.27087116241455,84.9669189453125,83.94551849365234,534.9771728515625,0.10899999999999999,5.7083229166666663e-05
,,,,,452378,700.0,2202,,,,,,
,,,,,453000,,,11.043947219848633,85.6364517211914,85.84406280517578,355.1630859375,0.10693750000000002,5.6979062500000006e-05
,,,,,453347,1560.0,3882,,,,,,
,,,,,453896,480.0,2210,,,,,,
,,,,,454000,,,14.240925788879395,89.95726776123047,89.01892852783203,637.443603515625,0.10487500000000005,5.687489583333334e-05
,,,,,454499,560.0,2418,,,,,,
,,,,,455000,,,14.347198486328125,76.23043823242188,74.84498596191406,764.9482421875,0.10281249999999997,5.677072916666667e-05
,,,,,455571,1830.0,4290,,,,,,
,,,,,456000,,,15.95140552520752,86.69528198242188,86.74886322021484,489.4676208496094,0.10075,5.66665625e-05
,,,,,456473,1090.0,3618,,,,,,
,,,,,457000,,,27.265682220458984,94.42133331298828,94.35681915283203,1099.8997802734375,0.09868750000000004,5.656239583333334e-05
,,,,,457226,880.0,3026,,,,,,
,,,,,457648,490.0,1698,,,,,,
,,,,,458000,,,370.0084533691406,74.53883361816406,77.18909454345703,1596.4302978515625,0.09662500000000007,5.6458229166666675e-05
,,,,,458573,1560.0,3706,,,,,,
,,,,,459000,,,18.322019577026367,82.96511840820312,83.45646667480469,408.120361328125,0.0945625,5.6354062500000004e-05
,,,,,459418,1470.0,3402,,,,,,
,,,,,459997,860.0,2322,,,,,,
1038.0,323.753,1430.0,690.0,3165.2,460000,,,5.8969573974609375,76.06989288330078,76.89685821533203,393.5125427246094,0.09250000000000003,5.624989583333333e-05
,,,,,460435,430.0,1754,,,,,,
,,,,,461000,,,20.34908676147461,82.8193130493164,84.98181915283203,940.07958984375,0.09043750000000006,5.6145729166666675e-05
,,,,,461320,1350.0,3546,,,,,,
,,,,,461996,1230.0,2722,,,,,,
,,,,,462000,,,4638.43212890625,87.70885467529297,101.39674377441406,8086.845703125,0.08837500000000009,5.60415625e-05
,,,,,462746,2230.0,3018,,,,,,
,,,,,463000,,,10.029773712158203,87.39385223388672,87.47299194335938,436.9844970703125,0.0863124999999999,5.5937395833333325e-05
,,,,,463429,990.0,2738,,,,,,
,,,,,463913,430.0,1946,,,,,,
,,,,,464000,,,15.242652893066406,86.00184631347656,85.58602905273438,438.2076721191406,0.08424999999999994,5.583322916666667e-05
,,,,,464387,420.0,1914,,,,,,
,,,,,465000,,,11.908798217773438,92.776611328125,91.47687530517578,531.2284545898438,0.08218749999999997,5.572906250000001e-05
,,,,,465437,1980.0,4226,,,,,,
,,,,,466000,,,13.146279335021973,88.74300384521484,87.88273620605469,567.6829833984375,0.080125,5.562489583333334e-05
,,,,,466268,1370.0,3346,,,,,,
,,,,,467000,,,8.982748031616211,75.93362426757812,76.21620178222656,436.12127685546875,0.07806250000000003,5.5520729166666666e-05
,,,,,467065,990.0,3186,,,,,,
,,,,,467739,980.0,2698,,,,,,
,,,,,468000,,,9.2631254196167,83.29053497314453,82.70219421386719,486.18603515625,0.07599999999999996,5.54165625e-05
,,,,,468765,1320.0,4114,,,,,,
,,,,,469000,,,9.571847915649414,89.48795318603516,88.68130493164062,810.2135620117188,0.07393749999999999,5.5312395833333344e-05
,,,,,469655,1440.0,3562,,,,,,
1025.0,174.02586,1190.0,560.0,3034.0,470000,,,11.176474571228027,81.45841217041016,81.09054565429688,382.7881774902344,0.07187500000000002,5.520822916666667e-05
,,,,,470257,590.0,2434,,,,,,
,,,,,470830,610.0,2314,,,,,,
,,,,,471000,,,22.12417221069336,89.77265167236328,91.39183807373047,1084.10595703125,0.06981250000000006,5.51040625e-05
,,,,,471728,1170.0,3610,,,,,,
,,,,,472000,,,17.637775421142578,92.24885559082031,94.75003051757812,1126.686279296875,0.06774999999999998,5.4999895833333336e-05
,,,,,472522,2200.0,3194,,,,,,
,,,,,473000,,,7.576751708984375,88.37339782714844,87.9747314453125,401.1654357910156,0.06568750000000001,5.489572916666668e-05
,,,,,473170,940.0,2618,,,,,,
,,,,,474000,,,8.602656364440918,79.62150573730469,78.9658203125,388.4029541015625,0.06362500000000004,5.4791562500000007e-05
,,,,,474149,1400.0,3946,,,,,,
,,,,,474964,1460.0,3282,,,,,,
,,,,,475000,,,7.944765090942383,93.76786041259766,94.22618865966797,419.2699890136719,0.061562500000000075,5.4687395833333335e-05
,,,,,475945,1250.0,3930,,,,,,
,,,,,476000,,,17.484962463378906,103.79479217529297,104.360107421875,593.8734741210938,0.0595,5.458322916666667e-05
,,,,,476416,540.0,1906,,,,,,
,,,,,476873,440.0,1834,,,,,,
,,,,,477000,,,7.774216175079346,88.13570404052734,86.95665740966797,638.3267211914062,0.05743750000000003,5.44790625e-05
,,,,,477871,2080.0,4010,,,,,,
,,,,,478000,,,15.976520538330078,80.65186309814453,81.19882202148438,764.5093383789062,0.05537499999999995,5.437489583333333e-05
,,,,,478500,880.0,2530,,,,,,
,,,,,479000,,,14.409040451049805,77.3978500366211,77.09149169921875,501.7394714355469,0.053312499999999985,5.427072916666667e-05
,,,,,479413,1080.0,3682,,,,,,
1034.0,270.15552,1290.0,630.0,2470.8,480000,,,84.955078125,87.20341491699219,84.0147705078125,2560.13525390625,0.05125000000000002,5.4166562500000005e-05
,,,,,480455,1960.0,4178,,,,,,
,,,,,481000,,,13.833837509155273,86.86292266845703,85.96821594238281,488.9028625488281,0.04918749999999994,5.4062395833333333e-05
,,,,,481478,1710.0,4098,,,,,,
,,,,,482000,,,18.57184600830078,84.14318084716797,83.41743469238281,617.9014282226562,0.04712499999999997,5.395822916666666e-05
,,,,,482337,1240.0,3466,,,,,,
,,,,,483000,,,10.294149398803711,87.24079895019531,86.47962951660156,461.5391845703125,0.045062500000000005,5.3854062500000004e-05
,,,,,483368,2530.0,4138,,,,,,
,,,,,484000,,,8.138893127441406,80.36763000488281,79.70970916748047,382.3552551269531,0.04300000000000004,5.374989583333334e-05
,,,,,484065,980.0,2810,,,,,,
,,,,,484735,980.0,2706,,,,,,
,,,,,485000,,,19.557830810546875,77.4483642578125,79.33187866210938,1115.3392333984375,0.04093749999999996,5.364572916666667e-05
,,,,,485212,580.0,1922,,,,,,
,,,,,485841,1040.0,2538,,,,,,
,,,,,486000,,,10.247939109802246,92.30458068847656,92.8064956665039,436.329833984375,0.03887499999999999,5.3541562499999996e-05
,,,,,486477,2180.0,2546,,,,,,
,,,,,487000,,,20.949657440185547,90.9283447265625,92.68460083007812,1254.664794921875,0.036812500000000026,5.343739583333334e-05
,,,,,487300,1280.0,3298,,,,,,
,,,,,488000,,,29.378149032592773,82.70178985595703,81.6656723022461,1152.02734375,0.03475000000000006,5.3333229166666674e-05
,,,,,488225,1540.0,3706,,,,,,
,,,,,489000,,,10.236303329467773,81.19843292236328,81.58442687988281,333.92236328125,0.03268750000000009,5.32290625e-05
,,,,,489042,1000.0,3282,,,,,,
,,,,,489660,670.0,2474,,,,,,
1309.0,277.75708,1700.0,1020.0,3066.0,490000,,,27.26278305053711,90.06182861328125,91.99356079101562,1066.035400390625,0.030625000000000013,5.312489583333333e-05
,,,,,490262,1200.0,2418,,,,,,
,,,,,491000,,,8.363716125488281,92.8747329711914,91.76090240478516,544.2311401367188,0.028562500000000046,5.302072916666667e-05
,,,,,491322,2070.0,4266,,,,,,
,,,,,491762,540.0,1770,,,,,,
,,,,,492000,,,9.297026634216309,91.37596893310547,89.9403076171875,652.8687133789062,0.02650000000000008,5.29165625e-05
,,,,,492520,1150.0,3042,,,,,,
,,,,,493000,,,13.492568016052246,92.8829574584961,91.87816619873047,615.0098876953125,0.0244375,5.281239583333333e-05
,,,,,493374,1040.0,3442,,,,,,
,,,,,493926,620.0,2218,,,,,,
,,,,,494000,,,8.147566795349121,80.4793930053711,78.98407745361328,869.9642944335938,0.022374999999999923,5.2708229166666665e-05
,,,,,494901,1750.0,3922,,,,,,
,,,,,495000,,,14.994940757751465,89.1880874633789,90.52488708496094,887.5198974609375,0.020312499999999956,5.260406250000001e-05
,,,,,495748,1250.0,3394,,,,,,
,,,,,496000,,,16.902263641357422,83.45929718017578,84.76919555664062,881.360107421875,0.01824999999999999,5.2499895833333336e-05
,,,,,496363,1050.0,2490,,,,,,
,,,,,497000,,,13.21381664276123,93.09986877441406,91.60165405273438,760.6116333007812,0.01618750000000002,5.2395729166666665e-05
,,,,,497043,890.0,2730,,,,,,
,,,,,497639,580.0,2410,,,,,,
,,,,,498000,,,19.309165954589844,86.22666931152344,84.6156997680664,1222.4132080078125,0.014124999999999943,5.22915625e-05
,,,,,498406,940.0,3082,,,,,,
,,,,,499000,,,11.18437671661377,87.15640258789062,85.16508483886719,813.2628173828125,0.012062499999999976,5.218739583333334e-05
,,,,,499265,1730.0,3458,,,,,,
,,,,,499888,870.0,2490,,,,,,
835.0,196.22691,1050.0,640.0,2914.8,500000,,,10.988300323486328,84.64358520507812,85.59014129638672,468.24627685546875,0.01,5.208322916666667e-05
,,,,,500559,1360.0,2714,,,,,,
,,,,,501000,,,10.453937530517578,90.52848815917969,90.07935333251953,447.39385986328125,0.01,5.19790625e-05
,,,,,501393,1160.0,3346,,,,,,
,,,,,501861,580.0,1882,,,,,,
,,,,,502000,,,9.116740226745605,91.3093490600586,89.94091796875,781.8779296875,0.01,5.1874895833333334e-05
,,,,,502395,750.0,2162,,,,,,
,,,,,503000,,,8.272518157958984,87.933349609375,88.77033996582031,642.9375,0.01,5.1770729166666677e-05
,,,,,503431,1330.0,4154,,,,,,
,,,,,504000,,,11.830163955688477,86.94171142578125,87.30645751953125,416.0694274902344,0.01,5.1666562500000005e-05
,,,,,504009,670.0,2338,,,,,,
,,,,,504972,1260.0,3874,,,,,,
,,,,,505000,,,11.591434478759766,85.78540802001953,86.03927612304688,486.4491882324219,0.01,5.1562395833333334e-05
,,,,,505706,980.0,2938,,,,,,
,,,,,506000,,,7.4296417236328125,100.15328979492188,98.94441986083984,924.6709594726562,0.01,5.145822916666667e-05
,,,,,506381,620.0,2706,,,,,,
,,,,,506952,920.0,2290,,,,,,
,,,,,507000,,,15.288389205932617,98.48999786376953,97.76799011230469,578.02099609375,0.01,5.13540625e-05
,,,,,507639,1070.0,2762,,,,,,
,,,,,508000,,,10.977385520935059,105.6682357788086,104.94324493408203,506.1414794921875,0.01,5.1249895833333326e-05
,,,,,508449,1250.0,3250,,,,,,
,,,,,509000,,,6.7005295753479,93.72711181640625,93.84475708007812,381.88128662109375,0.01,5.114572916666667e-05
,,,,,509077,970.0,2514,,,,,,
1284.0,91.45491,1320.0,1010.0,2698.8,510000,,,28.44818687438965,89.19168853759766,90.34071350097656,660.8973388671875,0.01,5.1041562500000003e-05
,,,,,510029,1020.0,3834,,,,,,
,,,,,511000,,,13.583175659179688,84.19046020507812,84.84121704101562,715.2293701171875,0.01,5.093739583333333e-05
,,,,,511238,1950.0,4858,,,,,,
,,,,,511819,1390.0,2338,,,,,,
,,,,,512000,,,1580.90625,86.70433807373047,94.635498046875,4667.57958984375,0.01,5.083322916666666e-05
,,,,,512225,570.0,1642,,,,,,
,,,,,512917,1180.0,2786,,,,,,
,,,,,513000,,,14.138137817382812,90.8000259399414,89.84320068359375,731.293701171875,0.01,5.07290625e-05
,,,,,513790,3310.0,3498,,,,,,
,,,,,514000,,,1200.4615478515625,88.53131866455078,94.53709411621094,5400.15380859375,0.01,5.062489583333334e-05
,,,,,514706,1340.0,3690,,,,,,
,,,,,515000,,,15.861852645874023,90.35932922363281,88.28910064697266,1152.331787109375,0.01,5.0520729166666667e-05
,,,,,515361,800.0,2618,,,,,,
,,,,,515969,720.0,2434,,,,,,
,,,,,516000,,,453.921875,92.65164184570312,96.89080047607422,1808.2861328125,0.01,5.0416562499999995e-05
,,,,,516834,1180.0,3458,,,,,,
,,,,,517000,,,82.18049621582031,82.91736602783203,83.88639831542969,938.3728637695312,0.01,5.031239583333334e-05
,,,,,517376,560.0,2170,,,,,,
,,,,,518000,,,248.65298461914062,99.6335678100586,100.2613754272461,1496.289794921875,0.01,5.020822916666668e-05
,,,,,518100,1310.0,2906,,,,,,
,,,,,518802,980.0,2810,,,,,,
,,,,,519000,,,24.983802795410156,100.04946899414062,98.56339263916016,1269.1539306640625,0.01,5.01040625e-05
,,,,,519413,770.0,2458,,,,,,
,,,,,519966,720.0,2234,,,,,,
1432.0,833.50824,2450.0,640.0,3054.8,520000,,,23.182254791259766,85.25794982910156,83.96395874023438,1166.6995849609375,0.01,5e-05
,,,,,520545,740.0,2338,,,,,,
,,,,,521000,,,12.270150184631348,97.62186431884766,96.79586791992188,515.3031616210938,0.01,5e-05
,,,,,521173,860.0,2530,,,,,,
,,,,,522000,,,18.488908767700195,103.32966613769531,103.16064453125,599.4120483398438,0.01,5e-05
,,,,,522100,1550.0,3730,,,,,,
,,,,,522699,620.0,2418,,,,,,
,,,,,523000,,,12.517544746398926,98.45101928710938,97.70680236816406,506.88153076171875,0.01,5e-05
,,,,,523798,2640.0,4410,,,,,,
,,,,,524000,,,12.748204231262207,87.11137390136719,86.28052520751953,687.2952270507812,0.01,5e-05
,,,,,524730,1620.0,3738,,,,,,
,,,,,525000,,,19.65858268737793,91.91116333007812,90.73835754394531,1275.1634521484375,0.01,5e-05
,,,,,525492,1530.0,3058,,,,,,
,,,,,526000,,,15.813697814941406,92.61166381835938,92.5478286743164,494.3586120605469,0.01,5e-05
,,,,,526353,1500.0,3458,,,,,,
,,,,,527000,,,8.616397857666016,96.69171142578125,95.71977233886719,591.4718627929688,0.01,5e-05
,,,,,527132,1020.0,3130,,,,,,
,,,,,527631,570.0,2018,,,,,,
,,,,,528000,,,11.1173677444458,96.55555725097656,96.54086303710938,506.7151794433594,0.01,5e-05
,,,,,528619,1460.0,3954,,,,,,
,,,,,529000,,,16.673505783081055,96.72727966308594,94.85897064208984,1112.024658203125,0.01,5e-05
,,,,,529255,610.0,2554,,,,,,
818.0,294.0,1430.0,450.0,2637.2,530000,,,8.816181182861328,104.97708892822266,104.56147766113281,407.8504333496094,0.01,5e-05
,,,,,530159,1620.0,3642,,,,,,
,,,,,531000,,,16.019527435302734,105.01325988769531,103.91063690185547,647.4678344726562,0.01,5e-05
,,,,,531081,2690.0,3714,,,,,,
,,,,,531994,1650.0,3666,,,,,,
,,,,,532000,,,16.245681762695312,92.18739318847656,92.3385009765625,674.2750854492188,0.01,5e-05
,,,,,532687,730.0,2794,,,,,,
,,,,,533000,,,22.944015502929688,106.57974243164062,107.2071533203125,877.9615478515625,0.01,5e-05
,,,,,533619,1190.0,3754,,,,,,
,,,,,534000,,,7.96327543258667,100.10169982910156,100.66078186035156,601.1192016601562,0.01,5e-05
,,,,,534184,490.0,2282,,,,,,
,,,,,535000,,,12.253966331481934,96.62236022949219,96.16155242919922,496.4856262207031,0.01,5e-05
,,,,,535156,2290.0,3890,,,,,,
,,,,,535653,620.0,2010,,,,,,
,,,,,536000,,,20.185091018676758,95.81400299072266,93.978759765625,973.23388671875,0.01,5e-05
,,,,,536269,710.0,2474,,,,,,
,,,,,536894,710.0,2506,,,,,,
,,,,,537000,,,77.16697692871094,99.50657653808594,98.15278625488281,1109.49462890625,0.01,5e-05
,,,,,537664,890.0,3090,,,,,,
,,,,,538000,,,11.078794479370117,96.38755798339844,97.89747619628906,815.1236572265625,0.01,5e-05
,,,,,538413,1560.0,3002,,,,,,
,,,,,538931,660.0,2082,,,,,,
,,,,,539000,,,83.39940643310547,99.41373443603516,101.5986328125,1431.7415771484375,0.01,5e-05
,,,,,539587,1080.0,2650,,,,,,
730.0,310.99838,1590.0,550.0,2464.4,540000,,,23.07278823852539,94.58340454101562,93.8042984008789,946.6685180664062,0.01,5e-05
,,,,,540432,1280.0,3386,,,,,,
,,,,,541000,,,9.061870574951172,93.27433776855469,92.85678100585938,436.8130798339844,0.01,5e-05
,,,,,541194,940.0,3058,,,,,,
,,,,,542000,,,30.664291381835938,105.6279067993164,104.45564270019531,786.17041015625,0.01,5e-05
,,,,,542221,1670.0,4122,,,,,,
,,,,,542924,750.0,2818,,,,,,
,,,,,543000,,,13.397212982177734,105.8171157836914,106.3558349609375,516.9480590820312,0.01,5e-05
,,,,,543662,940.0,2970,,,,,,
,,,,,544000,,,10.906081199645996,100.76265716552734,100.13581848144531,480.7904357910156,0.01,5e-05
,,,,,544517,1110.0,3442,,,,,,
,,,,,545000,,,10.82995891571045,106.40861511230469,107.3596420288086,612.7205200195312,0.01,5e-05
,,,,,545223,690.0,2826,,,,,,
,,,,,545884,1460.0,2666,,,,,,
,,,,,546000,,,12.61247730255127,102.58489227294922,102.33845520019531,601.8413696289062,0.01,5e-05
,,,,,546756,1250.0,3514,,,,,,
,,,,,547000,,,10.863049507141113,103.65352630615234,103.06898498535156,567.0270385742188,0.01,5e-05
,,,,,547587,1440.0,3330,,,,,,
,,,,,548000,,,13.138298988342285,99.26396179199219,98.5115966796875,663.5629272460938,0.01,5e-05
,,,,,548075,510.0,1962,,,,,,
,,,,,548759,970.0,2762,,,,,,
,,,,,549000,,,12.31041145324707,106.49998474121094,106.04830932617188,516.5317993164062,0.01,5e-05
,,,,,549465,1200.0,2842,,,,,,
1037.0,346.2961,1440.0,670.0,2740.4,550000,,,23.128509521484375,98.1548843383789,97.57365417480469,798.8912963867188,0.01,5e-05
,,,,,550052,550.0,2362,,,,,,
,,,,,550880,1250.0,3322,,,,,,
,,,,,551000,,,154.59698486328125,100.4726791381836,102.00847625732422,1599.3880615234375,0.01,5e-05
,,,,,551945,1690.0,4266,,,,,,
,,,,,552000,,,10.665753364562988,97.71145629882812,96.3915023803711,575.2798461914062,0.01,5e-05
,,,,,552774,1180.0,3330,,,,,,
,,,,,553000,,,16.8818416595459,100.55900573730469,99.95018768310547,536.3782958984375,0.01,5e-05
,,,,,553523,1460.0,3002,,,,,,
,,,,,554000,,,13.18383502960205,101.6524429321289,100.74553680419922,632.6019897460938,0.01,5e-05
,,,,,554392,2750.0,3474,,,,,,
,,,,,555000,,,19.169551849365234,97.8559799194336,98.02079010009766,700.0091552734375,0.01,5e-05
,,,,,555006,910.0,2466,,,,,,
,,,,,555724,1170.0,2898,,,,,,
,,,,,556000,,,10.01094913482666,108.40703582763672,108.42552185058594,534.5809936523438,0.01,5e-05
,,,,,556256,600.0,2130,,,,,,
,,,,,556957,730.0,2818,,,,,,
,,,,,557000,,,551.2258911132812,93.9430160522461,98.3304672241211,2189.873779296875,0.01,5e-05
,,,,,557644,1460.0,2746,,,,,,
,,,,,558000,,,16.44114112854004,108.71556854248047,107.32096099853516,1050.7188720703125,0.01,5e-05
,,,,,558469,1590.0,3314,,,,,,
,,,,,559000,,,15.631302833557129,107.19816589355469,107.80435180664062,825.084228515625,0.01,5e-05
,,,,,559162,760.0,2786,,,,,,
,,,,,559972,1310.0,3242,,,,,,
922.0,190.62004,1190.0,660.0,3035.6,560000,,,569.8521118164062,87.16738891601562,91.8919448852539,2891.5029296875,0.01,5e-05
,,,,,560441,620.0,1898,,,,,,
,,,,,561000,,,22.200071334838867,109.41031646728516,107.66703033447266,1041.7967529296875,0.01,5e-05
,,,,,561024,1410.0,2346,,,,,,
,,,,,562000,,,28.55962371826172,98.62982940673828,97.46168518066406,1023.7264404296875,0.01,5e-05
,,,,,562105,1620.0,4346,,,,,,
,,,,,562908,1350.0,3218,,,,,,
,,,,,563000,,,11.198904991149902,108.9430923461914,109.3680419921875,595.064208984375,0.01,5e-05
,,,,,563823,1120.0,3690,,,,,,
,,,,,564000,,,45.980010986328125,101.8023681640625,101.0835189819336,1919.80126953125,0.01,5e-05
,,,,,564395,780.0,2298,,,,,,
,,,,,565000,,,8.004105567932129,111.11268615722656,110.13230895996094,752.0944213867188,0.01,5e-05
,,,,,565172,2290.0,3122,,,,,,
,,,,,565760,1510.0,2354,,,,,,
,,,,,566000,,,18.263294219970703,96.62483978271484,96.79241943359375,758.5018920898438,0.01,5e-05
,,,,,566558,1080.0,3194,,,,,,
,,,,,567000,,,21.18830108642578,106.09541320800781,106.44364929199219,843.5651245117188,0.01,5e-05
,,,,,567101,720.0,2178,,,,,,
,,,,,567969,1740.0,3474,,,,,,
,,,,,568000,,,12.868277549743652,104.93577575683594,103.14997100830078,855.6494140625,0.01,5e-05
,,,,,568852,1480.0,3538,,,,,,
,,,,,569000,,,1065.307373046875,108.15596008300781,114.4223861694336,5724.52392578125,0.01,5e-05
,,,,,569339,790.0,1962,,,,,,
,,,,,569957,1070.0,2490,,,,,,
1280.0,160.87262,1420.0,990.0,3123.6,570000,,,15.314613342285156,92.89900970458984,92.04983520507812,700.40283203125,0.01,5e-05
,,,,,570773,1570.0,3266,,,,,,
,,,,,571000,,,39.435306549072266,104.21847534179688,106.45303344726562,1562.630615234375,0.01,5e-05
,,,,,571578,1090.0,3242,,,,,,
,,,,,572000,,,13.939629554748535,106.1224136352539,105.11296081542969,628.0785522460938,0.01,5e-05
,,,,,572407,1410.0,3322,,,,,,
,,,,,573000,,,9.47052001953125,103.73007202148438,104.90887451171875,655.8473510742188,0.01,5e-05
,,,,,573102,1520.0,2802,,,,,,
,,,,,573875,870.0,3122,,,,,,
,,,,,574000,,,9.269678115844727,93.61941528320312,92.54375457763672,549.4321899414062,0.01,5e-05
,,,,,574450,660.0,2298,,,,,,
,,,,,575000,,,16.605567932128906,114.8675308227539,113.87152099609375,741.3219604492188,0.01,5e-05
,,,,,575252,1120.0,3234,,,,,,
,,,,,576000,,,15.449411392211914,100.46988677978516,100.77949523925781,523.0802612304688,0.01,5e-05
,,,,,576111,1130.0,3450,,,,,,
,,,,,576918,1870.0,3242,,,,,,
,,,,,577000,,,9.772313117980957,113.63301086425781,114.03215026855469,408.38372802734375,0.01,5e-05
,,,,,577884,1200.0,3890,,,,,,
,,,,,578000,,,16.86556625366211,114.04489135742188,114.44403076171875,507.6159362792969,0.01,5e-05
,,,,,578728,930.0,3394,,,,,,
,,,,,579000,,,12.185096740722656,112.25788879394531,112.99799346923828,925.8968505859375,0.01,5e-05
,,,,,579756,2690.0,4114,,,,,,
1380.0,385.2791,2280.0,920.0,3522.8,580000,,,17.662630081176758,112.4911880493164,113.30670166015625,648.8672485351562,0.01,5e-05
,,,,,580808,1760.0,4226,,,,,,
,,,,,581000,,,11.124279022216797,97.6737289428711,98.04621124267578,513.8139038085938,0.01,5e-05
,,,,,581546,1330.0,2970,,,,,,
,,,,,582000,,,14.475120544433594,110.51028442382812,108.90576171875,1102.0595703125,0.01,5e-05
,,,,,582216,1120.0,2682,,,,,,
,,,,,582894,1190.0,2738,,,,,,
,,,,,583000,,,5.794591903686523,103.51069641113281,103.12639617919922,470.4701843261719,0.01,5e-05
,,,,,583623,970.0,2946,,,,,,
,,,,,584000,,,524.388916015625,108.54620361328125,111.81132507324219,2032.0540771484375,0.01,5e-05
,,,,,584302,940.0,2738,,,,,,
,,,,,585000,,,14.091765403747559,125.86068725585938,125.47528839111328,544.3878173828125,0.01,5e-05
,,,,,585043,1240.0,2978,,,,,,
,,,,,585667,950.0,2522,,,,,,
,,,,,586000,,,15.548707962036133,120.44921875,121.61669921875,763.5196533203125,0.01,5e-05
,,,,,586455,1290.0,3170,,,,,,
,,,,,587000,,,10.801258087158203,110.78862762451172,112.21475982666016,660.1818237304688,0.01,5e-05
,,,,,587284,1050.0,3346,,,,,,
,,,,,588000,,,10.459769248962402,106.21882629394531,105.50712585449219,619.966796875,0.01,5e-05
,,,,,588370,2290.0,4354,,,,,,
,,,,,589000,,,12.3562650680542,101.89000701904297,102.09354400634766,710.7183227539062,0.01,5e-05
,,,,,589630,1790.0,5058,,,,,,
1840.0,483.92148,2140.0,820.0,3398.0,590000,,,30.246089935302734,122.44463348388672,122.09122467041016,902.1848754882812,0.01,5e-05
,,,,,590354,1150.0,2906,,,,,,
,,,,,591000,,,13.344321250915527,106.62939453125,107.22028350830078,626.6742553710938,0.01,5e-05
,,,,,591309,1770.0,3818,,,,,,
,,,,,591885,550.0,2306,,,,,,
,,,,,592000,,,14.622442245483398,103.72067260742188,103.83430480957031,936.9750366210938,0.01,5e-05
,,,,,592439,870.0,2234,,,,,,
,,,,,593000,,,639.01318359375,112.57463073730469,118.72267150878906,3328.07373046875,0.01,5e-05
,,,,,593209,1330.0,3082,,,,,,
,,,,,594000,,,17.146215438842773,105.87103271484375,105.34791564941406,642.4149780273438,0.01,5e-05
,,,,,594050,1140.0,3378,,,,,,
,,,,,594964,1050.0,3666,,,,,,
,,,,,595000,,,18.26301383972168,114.66289520263672,114.62146759033203,660.5289916992188,0.01,5e-05
,,,,,595609,1110.0,2586,,,,,,
,,,,,596000,,,23.25082015991211,108.71346282958984,110.14000701904297,1193.8897705078125,0.01,5e-05
,,,,,596192,830.0,2346,,,,,,
,,,,,596917,830.0,2922,,,,,,
,,,,,597000,,,27.253612518310547,101.37947082519531,98.7398910522461,1728.5267333984375,0.01,5e-05
,,,,,597661,1110.0,2986,,,,,,
,,,,,598000,,,8.55576229095459,105.78460693359375,105.22479248046875,558.6337280273438,0.01,5e-05
,,,,,598297,970.0,2570,,,,,,
,,,,,598970,900.0,2714,,,,,,
,,,,,599000,,,37.79022216796875,104.30148315429688,108.03303527832031,2136.243896484375,0.01,5e-05
,,,,,599524,1390.0,2218,,,,,,
1451.0,136.04779,1630.0,1190.0,3458.0,600000,,,15.354813575744629,108.01594543457031,107.18277740478516,672.479248046875,0.01,5e-05
,,,,,600116,830.0,2378,,,,,,
,,,,,600940,1280.0,3322,,,,,,
,,,,,601000,,,27.8021240234375,118.9525146484375,119.35531616210938,1319.4654541015625,0.01,5e-05
,,,,,601772,920.0,3354,,,,,,
,,,,,602000,,,22.238563537597656,121.72859191894531,122.00288391113281,668.691162109375,0.01,5e-05
,,,,,602604,1460.0,3330,,,,,,
,,,,,603000,,,17.246131896972656,107.69523620605469,107.45858001708984,644.3938598632812,0.01,5e-05
,,,,,603180,630.0,2330,,,,,,
,,,,,603746,800.0,2290,,,,,,
,,,,,604000,,,74.16804504394531,114.60874938964844,115.15349578857422,1021.9020385742188,0.01,5e-05
,,,,,604364,850.0,2498,,,,,,
,,,,,605000,,,13.478784561157227,112.04763793945312,111.4179458618164,533.7676391601562,0.01,5e-05
,,,,,605012,970.0,2618,,,,,,
,,,,,605821,1170.0,3242,,,,,,
,,,,,606000,,,14.691035270690918,119.37162780761719,119.30203247070312,702.9030151367188,0.01,5e-05
,,,,,606578,1430.0,3058,,,,,,
,,,,,607000,,,23.833553314208984,111.5126953125,109.61175537109375,1090.180419921875,0.01,5e-05
,,,,,607287,910.0,2858,,,,,,
,,,,,607853,730.0,2290,,,,,,
,,,,,608000,,,112.67550659179688,117.63681030273438,118.3452377319336,1519.939697265625,0.01,5e-05
,,,,,608901,890.0,4202,,,,,,
,,,,,609000,,,34.96178436279297,101.80709838867188,99.96172332763672,1278.8758544921875,0.01,5e-05
,,,,,609507,1010.0,2442,,,,,,
1286.0,329.4905,1660.0,890.0,2766.0,610000,,,15.115285873413086,110.2054443359375,110.79802703857422,625.2792358398438,0.01,5e-05
,,,,,610187,1210.0,2738,,,,,,
,,,,,610809,1190.0,2490,,,,,,
,,,,,611000,,,14.455406188964844,111.96297454833984,110.8232650756836,673.0890502929688,0.01,5e-05
,,,,,611438,970.0,2530,,,,,,
,,,,,611957,540.0,2082,,,,,,
,,,,,612000,,,18.93496322631836,115.4822769165039,117.23351287841797,942.2987670898438,0.01,5e-05
,,,,,612708,1220.0,3026,,,,,,
,,,,,613000,,,271.59686279296875,101.4665298461914,106.61224365234375,2459.2900390625,0.01,5e-05
,,,,,613514,1190.0,3250,,,,,,
,,,,,614000,,,684.7483520507812,101.48173522949219,107.39409637451172,3185.787109375,0.01,5e-05
,,,,,614196,1380.0,2746,,,,,,
,,,,,614956,1240.0,3042,,,,,,
,,,,,615000,,,21.664318084716797,113.14405822753906,112.50505828857422,1545.3660888671875,0.01,5e-05
,,,,,615969,2560.0,4074,,,,,,
,,,,,616000,,,587.4411010742188,112.86045837402344,117.5302734375,2432.68017578125,0.01,5e-05
,,,,,616564,620.0,2410,,,,,,
,,,,,617000,,,45.66672134399414,113.24996185302734,115.59547424316406,1597.3372802734375,0.01,5e-05
,,,,,617319,970.0,3018,,,,,,
,,,,,617977,850.0,2650,,,,,,
,,,,,618000,,,26.926944732666016,118.48734283447266,119.84291076660156,1329.114990234375,0.01,5e-05
,,,,,619000,,,69.26614379882812,107.10028076171875,105.212890625,2362.745361328125,0.01,5e-05
,,,,,619129,2010.0,4634,,,,,,
,,,,,619756,1010.0,2522,,,,,,
797.0,165.83426,1220.0,620.0,2939.6,620000,,,15.0091552734375,124.01455688476562,122.68858337402344,1025.638427734375,0.01,5e-05
,,,,,620397,1430.0,2562,,,,,,
,,,,,621000,,,16.15912628173828,108.50730895996094,110.36410522460938,1262.38623046875,0.01,5e-05
,,,,,621023,690.0,2514,,,,,,
,,,,,621809,940.0,3170,,,,,,
,,,,,622000,,,15.311241149902344,103.48514556884766,102.44230651855469,658.7791137695312,0.01,5e-05
,,,,,622963,2600.0,4642,,,,,,
,,,,,623000,,,11.624526023864746,105.98347473144531,104.2284164428711,929.5806274414062,0.01,5e-05
,,,,,624000,,,22.630544662475586,116.79722595214844,118.2667236328125,1321.630859375,0.01,5e-05
,,,,,624290,1240.0,5330,,,,,,
,,,,,624916,1070.0,2506,,,,,,
,,,,,625000,,,13.219688415527344,103.65980529785156,103.99568176269531,622.5691528320312,0.01,5e-05
,,,,,625786,1830.0,3482,,,,,,
,,,,,626000,,,17.043397903442383,110.51400756835938,108.93474578857422,1128.0606689453125,0.01,5e-05
,,,,,626577,1250.0,3186,,,,,,
,,,,,627000,,,20.549463272094727,113.02584075927734,112.34223937988281,679.7327880859375,0.01,5e-05
,,,,,627314,1510.0,2962,,,,,,
,,,,,628000,,,10.457784652709961,106.5717544555664,106.57685089111328,489.65240478515625,0.01,5e-05
,,,,,628138,2550.0,3314,,,,,,
,,,,,628789,800.0,2618,,,,,,
,,,,,629000,,,87.65067291259766,118.41437530517578,120.38648986816406,1223.096435546875,0.01,5e-05
,,,,,629869,1810.0,4330,,,,,,
1032.0,334.83728,1490.0,630.0,2874.8,630000,,,48.56640625,123.25659942626953,124.64900207519531,1389.14599609375,0.01,5e-05
,,,,,630581,1530.0,2858,,,,,,
,,,,,631000,,,89.49262237548828,107.01759338378906,107.78709411621094,1206.9564208984375,0.01,5e-05
,,,,,631187,1400.0,2434,,,,,,
,,,,,631764,1110.0,2322,,,,,,
,,,,,632000,,,17.529727935791016,126.2913818359375,124.78569030761719,1126.403564453125,0.01,5e-05
,,,,,632368,1020.0,2418,,,,,,
,,,,,632949,650.0,2354,,,,,,
,,,,,633000,,,8.440449714660645,110.88249206542969,111.80146026611328,664.488037109375,0.01,5e-05
,,,,,633576,1030.0,2530,,,,,,
,,,,,634000,,,15.87739372253418,115.72019958496094,115.65357208251953,654.5934448242188,0.01,5e-05
,,,,,634239,870.0,2674,,,,,,
,,,,,634809,830.0,2298,,,,,,
,,,,,635000,,,15.918964385986328,109.81881713867188,108.05535888671875,910.4683837890625,0.01,5e-05
,,,,,635498,1680.0,2762,,,,,,
,,,,,636000,,,23.3324031829834,112.59866333007812,110.14727020263672,1576.9879150390625,0.01,5e-05
,,,,,636207,960.0,2850,,,,,,
,,,,,637000,,,15.883760452270508,115.27285766601562,114.26628112792969,738.594970703125,0.01,5e-05
,,,,,637121,1630.0,3674,,,,,,
,,,,,637678,770.0,2242,,,,,,
,,,,,638000,,,19.733707427978516,107.79767608642578,109.24081420898438,819.2329711914062,0.01,5e-05
,,,,,638307,1020.0,2538,,,,,,
,,,,,639000,,,298.4514465332031,119.91360473632812,120.32720184326172,2332.9013671875,0.01,5e-05
,,,,,639073,1020.0,3074,,,,,,
1026.0,224.01785,1250.0,800.0,3069.2,640000,,,17.45250701904297,133.1809844970703,134.25686645507812,846.4434814453125,0.01,5e-05
,,,,,640038,1390.0,3874,,,,,,
,,,,,640708,820.0,2690,,,,,,
,,,,,641000,,,9.179251670837402,108.7989730834961,108.70187377929688,412.4029235839844,0.01,5e-05
,,,,,641510,1140.0,3234,,,,,,
,,,,,642000,,,67.11966705322266,126.76797485351562,126.25088500976562,1200.381103515625,0.01,5e-05
,,,,,642154,1610.0,2602,,,,,,
,,,,,642796,710.0,2570,,,,,,
,,,,,643000,,,31.305665969848633,109.76799011230469,109.56102752685547,899.9901123046875,0.01,5e-05
,,,,,643443,1000.0,2602,,,,,,
,,,,,644000,920.0,2250,,,,,,
,,,,,644000,,,11.516246795654297,115.40653228759766,115.4810562133789,444.3078308105469,0.01,5e-05
,,,,,644720,1200.0,2882,,,,,,
,,,,,645000,,,59.514915466308594,106.07230377197266,106.9666519165039,1048.9412841796875,0.01,5e-05
,,,,,645434,1090.0,2858,,,,,,
,,,,,646000,,,622.19482421875,115.18003845214844,119.93003845214844,2631.250732421875,0.01,5e-05
,,,,,646066,930.0,2554,,,,,,
,,,,,646758,1500.0,2794,,,,,,
,,,,,647000,,,46.529884338378906,97.18289184570312,95.83395385742188,2433.873046875,0.01,5e-05
,,,,,647505,850.0,3018,,,,,,
,,,,,648000,,,10.091399192810059,91.35995483398438,92.8035659790039,770.5972290039062,0.01,5e-05
,,,,,648079,800.0,2298,,,,,,
,,,,,648727,850.0,2610,,,,,,
,,,,,649000,,,12.956658363342285,120.48560333251953,119.40689849853516,667.5530395507812,0.01,5e-05
,,,,,649269,1010.0,2194,,,,,,
,,,,,649848,690.0,2322,,,,,,
1296.0,267.10297,1550.0,790.0,2782.8,650000,,,21.68990135192871,110.89629364013672,111.47615051269531,1113.510009765625,0.01,5e-05
,,,,,650607,2280.0,3034,,,,,,
,,,,,651000,,,69.70240020751953,118.95833587646484,120.84468841552734,1102.038330078125,0.01,5e-05
,,,,,651186,1000.0,2330,,,,,,
,,,,,652000,,,34.3605842590332,114.44425964355469,115.92085266113281,1087.2822265625,0.01,5e-05
,,,,,652005,1120.0,3298,,,,,,
,,,,,652673,760.0,2690,,,,,,
,,,,,653000,,,76.73457336425781,119.42047119140625,118.70816040039062,1564.0699462890625,0.01,5e-05
,,,,,653396,940.0,2898,,,,,,
,,,,,653955,670.0,2250,,,,,,
,,,,,654000,,,13.724369049072266,114.9603500366211,114.74085235595703,581.7429809570312,0.01,5e-05
,,,,,655000,,,24.06191635131836,129.62210083007812,130.60415649414062,1030.5751953125,0.01,5e-05
,,,,,655198,1940.0,4994,,,,,,
,,,,,655845,1010.0,2618,,,,,,
,,,,,656000,,,24.043472290039062,108.16183471679688,109.07405853271484,937.95458984375,0.01,5e-05
,,,,,656852,1820.0,4042,,,,,,
,,,,,657000,,,11.609919548034668,107.93777465820312,106.44349670410156,676.4163818359375,0.01,5e-05
,,,,,657378,580.0,2106,,,,,,
,,,,,657995,710.0,2482,,,,,,
,,,,,658000,,,17.127872467041016,103.50460815429688,104.48628997802734,699.2977905273438,0.01,5e-05
,,,,,659000,,,13.495051383972168,114.13601684570312,113.77479553222656,666.6129150390625,0.01,5e-05
,,,,,659161,1450.0,4674,,,,,,
,,,,,659795,1050.0,2546,,,,,,
1373.0,496.18646,1860.0,780.0,3178.0,660000,,,95.87417602539062,106.24284362792969,105.66004180908203,1265.69482421875,0.01,5e-05
,,,,,660649,1040.0,3434,,,,,,
,,,,,661000,,,19.353025436401367,115.82376861572266,117.39397430419922,1043.9298095703125,0.01,5e-05
,,,,,661234,1360.0,2370,,,,,,
,,,,,661915,950.0,2730,,,,,,
,,,,,662000,,,14.081966400146484,111.01013946533203,112.14125061035156,797.9225463867188,0.01,5e-05
,,,,,662809,2030.0,3594,,,,,,
,,,,,663000,,,47.417850494384766,126.33496856689453,122.913330078125,2661.796875,0.01,5e-05
,,,,,663746,1030.0,3762,,,,,,
,,,,,664000,,,141.66122436523438,131.7749786376953,133.91310119628906,1475.4776611328125,0.01,5e-05
,,,,,664688,1650.0,3794,,,,,,
,,,,,665000,,,9.835477828979492,125.30778503417969,125.49091339111328,511.42950439453125,0.01,5e-05
,,,,,665541,2450.0,3426,,,,,,
,,,,,666000,,,18.425016403198242,111.65858459472656,111.13523864746094,726.0048828125,0.01,5e-05
,,,,,666439,1910.0,3618,,,,,,
,,,,,667000,,,11.498291969299316,127.10584259033203,127.81841278076172,540.7083740234375,0.01,5e-05
,,,,,667731,2020.0,5170,,,,,,
,,,,,668000,,,13.333349227905273,101.96220397949219,103.43424987792969,820.65673828125,0.01,5e-05
,,,,,668334,1000.0,2418,,,,,,
,,,,,669000,,,19.588010787963867,102.96041870117188,103.88843536376953,914.6128540039062,0.01,5e-05
,,,,,669151,1140.0,3290,,,,,,
,,,,,669933,1120.0,3154,,,,,,
768.0,41.42463,830.0,730.0,2372.4,670000,,,16.781986236572266,105.82146453857422,104.9245834350586,865.4042358398438,0.01,5e-05
,,,,,670550,960.0,2498,,,,,,
,,,,,671000,,,646.314208984375,116.62764739990234,119.62379455566406,2370.51025390625,0.01,5e-05
,,,,,671162,1140.0,2474,,,,,,
,,,,,671927,1350.0,3074,,,,,,
,,,,,672000,,,52.574485778808594,110.70539855957031,113.5582504272461,1487.0489501953125,0.01,5e-05
,,,,,673000,,,10.563050270080566,131.87991333007812,131.98822021484375,535.2120971679688,0.01,5e-05
,,,,,673087,1250.0,4666,,,,,,
,,,,,673803,1410.0,2890,,,,,,
,,,,,674000,,,19.52940559387207,112.58058166503906,111.72709655761719,763.01416015625,0.01,5e-05
,,,,,674530,1460.0,2938,,,,,,
,,,,,675000,,,19.613197326660156,120.58088684082031,121.6444320678711,884.3203125,0.01,5e-05
,,,,,675219,1320.0,2770,,,,,,
,,,,,676000,,,4975.91796875,119.34835815429688,132.0020751953125,7624.57861328125,0.01,5e-05
,,,,,676274,2700.0,4226,,,,,,
,,,,,677000,,,177.69618225097656,125.76200103759766,128.44911193847656,1870.572998046875,0.01,5e-05
,,,,,677213,1620.0,3770,,,,,,
,,,,,677995,1130.0,3154,,,,,,
,,,,,678000,,,17.517053604125977,120.23457336425781,118.192626953125,1089.144775390625,0.01,5e-05
,,,,,679000,,,7.5766282081604,117.09791564941406,117.10002899169922,417.6516418457031,0.01,5e-05
,,,,,679117,3130.0,4498,,,,,,
,,,,,679842,1060.0,2914,,,,,,
1188.0,465.8283,1890.0,850.0,2903.6,680000,,,16.99609375,115.69168090820312,115.0636215209961,688.010986328125,0.01,5e-05
,,,,,680561,1090.0,2890,,,,,,
,,,,,681000,,,16.879526138305664,116.2350845336914,114.22459411621094,1179.5299072265625,0.01,5e-05
,,,,,681421,1160.0,3442,,,,,,
,,,,,682000,,,9.593300819396973,117.12158966064453,116.1414566040039,673.1112060546875,0.01,5e-05
,,,,,682420,1530.0,3994,,,,,,
,,,,,683000,,,12.283997535705566,124.13233947753906,123.69916534423828,641.7362060546875,0.01,5e-05
,,,,,683149,1050.0,2930,,,,,,
,,,,,683800,1160.0,2634,,,,,,
,,,,,684000,,,16.066932678222656,139.36732482910156,138.60743713378906,823.8352661132812,0.01,5e-05
,,,,,684463,870.0,2658,,,,,,
,,,,,685000,,,11.427107810974121,120.05218505859375,119.38160705566406,515.114501953125,0.01,5e-05
,,,,,685264,2280.0,3218,,,,,,
,,,,,686000,,,15.457712173461914,109.7030029296875,110.91387939453125,1028.7987060546875,0.01,5e-05
,,,,,686003,870.0,2978,,,,,,
,,,,,686679,1430.0,2706,,,,,,
,,,,,687000,,,16.688331604003906,114.1883544921875,113.28446960449219,971.220703125,0.01,5e-05
,,,,,687576,1280.0,3610,,,,,,
,,,,,688000,,,16.941024780273438,109.81507873535156,108.90557098388672,707.0345458984375,0.01,5e-05
,,,,,688128,940.0,2226,,,,,,
,,,,,688949,1190.0,3306,,,,,,
,,,,,689000,,,17.791664123535156,112.98475646972656,114.53373718261719,813.8551025390625,0.01,5e-05
1283.0,154.59949,1480.0,1100.0,3190.8,690000,,,10.044692993164062,112.68205261230469,112.51435852050781,510.3974609375,0.01,5e-05
,,,,,690185,3020.0,4954,,,,,,
,,,,,690839,810.0,2626,,,,,,
,,,,,691000,,,20.191740036010742,107.69683837890625,107.40538024902344,674.3773193359375,0.01,5e-05
,,,,,691498,1080.0,2642,,,,,,
,,,,,692000,,,13.701986312866211,118.94931030273438,118.3977279663086,601.553955078125,0.01,5e-05
,,,,,692396,1030.0,3602,,,,,,
,,,,,693000,,,15.967398643493652,111.03962707519531,108.64781951904297,1365.002197265625,0.01,5e-05
,,,,,693317,1760.0,3690,,,,,,
,,,,,693861,1320.0,2202,,,,,,
,,,,,694000,,,22.25702667236328,118.36940002441406,116.87138366699219,1262.2855224609375,0.01,5e-05
,,,,,694688,1320.0,3322,,,,,,
,,,,,695000,,,701.1703491210938,111.37078857421875,115.96806335449219,3014.982666015625,0.01,5e-05
,,,,,695398,2170.0,2842,,,,,,
,,,,,696000,,,11.449090003967285,95.07954406738281,94.19352722167969,701.5518188476562,0.01,5e-05
,,,,,696288,1170.0,3586,,,,,,
,,,,,696830,740.0,2194,,,,,,
,,,,,697000,,,15.465009689331055,116.65413665771484,117.78193664550781,838.7424926757812,0.01,5e-05
,,,,,697571,2330.0,2970,,,,,,
,,,,,698000,,,27.709205627441406,114.95036315917969,117.29228210449219,1278.729736328125,0.01,5e-05
,,,,,698119,780.0,2210,,,,,,
,,,,,698891,1180.0,3106,,,,,,
,,,,,699000,,,13.336748123168945,134.36798095703125,133.49668884277344,612.1701049804688,0.01,5e-05
,,,,,699465,1110.0,2322,,,,,,
1353.0,106.58799,1410.0,1140.0,2803.6,700000,,,19.648517608642578,108.96915435791016,107.78331756591797,842.1358032226562,0.01,5e-05
,,,,,700269,1080.0,3234,,,,,,
,,,,,700955,900.0,2754,,,,,,
,,,,,701000,,,12.934958457946777,114.24736022949219,113.81623840332031,621.2817993164062,0.01,5e-05
,,,,,701604,1450.0,2618,,,,,,
,,,,,702000,,,13.317586898803711,106.19769287109375,105.7892074584961,533.482177734375,0.01,5e-05
,,,,,702326,1150.0,2914,,,,,,
,,,,,702898,1360.0,2298,,,,,,
,,,,,703000,,,27.741453170776367,117.63035583496094,117.24758911132812,964.2821655273438,0.01,5e-05
,,,,,703753,1350.0,3442,,,,,,
,,,,,704000,,,37.398521423339844,114.96484375,113.62064361572266,2516.24072265625,0.01,5e-05
,,,,,704577,1080.0,3322,,,,,,
,,,,,705000,,,14.712106704711914,130.7386474609375,130.00425720214844,576.5349731445312,0.01,5e-05
,,,,,705352,1290.0,3114,,,,,,
,,,,,706000,,,46.29723358154297,107.91426086425781,107.10362243652344,1774.3443603515625,0.01,5e-05
,,,,,706112,1040.0,3042,,,,,,
,,,,,706679,730.0,2266,,,,,,
,,,,,707000,,,18.52532196044922,115.42410278320312,113.61627197265625,1165.5987548828125,0.01,5e-05
,,,,,707467,1330.0,3170,,,,,,
,,,,,707996,880.0,2146,,,,,,
,,,,,708000,,,17.050992965698242,129.3751220703125,129.30686950683594,815.591064453125,0.01,5e-05
,,,,,708738,2450.0,2994,,,,,,
,,,,,709000,,,53.80963134765625,119.95783996582031,120.85135650634766,1220.299560546875,0.01,5e-05
,,,,,709416,1070.0,2738,,,,,,
1080.0,315.78473,1710.0,880.0,3090.0,710000,,,11.597565650939941,116.15619659423828,115.49870300292969,807.4287719726562,0.01,5e-05
,,,,,710033,690.0,2482,,,,,,
,,,,,710752,870.0,2882,,,,,,
,,,,,711000,,,18.073732376098633,121.83842468261719,121.32173156738281,722.1571044921875,0.01,5e-05
,,,,,711385,1370.0,2554,,,,,,
,,,,,712000,,,1268.7451171875,121.34400939941406,129.208984375,5158.83935546875,0.01,5e-05
,,,,,712107,1570.0,2914,,,,,,
,,,,,712775,890.0,2682,,,,,,
,,,,,713000,,,15.359278678894043,106.15367889404297,106.00306701660156,584.8062744140625,0.01,5e-05
,,,,,713559,1360.0,3138,,,,,,
,,,,,714000,,,15.104985237121582,120.05133819580078,119.44784545898438,668.5545043945312,0.01,5e-05
,,,,,714384,1350.0,3314,,,,,,
,,,,,715000,,,21.87035369873047,115.27922821044922,116.87256622314453,1136.560791015625,0.01,5e-05
,,,,,715376,1780.0,3986,,,,,,
,,,,,716000,,,9.184188842773438,113.7562026977539,112.994140625,686.0440063476562,0.01,5e-05
,,,,,716201,1080.0,3306,,,,,,
,,,,,716872,1200.0,2698,,,,,,
,,,,,717000,,,21.600305557250977,106.89472961425781,106.58244323730469,680.5284423828125,0.01,5e-05
,,,,,717466,920.0,2394,,,,,,
,,,,,718000,,,17.287015914916992,126.72512817382812,125.93639373779297,613.8543701171875,0.01,5e-05
,,,,,718084,840.0,2498,,,,,,
,,,,,718803,1040.0,2882,,,,,,
,,,,,719000,,,5.346287250518799,114.36083984375,114.93434143066406,437.26177978515625,0.01,5e-05
,,,,,719434,1250.0,2522,,,,,,
1276.0,196.4281,1470.0,1000.0,2847.6,720000,,,14.344047546386719,125.13939666748047,124.46299743652344,720.0759887695312,0.01,5e-05
,,,,,720037,1400.0,2426,,,,,,
,,,,,720731,1490.0,2778,,,,,,
,,,,,721000,,,15.550649642944336,117.83236694335938,117.17777252197266,620.9017333984375,0.01,5e-05
,,,,,721665,1710.0,3738,,,,,,
,,,,,722000,,,16.7766170501709,138.24630737304688,138.135009765625,581.1695556640625,0.01,5e-05
,,,,,722527,1720.0,3474,,,,,,
,,,,,723000,,,15.913177490234375,134.65667724609375,134.7696075439453,639.1411743164062,0.01,5e-05
,,,,,723313,1150.0,3170,,,,,,
,,,,,723997,1200.0,2762,,,,,,
,,,,,724000,,,31.14293670654297,98.9518814086914,100.42569732666016,1255.3009033203125,0.01,5e-05
,,,,,725000,,,12.213897705078125,116.0535888671875,116.28153228759766,869.5429077148438,0.01,5e-05
,,,,,725016,2190.0,4098,,,,,,
,,,,,725654,920.0,2570,,,,,,
,,,,,726000,,,6.672218322753906,103.90251159667969,104.4703369140625,529.5479736328125,0.01,5e-05
,,,,,726364,1400.0,2842,,,,,,
,,,,,727000,,,11.42615795135498,128.9105682373047,128.6273193359375,664.249755859375,0.01,5e-05
,,,,,727009,1080.0,2610,,,,,,
,,,,,727649,1300.0,2562,,,,,,
,,,,,728000,,,29.98279571533203,115.15139770507812,115.40377807617188,1044.87255859375,0.01,5e-05
,,,,,728591,1160.0,3770,,,,,,
,,,,,729000,,,19.088706970214844,108.01972961425781,108.86300659179688,1046.226806640625,0.01,5e-05
,,,,,729097,700.0,2034,,,,,,
,,,,,729723,980.0,2530,,,,,,
784.0,162.43152,980.0,620.0,2925.2,730000,,,753.694580078125,125.16128540039062,130.77041625976562,3130.4521484375,0.01,5e-05
,,,,,730345,990.0,2514,,,,,,
,,,,,731000,,,22.17832374572754,114.19619750976562,115.70939636230469,1088.764404296875,0.01,5e-05
,,,,,731150,1610.0,3226,,,,,,
,,,,,731884,1240.0,2946,,,,,,
,,,,,732000,,,186.72421264648438,113.22814178466797,113.62407684326172,2026.30615234375,0.01,5e-05
,,,,,732473,2200.0,2362,,,,,,
,,,,,733000,,,11.52936840057373,112.57203674316406,113.19120025634766,511.819580078125,0.01,5e-05
,,,,,733073,1020.0,2402,,,,,,
,,,,,733876,1580.0,3226,,,,,,
,,,,,734000,,,116.79244232177734,116.88421630859375,118.2720947265625,1274.70556640625,0.01,5e-05
,,,,,734640,1190.0,3058,,,,,,
,,,,,735000,,,11.363019943237305,114.32721710205078,113.39071655273438,699.8978881835938,0.01,5e-05
,,,,,735615,1580.0,3914,,,,,,
,,,,,736000,,,10.036858558654785,131.087158203125,132.0389404296875,641.3512573242188,0.01,5e-05
,,,,,736471,1230.0,3442,,,,,,
,,,,,737000,,,11.64040470123291,138.69143676757812,139.55223083496094,693.8587646484375,0.01,5e-05
,,,,,737537,1520.0,4266,,,,,,
,,,,,738000,,,27.13884925842285,113.87059020996094,115.49785614013672,1359.6031494140625,0.01,5e-05
,,,,,738250,930.0,2858,,,,,,
,,,,,738952,1660.0,2810,,,,,,
,,,,,739000,,,33.40773010253906,112.99546813964844,114.57506561279297,1511.513427734375,0.01,5e-05
,,,,,739990,1890.0,4170,,,,,,
1678.0,463.39615,2220.0,1160.0,2608.4,740000,,,17.754474639892578,127.2084732055664,127.75804138183594,723.610107421875,0.01,5e-05
,,,,,740645,860.0,2626,,,,,,
,,,,,741000,,,16.5886173248291,95.51808166503906,95.11405181884766,628.243896484375,0.01,5e-05
,,,,,741263,900.0,2474,,,,,,
,,,,,741876,790.0,2466,,,,,,
,,,,,742000,,,15.330177307128906,120.876708984375,118.63365173339844,1015.941650390625,0.01,5e-05
,,,,,742569,1080.0,2770,,,,,,
,,,,,743000,,,18.573673248291016,119.2846908569336,119.2062759399414,755.0623779296875,0.01,5e-05
,,,,,743257,1110.0,2754,,,,,,
,,,,,744000,,,11.917367935180664,119.82127380371094,118.81794738769531,677.393798828125,0.01,5e-05
,,,,,744278,1340.0,4090,,,,,,
,,,,,744903,2120.0,2514,,,,,,
,,,,,745000,,,14.319742202758789,106.01708221435547,105.63360595703125,725.123779296875,0.01,5e-05
,,,,,745764,2540.0,3450,,,,,,
,,,,,746000,,,20.90640640258789,114.13755798339844,115.32916259765625,988.2041625976562,0.01,5e-05
,,,,,746347,1050.0,2338,,,,,,
,,,,,746928,1050.0,2346,,,,,,
,,,,,747000,,,41.06879425048828,121.05277252197266,119.97268676757812,1190.885498046875,0.01,5e-05
,,,,,747586,1100.0,2650,,,,,,
,,,,,748000,,,36.031002044677734,111.40390014648438,113.2979736328125,2287.708740234375,0.01,5e-05
,,,,,748283,1620.0,2810,,,,,,
,,,,,749000,,,10.944713592529297,108.58867645263672,106.90393829345703,858.5618896484375,0.01,5e-05
,,,,,749222,1470.0,3762,,,,,,
,,,,,749763,1010.0,2170,,,,,,
1432.0,243.46663,2160.0,1340.0,2950.0,750000,,,14.484551429748535,131.34225463867188,132.34474182128906,971.6193237304688,0.01,5e-05
,,,,,750535,1160.0,3114,,,,,,
,,,,,751000,,,16.112306594848633,123.40254211425781,123.45042419433594,778.451416015625,0.01,5e-05
,,,,,751418,1170.0,3546,,,,,,
,,,,,751971,820.0,2234,,,,,,
,,,,,752000,,,11.247017860412598,124.19282531738281,123.80780792236328,638.1851806640625,0.01,5e-05
,,,,,752880,1370.0,3634,,,,,,
,,,,,753000,,,62.25167465209961,130.62704467773438,131.38343811035156,1464.28759765625,0.01,5e-05
,,,,,753727,990.0,3410,,,,,,
,,,,,754000,,,10.214865684509277,113.48113250732422,112.02635955810547,893.2716064453125,0.01,5e-05
,,,,,754301,1020.0,2322,,,,,,
,,,,,755000,,,23.355663299560547,128.71453857421875,128.17601013183594,771.4600830078125,0.01,5e-05
,,,,,755023,880.0,2906,,,,,,
,,,,,755927,1360.0,3634,,,,,,
,,,,,756000,,,10.71973991394043,114.1243896484375,114.63766479492188,667.1812744140625,0.01,5e-05
,,,,,756477,650.0,2210,,,,,,
,,,,,757000,,,177.83218383789062,122.2601547241211,125.4365234375,1961.9287109375,0.01,5e-05
,,,,,757141,2090.0,2682,,,,,,
,,,,,757785,2060.0,2602,,,,,,
,,,,,758000,,,24.204538345336914,121.21408081054688,120.84815979003906,816.1182250976562,0.01,5e-05
,,,,,758536,2330.0,3026,,,,,,
,,,,,759000,,,1300.16064453125,125.30828094482422,132.96444702148438,6814.6015625,0.01,5e-05
,,,,,759445,2340.0,3650,,,,,,
1191.0,320.54486,1830.0,1000.0,2858.0,760000,,,828.5841064453125,128.3458709716797,132.43389892578125,3411.276123046875,0.01,5e-05
,,,,,760107,980.0,2674,,,,,,
,,,,,761000,,,2167.802734375,126.66578674316406,139.71826171875,7612.8486328125,0.01,5e-05
,,,,,761162,3330.0,4242,,,,,,
,,,,,761906,1110.0,3002,,,,,,
,,,,,762000,,,11.201292037963867,131.02908325195312,130.63397216796875,547.5950317382812,0.01,5e-05
,,,,,762502,1050.0,2402,,,,,,
,,,,,763000,,,38.6601676940918,128.09573364257812,126.46651458740234,2420.470703125,0.01,5e-05
,,,,,763389,1130.0,3562,,,,,,
,,,,,764000,,,20.048852920532227,125.35782623291016,124.15419006347656,925.236328125,0.01,5e-05
,,,,,764053,980.0,2658,,,,,,
,,,,,764677,980.0,2498,,,,,,
,,,,,765000,,,13.770636558532715,128.51487731933594,129.80801391601562,895.8710327148438,0.01,5e-05
,,,,,765297,800.0,2490,,,,,,
,,,,,766000,,,10.163424491882324,136.42298889160156,136.64315795898438,495.55712890625,0.01,5e-05
,,,,,766056,2080.0,3042,,,,,,
,,,,,766867,1230.0,3266,,,,,,
,,,,,767000,,,12.019944190979004,111.79594421386719,110.99038696289062,637.563232421875,0.01,5e-05
,,,,,767485,1060.0,2498,,,,,,
,,,,,768000,,,871.3375244140625,117.57455444335938,123.32433319091797,3811.245849609375,0.01,5e-05
,,,,,768006,920.0,2106,,,,,,
,,,,,768648,700.0,2586,,,,,,
,,,,,769000,,,11.473465919494629,131.63082885742188,131.12677001953125,668.8211669921875,0.01,5e-05
,,,,,769305,860.0,2634,,,,,,
,,,,,769945,960.0,2570,,,,,,
1328.0,203.01724,1490.0,840.0,2510.8,770000,,,18.942413330078125,130.6434783935547,130.75778198242188,727.8670654296875,0.01,5e-05
,,,,,770709,1120.0,3058,,,,,,
,,,,,771000,,,26.55974769592285,131.7660369873047,133.62615966796875,1491.435302734375,0.01,5e-05
,,,,,771307,1370.0,2418,,,,,,
,,,,,771937,1330.0,2530,,,,,,
,,,,,772000,,,10.85000228881836,131.12936401367188,129.7685089111328,857.658935546875,0.01,5e-05
,,,,,772665,1000.0,2930,,,,,,
,,,,,773000,,,15.514283180236816,129.94786071777344,129.8544158935547,606.1318969726562,0.01,5e-05
,,,,,773512,2670.0,3402,,,,,,
,,,,,774000,,,76.55704498291016,109.83289337158203,108.1606674194336,4542.2275390625,0.01,5e-05
,,,,,774536,2650.0,4106,,,,,,
,,,,,775000,,,27.86217498779297,125.67105865478516,126.54048156738281,953.9736938476562,0.01,5e-05
,,,,,775280,1200.0,2978,,,,,,
,,,,,775911,870.0,2530,,,,,,
,,,,,776000,,,80.58182525634766,126.45138549804688,127.71761322021484,1166.0806884765625,0.01,5e-05
,,,,,776606,1140.0,2810,,,,,,
,,,,,777000,,,15.011690139770508,143.81448364257812,143.10386657714844,900.5780639648438,0.01,5e-05
,,,,,777277,1390.0,2682,,,,,,
,,,,,777923,1520.0,2602,,,,,,
,,,,,778000,,,16.817861557006836,139.9688720703125,140.4662628173828,745.53369140625,0.01,5e-05
,,,,,778606,1140.0,2754,,,,,,
,,,,,779000,,,16.47385025024414,129.71951293945312,129.29824829101562,599.846435546875,0.01,5e-05
,,,,,779408,1160.0,3218,,,,,,
1179.0,253.31601,1470.0,840.0,3458.8,780000,,,9.6508207321167,137.5592041015625,137.4937286376953,448.7863464355469,0.01,5e-05
,,,,,780351,2680.0,3786,,,,,,
,,,,,780901,1380.0,2226,,,,,,
,,,,,781000,,,16.970935821533203,144.9872283935547,145.8407745361328,931.5579223632812,0.01,5e-05
,,,,,781796,2200.0,3602,,,,,,
,,,,,782000,,,38.73039245605469,134.7086944580078,133.34532165527344,1501.058349609375,0.01,5e-05
,,,,,782446,1120.0,2626,,,,,,
,,,,,783000,,,17.719253540039062,113.19818115234375,113.24250793457031,762.8157348632812,0.01,5e-05
,,,,,783392,1510.0,3794,,,,,,
,,,,,784000,,,29.892372131347656,130.84298706054688,128.307861328125,1607.4742431640625,0.01,5e-05
,,,,,784113,860.0,2890,,,,,,
,,,,,784763,760.0,2610,,,,,,
,,,,,785000,,,82.18980407714844,118.02984619140625,119.01058959960938,1587.1259765625,0.01,5e-05
,,,,,785757,1570.0,4002,,,,,,
,,,,,786000,,,1105.4095458984375,124.03974151611328,127.72318267822266,8462.7119140625,0.01,5e-05
,,,,,786601,1290.0,3386,,,,,,
,,,,,787000,,,35.19947814941406,135.7987060546875,137.7953338623047,1598.4859619140625,0.01,5e-05
,,,,,787269,1020.0,2674,,,,,,
,,,,,787749,660.0,1938,,,,,,
,,,,,788000,,,12.539556503295898,136.08779907226562,136.11312866210938,554.79833984375,0.01,5e-05
,,,,,788520,1650.0,3098,,,,,,
,,,,,789000,,,20.09707260131836,133.7543182373047,134.46095275878906,757.1500244140625,0.01,5e-05
,,,,,789265,1860.0,3002,,,,,,
1722.0,822.6032,2680.0,720.0,2948.4,790000,,,28.46929359436035,140.11395263671875,139.66395568847656,946.7861328125,0.01,5e-05
,,,,,790301,1780.0,4146,,,,,,
,,,,,790957,1060.0,2642,,,,,,
,,,,,791000,,,43.89866638183594,146.3118896484375,144.80003356933594,1368.949951171875,0.01,5e-05
,,,,,791607,1380.0,2618,,,,,,
,,,,,792000,,,21.707809448242188,124.66920471191406,125.57954406738281,1266.2000732421875,0.01,5e-05
,,,,,792312,1420.0,2842,,,,,,
,,,,,793000,,,10.962287902832031,130.40640258789062,130.9386749267578,752.5864868164062,0.01,5e-05
,,,,,793023,1240.0,2858,,,,,,
,,,,,793845,1450.0,3290,,,,,,
,,,,,794000,,,14.4972505569458,129.99169921875,128.60984802246094,943.6572265625,0.01,5e-05
,,,,,794437,1340.0,2394,,,,,,
,,,,,795000,,,22.598312377929688,125.70671844482422,126.06782531738281,836.6384887695312,0.01,5e-05
,,,,,795196,1290.0,3058,,,,,,
,,,,,795900,1460.0,2842,,,,,,
,,,,,796000,,,39.45850372314453,147.50733947753906,150.3733673095703,2004.392578125,0.01,5e-05
,,,,,796704,1160.0,3234,,,,,,
,,,,,797000,,,17.188377380371094,123.94052124023438,123.74351501464844,1024.233154296875,0.01,5e-05
,,,,,797287,1380.0,2362,,,,,,
,,,,,798000,,,15.72382926940918,130.1316680908203,129.48236083984375,746.8809204101562,0.01,5e-05
,,,,,798065,1160.0,3122,,,,,,
,,,,,798734,1090.0,2682,,,,,,
,,,,,799000,,,17.50320053100586,124.47280883789062,124.57140350341797,880.750732421875,0.01,5e-05
,,,,,799524,1590.0,3170,,,,,,
1397.0,75.10659,1500.0,1320.0,2513.2,800000,,,58.39692306518555,112.05375671386719,114.25004577636719,1305.87109375,0.01,5e-05
,,,,,800151,1020.0,2514,,,,,,
,,,,,801000,,,29.54758071899414,117.4972152709961,116.02873992919922,1188.0689697265625,0.01,5e-05
,,,,,801101,1420.0,3818,,,,,,
,,,,,801735,840.0,2538,,,,,,
,,,,,802000,,,33.596858978271484,136.17816162109375,136.11965942382812,1243.9171142578125,0.01,5e-05
,,,,,802351,1060.0,2482,,,,,,
,,,,,802902,1330.0,2210,,,,,,
,,,,,803000,,,18.50702667236328,143.78175354003906,143.92758178710938,730.4457397460938,0.01,5e-05
,,,,,803985,1380.0,4338,,,,,,
,,,,,804000,,,20.549877166748047,141.82040405273438,141.64498901367188,765.4149780273438,0.01,5e-05
,,,,,804717,1470.0,2954,,,,,,
,,,,,805000,,,203.74290466308594,130.70401000976562,133.94874572753906,2543.960205078125,0.01,5e-05
,,,,,805274,1460.0,2226,,,,,,
,,,,,806000,,,18.13884162902832,139.23207092285156,136.94302368164062,1482.4666748046875,0.01,5e-05
,,,,,806356,1780.0,4354,,,,,,
,,,,,807000,,,8.842541694641113,141.97097778320312,140.57174682617188,665.2821655273438,0.01,5e-05
,,,,,807046,1130.0,2762,,,,,,
,,,,,807888,2200.0,3386,,,,,,
,,,,,808000,,,23.996253967285156,134.012451171875,132.00196838378906,1322.23779296875,0.01,5e-05
,,,,,808806,1730.0,3674,,,,,,
,,,,,809000,,,32.195308685302734,142.54559326171875,142.70838928222656,1317.8428955078125,0.01,5e-05
,,,,,809675,2420.0,3498,,,,,,
1146.0,230.48643,1600.0,1010.0,2833.2,810000,,,4846.6064453125,124.16302490234375,133.87457275390625,10403.44140625,0.01,5e-05
,,,,,810419,1760.0,3002,,,,,,
,,,,,811000,,,20.476224899291992,149.1395263671875,147.44903564453125,1179.541748046875,0.01,5e-05
,,,,,811134,1050.0,2874,,,,,,
,,,,,811896,880.0,3066,,,,,,
,,,,,812000,,,12.506061553955078,113.50712585449219,113.92707824707031,720.8001098632812,0.01,5e-05
,,,,,812859,1220.0,3858,,,,,,
,,,,,813000,,,18.644115447998047,144.72264099121094,144.34722900390625,799.9713745117188,0.01,5e-05
,,,,,813535,1600.0,2714,,,,,,
,,,,,814000,,,11.4347562789917,121.23042297363281,120.55364990234375,645.2120971679688,0.01,5e-05
,,,,,814485,1910.0,3810,,,,,,
,,,,,815000,,,17.315298080444336,151.86666870117188,152.14137268066406,861.9186401367188,0.01,5e-05
,,,,,815114,800.0,2538,,,,,,
,,,,,815717,1030.0,2426,,,,,,
,,,,,816000,,,7.548528671264648,117.49226379394531,118.12936401367188,556.9971923828125,0.01,5e-05
,,,,,816345,850.0,2530,,,,,,
,,,,,817000,,,17.73972511291504,135.29107666015625,135.71510314941406,1097.9039306640625,0.01,5e-05
,,,,,817056,2150.0,2850,,,,,,
,,,,,817606,1020.0,2202,,,,,,
,,,,,818000,,,190.4510498046875,135.74073791503906,135.7930145263672,1846.0404052734375,0.01,5e-05
,,,,,818333,1540.0,2930,,,,,,
,,,,,818945,720.0,2450,,,,,,
,,,,,819000,,,120.65553283691406,111.16249084472656,113.68350982666016,1970.639892578125,0.01,5e-05
,,,,,819903,2240.0,3850,,,,,,
848.0,244.40948,1580.0,750.0,2243.6,820000,,,19.08113670349121,125.4378662109375,126.61625671386719,850.051513671875,0.01,5e-05
,,,,,820773,1140.0,3506,,,,,,
,,,,,821000,,,13.058568954467773,127.30033111572266,126.13566589355469,801.1226196289062,0.01,5e-05
,,,,,821250,840.0,1914,,,,,,
,,,,,821922,1480.0,2706,,,,,,
,,,,,822000,,,5003.75146484375,143.2237091064453,155.16265869140625,14421.7255859375,0.01,5e-05
,,,,,822671,1270.0,3002,,,,,,
,,,,,823000,,,180.38082885742188,149.63267517089844,152.3673553466797,2092.3935546875,0.01,5e-05
,,,,,823201,870.0,2130,,,,,,
,,,,,823975,1320.0,3106,,,,,,
,,,,,824000,,,12.492676734924316,123.27442932128906,122.93535614013672,628.6235961914062,0.01,5e-05
,,,,,824999,1700.0,4114,,,,,,
,,,,,825000,,,18.572294235229492,133.55569458007812,133.16580200195312,892.2636108398438,0.01,5e-05
,,,,,826000,,,14.6819486618042,139.13223266601562,137.7576904296875,998.0723266601562,0.01,5e-05
,,,,,826124,2060.0,4530,,,,,,
,,,,,826892,1460.0,3090,,,,,,
,,,,,827000,,,153.3332061767578,149.55889892578125,149.75550842285156,1831.862548828125,0.01,5e-05
,,,,,828000,,,12.09399700164795,145.84384155273438,146.28976440429688,800.5943603515625,0.01,5e-05
,,,,,828025,2470.0,4546,,,,,,
,,,,,828812,1250.0,3178,,,,,,
,,,,,829000,,,23.531455993652344,135.42649841308594,135.50796508789062,1022.890869140625,0.01,5e-05
,,,,,829529,2360.0,2874,,,,,,
1870.0,566.6392,2510.0,840.0,3454.8,830000,,,12.302936553955078,129.70660400390625,129.7427978515625,521.4234619140625,0.01,5e-05
,,,,,830777,1920.0,4994,,,,,,
,,,,,831000,,,13.015708923339844,126.9783706665039,126.62248992919922,604.9485473632812,0.01,5e-05
,,,,,831384,890.0,2450,,,,,,
,,,,,832000,,,22.138647079467773,117.03289794921875,114.77031707763672,1367.679931640625,0.01,5e-05
,,,,,832172,2290.0,3178,,,,,,
,,,,,832896,1610.0,2898,,,,,,
,,,,,833000,,,36.0482063293457,133.56825256347656,132.081298828125,1248.156005859375,0.01,5e-05
,,,,,833489,730.0,2386,,,,,,
,,,,,834000,,,9.978536605834961,133.55865478515625,133.70590209960938,460.7515563964844,0.01,5e-05
,,,,,834095,720.0,2450,,,,,,
,,,,,835000,,,17.746816635131836,128.69473266601562,128.8790283203125,767.6781616210938,0.01,5e-05
,,,,,835026,1430.0,3746,,,,,,
,,,,,835654,1440.0,2522,,,,,,
,,,,,836000,,,323.9438781738281,142.4523162841797,144.63792419433594,3348.178466796875,0.01,5e-05
,,,,,836408,1690.0,3034,,,,,,
,,,,,837000,,,25.103397369384766,123.46212005615234,125.08026885986328,1364.2484130859375,0.01,5e-05
,,,,,837102,1400.0,2778,,,,,,
,,,,,837942,1170.0,3362,,,,,,
,,,,,838000,,,10.598743438720703,133.21083068847656,133.9594268798828,761.03369140625,0.01,5e-05
,,,,,838528,1440.0,2354,,,,,,
,,,,,839000,,,22.26276969909668,157.8527374267578,159.12709045410156,947.3657836914062,0.01,5e-05
,,,,,839381,1010.0,3434,,,,,,
1028.0,88.18163,1100.0,920.0,2555.6,840000,,,32.691349029541016,138.55625915527344,138.49949645996094,871.1621704101562,0.01,5e-05
,,,,,840060,1460.0,2714,,,,,,
,,,,,840713,1190.0,2618,,,,,,
,,,,,841000,,,12.524392127990723,126.50587463378906,127.17875671386719,505.0917053222656,0.01,5e-05
,,,,,841717,1190.0,4034,,,,,,
,,,,,842000,,,15.918072700500488,142.69769287109375,144.14529418945312,1034.2393798828125,0.01,5e-05
,,,,,842536,1550.0,3298,,,,,,
,,,,,843000,,,48.6181526184082,136.59518432617188,135.4245147705078,3145.785400390625,0.01,5e-05
,,,,,843513,1410.0,3906,,,,,,
,,,,,844000,,,31.073314666748047,125.54745483398438,126.08477020263672,1234.574951171875,0.01,5e-05
,,,,,844171,920.0,2658,,,,,,
,,,,,844815,1110.0,2578,,,,,,
,,,,,845000,,,22.080322265625,123.8101806640625,124.0763931274414,1120.6285400390625,0.01,5e-05
,,,,,845377,910.0,2274,,,,,,
,,,,,845971,870.0,2402,,,,,,
,,,,,846000,,,103.147705078125,127.58164978027344,131.72544860839844,2819.95654296875,0.01,5e-05
,,,,,846617,1240.0,2586,,,,,,
,,,,,847000,,,1083.404052734375,142.22830200195312,148.1965789794922,4421.58642578125,0.01,5e-05
,,,,,847709,1810.0,4370,,,,,,
,,,,,848000,,,1197.50048828125,120.87603759765625,127.00662231445312,6598.69140625,0.01,5e-05
,,,,,848349,920.0,2562,,,,,,
,,,,,849000,,,23.089216232299805,128.37942504882812,128.3057861328125,610.4124145507812,0.01,5e-05
,,,,,849017,930.0,2698,,,,,,
,,,,,849663,1030.0,2610,,,,,,
1843.0,264.0852,2050.0,1360.0,3445.2,850000,,,239.95652770996094,139.34075927734375,140.5959014892578,2216.1064453125,0.01,5e-05
,,,,,850422,1200.0,3050,,,,,,
,,,,,851000,,,11.243492126464844,127.5138931274414,126.92868041992188,939.9620361328125,0.01,5e-05
,,,,,851044,1000.0,2506,,,,,,
,,,,,851808,1560.0,3066,,,,,,
,,,,,852000,,,418.8338623046875,130.20559692382812,134.4711151123047,3335.051513671875,0.01,5e-05
,,,,,852534,1240.0,2906,,,,,,
,,,,,853000,,,11.599705696105957,124.77547454833984,124.12775421142578,699.5608520507812,0.01,5e-05
,,,,,853139,1320.0,2442,,,,,,
,,,,,854000,,,27.19468116760254,125.3533935546875,124.70536041259766,1155.349609375,0.01,5e-05
,,,,,854140,1260.0,4010,,,,,,
,,,,,854867,1220.0,2922,,,,,,
,,,,,855000,,,19.479185104370117,150.66026306152344,150.34461975097656,770.388916015625,0.01,5e-05
,,,,,855423,780.0,2242,,,,,,
,,,,,856000,,,1166.0277099609375,140.259033203125,147.0941925048828,4507.5205078125,0.01,5e-05
,,,,,856085,880.0,2674,,,,,,
,,,,,856779,1510.0,2786,,,,,,
,,,,,857000,,,24.9531307220459,138.48297119140625,137.3957977294922,1473.7327880859375,0.01,5e-05
,,,,,857507,1430.0,2914,,,,,,
,,,,,858000,,,49.64323425292969,129.94619750976562,130.10638427734375,2639.071533203125,0.01,5e-05
,,,,,858114,1090.0,2450,,,,,,
,,,,,858746,790.0,2530,,,,,,
,,,,,859000,,,30.53813934326172,152.490234375,152.94290161132812,1626.876953125,0.01,5e-05
,,,,,859375,2170.0,2514,,,,,,
1094.0,114.210335,1180.0,920.0,2670.8,860000,,,203.03494262695312,133.1881866455078,134.90074157714844,2850.38232421875,0.01,5e-05
,,,,,860027,1000.0,2626,,,,,,
,,,,,860641,1050.0,2466,,,,,,
,,,,,861000,,,22.89861488342285,141.0398406982422,139.25601196289062,1423.859619140625,0.01,5e-05
,,,,,861379,860.0,2970,,,,,,
,,,,,862000,,,97.98472595214844,143.1956024169922,146.71755981445312,1900.0029296875,0.01,5e-05
,,,,,862176,1470.0,3194,,,,,,
,,,,,862992,2340.0,3274,,,,,,
,,,,,863000,,,11.95071029663086,127.2915267944336,126.23678588867188,677.8353881835938,0.01,5e-05
,,,,,863588,760.0,2402,,,,,,
,,,,,864000,,,22.006877899169922,116.67647552490234,117.11123657226562,717.7135009765625,0.01,5e-05
,,,,,864204,1470.0,2490,,,,,,
,,,,,865000,,,1201.705810546875,146.00521850585938,151.3022003173828,4466.052734375,0.01,5e-05
,,,,,865122,1880.0,3682,,,,,,
,,,,,865914,1160.0,3170,,,,,,
,,,,,866000,,,6.519415855407715,129.14280700683594,128.57766723632812,475.33935546875,0.01,5e-05
,,,,,866855,2790.0,3770,,,,,,
,,,,,867000,,,24.614004135131836,139.96669006347656,141.47280883789062,1422.6280517578125,0.01,5e-05
,,,,,867507,1610.0,2610,,,,,,
,,,,,868000,,,17.938968658447266,122.70335388183594,123.60406494140625,733.0146484375,0.01,5e-05
,,,,,868094,1060.0,2354,,,,,,
,,,,,868850,1520.0,3026,,,,,,
,,,,,869000,,,186.50621032714844,113.86753845214844,117.7783203125,2388.325439453125,0.01,5e-05
,,,,,869672,1450.0,3314,,,,,,
2098.0,409.40933,2890.0,1810.0,3227.6,870000,,,15.699045181274414,118.58386993408203,120.12006378173828,945.6649780273438,0.01,5e-05
,,,,,870328,1050.0,2642,,,,,,
,,,,,871000,,,13.975729942321777,119.65189361572266,120.17951202392578,1158.3992919921875,0.01,5e-05
,,,,,871059,1470.0,2946,,,,,,
,,,,,871898,1300.0,3378,,,,,,
,,,,,872000,,,5.812427520751953,112.48200988769531,112.48263549804688,353.33837890625,0.01,5e-05
,,,,,872540,1170.0,2586,,,,,,
,,,,,873000,,,16.919404983520508,121.31796264648438,121.51764678955078,783.14501953125,0.01,5e-05
,,,,,873524,1400.0,3938,,,,,,
,,,,,874000,,,27.881717681884766,122.31095886230469,123.11866760253906,1676.5853271484375,0.01,5e-05
,,,,,874325,1660.0,3226,,,,,,
,,,,,874997,1590.0,2698,,,,,,
,,,,,875000,,,1184.325439453125,135.6641082763672,141.88351440429688,7640.482421875,0.01,5e-05
,,,,,875982,2160.0,3954,,,,,,
,,,,,876000,,,9.367154121398926,125.32009887695312,126.02790069580078,617.83154296875,0.01,5e-05
,,,,,876843,1310.0,3458,,,,,,
,,,,,877000,,,13.544010162353516,139.72267150878906,138.45501708984375,893.785888671875,0.01,5e-05
,,,,,877274,610.0,1730,,,,,,
,,,,,877986,1680.0,2866,,,,,,
,,,,,878000,,,1150.617431640625,142.39569091796875,147.5379180908203,3836.522216796875,0.01,5e-05
,,,,,878608,720.0,2490,,,,,,
,,,,,879000,,,18289.447265625,137.69122314453125,159.1925048828125,28429.58984375,0.01,5e-05
,,,,,879380,2500.0,3106,,,,,,
1000.0,352.4202,1720.0,650.0,2953.2,880000,,,113.060791015625,135.41067504882812,135.40223693847656,1563.4183349609375,0.01,5e-05
,,,,,880145,1200.0,3090,,,,,,
,,,,,880906,1280.0,3050,,,,,,
,,,,,881000,,,100.84847259521484,124.9370346069336,128.15199279785156,2320.069580078125,0.01,5e-05
,,,,,881526,950.0,2490,,,,,,
,,,,,882000,,,16.187498092651367,130.04425048828125,130.90936279296875,1334.870849609375,0.01,5e-05
,,,,,882286,1630.0,3058,,,,,,
,,,,,882990,1370.0,2842,,,,,,
,,,,,883000,,,41.09769821166992,124.81498718261719,122.85357666015625,2690.779052734375,0.01,5e-05
,,,,,883593,840.0,2434,,,,,,
,,,,,884000,,,11.989951133728027,137.8077392578125,136.24758911132812,1070.5380859375,0.01,5e-05
,,,,,884363,1290.0,3090,,,,,,
,,,,,884940,1370.0,2330,,,,,,
,,,,,885000,,,9.78012466430664,134.85971069335938,133.6846466064453,713.0983276367188,0.01,5e-05
,,,,,885491,1380.0,2226,,,,,,
,,,,,886000,,,16.16277313232422,150.3416748046875,149.8035430908203,810.958251953125,0.01,5e-05
,,,,,886313,1910.0,3314,,,,,,
,,,,,887000,,,14.40660285949707,157.57542419433594,158.38873291015625,793.0829467773438,0.01,5e-05
,,,,,887199,1830.0,3554,,,,,,
,,,,,887826,1450.0,2530,,,,,,
,,,,,888000,,,27.419525146484375,108.46879577636719,110.33372497558594,1472.0615234375,0.01,5e-05
,,,,,888688,1830.0,3458,,,,,,
,,,,,889000,,,1304.0186767578125,133.9346923828125,140.8400115966797,8782.3173828125,0.01,5e-05
,,,,,889410,1210.0,2906,,,,,,
869.0,61.7171,960.0,800.0,2781.2,890000,,,18.801820755004883,130.44622802734375,129.1829376220703,1098.271484375,0.01,5e-05
,,,,,890254,1240.0,3378,,,,,,
,,,,,891000,,,22.625879287719727,116.47242736816406,116.84662628173828,849.0048217773438,0.01,5e-05
,,,,,891145,1140.0,3562,,,,,,
,,,,,892000,,,38.29309844970703,134.57302856445312,131.11595153808594,2095.118408203125,0.01,5e-05
,,,,,892098,1580.0,3818,,,,,,
,,,,,892708,890.0,2466,,,,,,
,,,,,893000,,,1171.7415771484375,149.7307586669922,155.77822875976562,4709.63037109375,0.01,5e-05
,,,,,893616,2600.0,3650,,,,,,
,,,,,894000,,,19.19527816772461,135.01239013671875,135.7906494140625,1063.406494140625,0.01,5e-05
,,,,,894350,1380.0,2962,,,,,,
,,,,,895000,,,12.663615226745605,143.67535400390625,143.96876525878906,686.8493041992188,0.01,5e-05
,,,,,895042,1020.0,2786,,,,,,
,,,,,895787,1210.0,3002,,,,,,
,,,,,896000,,,36.076011657714844,139.11618041992188,135.8400421142578,1708.15966796875,0.01,5e-05
,,,,,896493,1100.0,2834,,,,,,
,,,,,897000,,,19.86760139465332,125.140380859375,125.54812622070312,1444.0087890625,0.01,5e-05
,,,,,897120,1210.0,2522,,,,,,
,,,,,897844,1750.0,2906,,,,,,
,,,,,898000,,,15.086009979248047,136.13768005371094,135.1566162109375,1027.1065673828125,0.01,5e-05
,,,,,898579,1450.0,2946,,,,,,
,,,,,899000,,,12.399696350097656,141.67933654785156,142.23146057128906,691.9600830078125,0.01,5e-05
,,,,,899171,1150.0,2386,,,,,,
,,,,,899774,1060.0,2426,,,,,,
1731.0,451.4521,2120.0,1000.0,2862.0,900000,,,11.812950134277344,150.84271240234375,151.14678955078125,743.206787109375,0.01,5e-05
,,,,,900670,1820.0,3594,,,,,,
,,,,,901000,,,31.70952033996582,154.13226318359375,154.9253692626953,939.833740234375,0.01,5e-05
,,,,,901361,1580.0,2778,,,,,,
,,,,,902000,,,1146.7183837890625,146.88795471191406,153.94007873535156,6420.47607421875,0.01,5e-05
,,,,,902210,1240.0,3402,,,,,,
,,,,,903000,,,33.0257682800293,155.4187469482422,154.34542846679688,1752.7305908203125,0.01,5e-05
,,,,,903018,1370.0,3250,,,,,,
,,,,,903615,1400.0,2402,,,,,,
,,,,,904000,,,364.7618103027344,137.64401245117188,139.88771057128906,2902.834228515625,0.01,5e-05
,,,,,904177,1360.0,2250,,,,,,
,,,,,904757,1350.0,2330,,,,,,
,,,,,905000,,,35.9588623046875,136.14593505859375,136.0448455810547,929.9797973632812,0.01,5e-05
,,,,,905627,1810.0,3482,,,,,,
,,,,,906000,,,17.958221435546875,133.36599731445312,133.814697265625,838.5056762695312,0.01,5e-05
,,,,,906282,1400.0,2642,,,,,,
,,,,,906896,2280.0,2482,,,,,,
,,,,,907000,,,14.838615417480469,148.2805633544922,147.6729736328125,628.687255859375,0.01,5e-05
,,,,,907710,2630.0,3282,,,,,,
,,,,,908000,,,14.628793716430664,142.02517700195312,142.2205810546875,814.9417724609375,0.01,5e-05
,,,,,908287,860.0,2314,,,,,,
,,,,,908952,2250.0,2682,,,,,,
,,,,,909000,,,19.889223098754883,117.6492691040039,119.20834350585938,1060.1416015625,0.01,5e-05
,,,,,909943,1710.0,3978,,,,,,
1314.0,207.22934,1630.0,1070.0,3328.4,910000,,,12.455012321472168,127.29765319824219,126.80834197998047,675.3192138671875,0.01,5e-05
,,,,,910835,1700.0,3570,,,,,,
,,,,,911000,,,32.32331848144531,141.94931030273438,140.2833251953125,1305.5965576171875,0.01,5e-05
,,,,,911412,1380.0,2314,,,,,,
,,,,,912000,,,21.105247497558594,140.41024780273438,139.46417236328125,1508.005859375,0.01,5e-05
,,,,,912106,1310.0,2786,,,,,,
,,,,,912656,790.0,2210,,,,,,
,,,,,913000,,,8.125585556030273,129.27084350585938,128.58636474609375,576.0610961914062,0.01,5e-05
,,,,,913277,1000.0,2498,,,,,,
,,,,,913993,1160.0,2890,,,,,,
,,,,,914000,,,31.496118545532227,142.1007080078125,140.5189971923828,1073.18505859375,0.01,5e-05
,,,,,914886,2280.0,3578,,,,,,
,,,,,915000,,,1107.870361328125,127.73834228515625,133.77438354492188,4500.35888671875,0.01,5e-05
,,,,,915532,2140.0,2594,,,,,,
,,,,,916000,,,27.283388137817383,143.71624755859375,144.90042114257812,1206.2333984375,0.01,5e-05
,,,,,916390,1580.0,3458,,,,,,
,,,,,917000,,,30.61125373840332,154.28866577148438,153.59800720214844,973.9532470703125,0.01,5e-05
,,,,,917002,760.0,2466,,,,,,
,,,,,917726,1200.0,2922,,,,,,
,,,,,918000,,,27.81564712524414,138.90890502929688,139.37672424316406,1164.5426025390625,0.01,5e-05
,,,,,918328,1510.0,2418,,,,,,
,,,,,919000,,,16.081451416015625,140.03892517089844,140.27642822265625,861.7549438476562,0.01,5e-05
,,,,,919159,1940.0,3330,,,,,,
1353.0,366.471,1910.0,1080.0,3226.8,920000,,,14.437812805175781,120.92129516601562,120.31837463378906,1121.9820556640625,0.01,5e-05
,,,,,920028,2300.0,3506,,,,,,
,,,,,921000,,,59.48851013183594,133.02853393554688,134.58929443359375,1139.709716796875,0.01,5e-05
,,,,,921024,1240.0,4002,,,,,,
,,,,,921645,1410.0,2498,,,,,,
,,,,,922000,,,80.64913177490234,138.54840087890625,138.5712432861328,1077.692626953125,0.01,5e-05
,,,,,922772,2100.0,4506,,,,,,
,,,,,923000,,,19.67934226989746,136.27069091796875,135.10873413085938,1006.1249389648438,0.01,5e-05
,,,,,923363,1440.0,2378,,,,,,
,,,,,924000,,,17.511505126953125,144.01904296875,145.14108276367188,913.8565063476562,0.01,5e-05
,,,,,924507,2170.0,4602,,,,,,
,,,,,925000,,,68.08390045166016,137.9878387451172,139.30050659179688,1203.9158935546875,0.01,5e-05
,,,,,925522,1510.0,4074,,,,,,
,,,,,926000,,,21.841108322143555,140.71034240722656,138.50650024414062,1344.6121826171875,0.01,5e-05
,,,,,926311,1230.0,3170,,,,,,
,,,,,927000,,,113.37279510498047,134.18719482421875,135.6136474609375,2106.873779296875,0.01,5e-05
,,,,,927176,3160.0,3466,,,,,,
,,,,,928000,,,18.58926010131836,133.16395568847656,132.97621154785156,728.373291015625,0.01,5e-05
,,,,,928133,1850.0,3834,,,,,,
,,,,,929000,,,25.89472198486328,151.64395141601562,151.46786499023438,987.807373046875,0.01,5e-05
,,,,,929018,1160.0,3538,,,,,,
,,,,,929939,1610.0,3698,,,,,,
1827.0,502.57437,2540.0,1170.0,3335.6,930000,,,13.784403800964355,130.19671630859375,131.2489776611328,722.2944946289062,0.01,5e-05
,,,,,930886,2870.0,3810,,,,,,
,,,,,931000,,,17.26158332824707,132.18597412109375,131.88360595703125,741.0762939453125,0.01,5e-05
,,,,,931508,1130.0,2506,,,,,,
,,,,,932000,,,18.27536392211914,118.73876953125,119.26263427734375,1377.20556640625,0.01,5e-05
,,,,,932414,1760.0,3626,,,,,,
,,,,,932993,1400.0,2330,,,,,,
,,,,,933000,,,32.156394958496094,149.27842712402344,147.96714782714844,1393.2919921875,0.01,5e-05
,,,,,933953,1300.0,3858,,,,,,
,,,,,934000,,,24.525798797607422,124.10386657714844,124.28573608398438,927.6378173828125,0.01,5e-05
,,,,,934736,1540.0,3146,,,,,,
,,,,,935000,,,23.22879409790039,158.1989288330078,157.47328186035156,1276.1917724609375,0.01,5e-05
,,,,,935399,1130.0,2674,,,,,,
,,,,,936000,,,40.904685974121094,146.32615661621094,144.66537475585938,1688.8604736328125,0.01,5e-05
,,,,,936187,2500.0,3162,,,,,,
,,,,,937000,,,30.225282669067383,143.64218139648438,141.93133544921875,1421.420166015625,0.01,5e-05
,,,,,937455,2010.0,5098,,,,,,
,,,,,938000,,,17.58478546142578,129.1266326904297,130.23208618164062,834.8609619140625,0.01,5e-05
,,,,,938178,1150.0,2890,,,,,,
,,,,,938776,1370.0,2394,,,,,,
,,,,,939000,,,18.556034088134766,150.44261169433594,148.71075439453125,1328.642578125,0.01,5e-05
,,,,,939447,2250.0,2698,,,,,,
2242.0,853.8946,3420.0,1460.0,3257.2,940000,,,48.22174835205078,151.29248046875,149.95321655273438,1716.4371337890625,0.01,5e-05
,,,,,940174,1430.0,2914,,,,,,
,,,,,941000,,,23.337385177612305,141.45938110351562,140.75552368164062,1131.79296875,0.01,5e-05
,,,,,941226,2830.0,4226,,,,,,
,,,,,941837,1170.0,2458,,,,,,
,,,,,942000,,,31.888553619384766,129.8499755859375,128.5463409423828,1273.839599609375,0.01,5e-05
,,,,,942506,1440.0,2690,,,,,,
,,,,,943000,,,23.008392333984375,133.68841552734375,134.9427490234375,881.2099609375,0.01,5e-05
,,,,,943201,1590.0,2810,,,,,,
,,,,,943896,2320.0,2786,,,,,,
,,,,,944000,,,32.879844665527344,145.14439392089844,144.21412658691406,1233.7711181640625,0.01,5e-05
,,,,,944614,3910.0,2890,,,,,,
,,,,,945000,,,19.11185646057129,136.8992462158203,138.09707641601562,1238.8812255859375,0.01,5e-05
,,,,,945223,1440.0,2458,,,,,,
,,,,,945887,2430.0,2674,,,,,,
,,,,,946000,,,1386.36083984375,136.3639678955078,140.29049682617188,5725.0556640625,0.01,5e-05
,,,,,946506,1110.0,2490,,,,,,
,,,,,947000,,,14.975618362426758,144.93275451660156,144.35855102539062,576.6715087890625,0.01,5e-05
,,,,,947353,1350.0,3402,,,,,,
,,,,,948000,,,23.515241622924805,132.88943481445312,135.27749633789062,1626.1473388671875,0.01,5e-05
,,,,,948148,1190.0,3186,,,,,,
,,,,,949000,,,29.065027236938477,133.41014099121094,132.37144470214844,1239.802490234375,0.01,5e-05
,,,,,949411,3590.0,5058,,,,,,
1829.0,415.19754,2330.0,1370.0,3226.0,950000,,,11.011037826538086,124.64960479736328,125.3418960571289,617.898681640625,0.01,5e-05
,,,,,950244,1290.0,3338,,,,,,
,,,,,950938,1640.0,2794,,,,,,
,,,,,951000,,,27.46468734741211,124.40016174316406,125.50800323486328,1164.8702392578125,0.01,5e-05
,,,,,951628,870.0,2762,,,,,,
,,,,,952000,,,22.367961883544922,130.38919067382812,129.90621948242188,708.160400390625,0.01,5e-05
,,,,,952331,1500.0,2818,,,,,,
,,,,,953000,,,43.95643997192383,115.05846405029297,114.16323852539062,2073.5,0.01,5e-05
,,,,,953156,2410.0,3306,,,,,,
,,,,,953897,1250.0,2970,,,,,,
,,,,,954000,,,28.953641891479492,137.16395568847656,137.8758087158203,1404.52099609375,0.01,5e-05
,,,,,954628,1460.0,2930,,,,,,
,,,,,955000,,,1426.4942626953125,131.69500732421875,139.98846435546875,5021.26611328125,0.01,5e-05
,,,,,955265,1360.0,2578,,,,,,
,,,,,955866,870.0,2402,,,,,,
,,,,,956000,,,11.693286895751953,143.16920471191406,143.09002685546875,544.9447631835938,0.01,5e-05
,,,,,956842,2470.0,3914,,,,,,
,,,,,957000,,,15.773191452026367,126.7743911743164,127.67803955078125,833.134521484375,0.01,5e-05
,,,,,957704,3120.0,3466,,,,,,
,,,,,958000,,,28.859363555908203,147.57241821289062,147.15322875976562,1152.5780029296875,0.01,5e-05
,,,,,958574,1950.0,3498,,,,,,
,,,,,959000,,,50.464683532714844,131.8133087158203,131.4193878173828,1008.4478759765625,0.01,5e-05
,,,,,959127,840.0,2218,,,,,,
1862.0,992.127,4800.0,1410.0,2746.0,960000,,,12.549460411071777,142.49542236328125,142.69493103027344,699.2539672851562,0.01,5e-05
,,,,,960038,2720.0,3642,,,,,,
,,,,,960696,1140.0,2642,,,,,,
,,,,,961000,,,19.366453170776367,125.47618103027344,125.41163635253906,934.825927734375,0.01,5e-05
,,,,,961298,1390.0,2418,,,,,,
,,,,,961905,1410.0,2450,,,,,,
,,,,,962000,,,49.91353225708008,143.53125,143.05484008789062,1608.9295654296875,0.01,5e-05
,,,,,962542,2340.0,2570,,,,,,
,,,,,963000,,,34.449485778808594,144.61024475097656,145.27894592285156,1617.66943359375,0.01,5e-05
,,,,,963294,1490.0,3018,,,,,,
,,,,,963984,2210.0,2778,,,,,,
,,,,,964000,,,23.95111083984375,103.84188842773438,103.91299438476562,1374.1131591796875,0.01,5e-05
,,,,,964842,2530.0,3458,,,,,,
,,,,,965000,,,18.997425079345703,145.23367309570312,146.53526306152344,911.5894165039062,0.01,5e-05
,,,,,965625,1780.0,3154,,,,,,
,,,,,966000,,,34.124366760253906,130.1304168701172,130.0927276611328,1077.90576171875,0.01,5e-05
,,,,,966230,1270.0,2442,,,,,,
,,,,,966859,1040.0,2530,,,,,,
,,,,,967000,,,28.277193069458008,143.63031005859375,143.2712860107422,917.75732421875,0.01,5e-05
,,,,,967501,1550.0,2570,,,,,,
,,,,,968000,,,10.514528274536133,124.1785659790039,122.7876968383789,749.2813110351562,0.01,5e-05
,,,,,968221,970.0,2890,,,,,,
,,,,,969000,,,23.742395401000977,145.95567321777344,146.20774841308594,1465.9959716796875,0.01,5e-05
,,,,,969036,1190.0,3258,,,,,,
,,,,,969650,780.0,2474,,,,,,
2975.0,914.45337,4050.0,1520.0,3801.2,970000,,,14.245110511779785,146.3018341064453,144.70433044433594,1137.4122314453125,0.01,5e-05
,,,,,970592,1610.0,3778,,,,,,
,,,,,971000,,,11.872397422790527,130.8588104248047,130.9319610595703,452.62774658203125,0.01,5e-05
,,,,,971456,1560.0,3474,,,,,,
,,,,,972000,,,4849.74853515625,124.34282684326172,136.47994995117188,11120.0517578125,0.01,5e-05
,,,,,972574,1370.0,4498,,,,,,
,,,,,973000,,,16.73527717590332,120.63762664794922,121.65351867675781,898.595458984375,0.01,5e-05
,,,,,973196,1370.0,2498,,,,,,
,,,,,973932,1110.0,2954,,,,,,
,,,,,974000,,,15.997196197509766,139.8925323486328,138.926025390625,763.0053100585938,0.01,5e-05
,,,,,974792,1730.0,3466,,,,,,
,,,,,975000,,,20.346006393432617,139.09402465820312,140.80194091796875,1059.12451171875,0.01,5e-05
,,,,,975590,1600.0,3202,,,,,,
,,,,,976000,,,20.02532196044922,138.5653076171875,137.99607849121094,920.2315063476562,0.01,5e-05
,,,,,976213,1040.0,2498,,,,,,
,,,,,977000,,,11.828665733337402,178.26837158203125,177.2323455810547,769.0823364257812,0.01,5e-05
,,,,,977033,1270.0,3290,,,,,,
,,,,,977728,1230.0,2786,,,,,,
,,,,,978000,,,234.49034118652344,122.57505798339844,119.922119140625,6786.41943359375,0.01,5e-05
,,,,,978916,1890.0,4770,,,,,,
,,,,,979000,,,12.33534049987793,125.58391571044922,126.83326721191406,822.6238403320312,0.01,5e-05
,,,,,979818,1110.0,3626,,,,,,
1287.0,118.072014,1470.0,1140.0,2670.0,980000,,,15.950691223144531,163.53201293945312,163.1435546875,910.6190795898438,0.01,5e-05
,,,,,980718,2760.0,3602,,,,,,
,,,,,981000,,,21.412174224853516,149.59262084960938,149.64654541015625,881.1251220703125,0.01,5e-05
,,,,,981535,1670.0,3290,,,,,,
,,,,,982000,,,35.56634521484375,145.61634826660156,143.2515411376953,1596.7271728515625,0.01,5e-05
,,,,,982091,700.0,2250,,,,,,
,,,,,982846,1220.0,3034,,,,,,
,,,,,983000,,,1167.14697265625,144.23971557617188,150.7146759033203,6290.943359375,0.01,5e-05
,,,,,983636,2240.0,3170,,,,,,
,,,,,984000,,,10.150413513183594,140.94879150390625,141.15274047851562,496.1417541503906,0.01,5e-05
,,,,,984259,1410.0,2522,,,,,,
,,,,,985000,,,28.641029357910156,126.13127899169922,124.26078796386719,1182.18896484375,0.01,5e-05
,,,,,985206,2620.0,3794,,,,,,
,,,,,986000,,,12.402868270874023,121.59112548828125,120.76502990722656,758.15966796875,0.01,5e-05
,,,,,986040,1740.0,3354,,,,,,
,,,,,986808,1410.0,3074,,,,,,
,,,,,987000,,,17.7208309173584,142.20553588867188,143.626953125,1253.2557373046875,0.01,5e-05
,,,,,987770,1690.0,3866,,,,,,
,,,,,988000,,,59.94763946533203,143.63475036621094,140.3289031982422,2384.3671875,0.01,5e-05
,,,,,988559,1250.0,3170,,,,,,
,,,,,989000,,,18.349599838256836,128.27108764648438,129.40342712402344,859.3641967773438,0.01,5e-05
,,,,,989216,1550.0,2650,,,,,,
2102.0,1008.4721,3220.0,1050.0,3039.6,990000,,,14.784152030944824,126.3858642578125,126.1586685180664,733.9201049804688,0.01,5e-05
,,,,,990295,2910.0,4314,,,,,,
,,,,,991000,,,1516.0604248046875,136.5987548828125,145.8170623779297,6042.94482421875,0.01,5e-05
,,,,,991083,1060.0,3178,,,,,,
,,,,,991946,2570.0,3474,,,,,,
,,,,,992000,,,20.36383056640625,138.1741180419922,139.05712890625,836.6453247070312,0.01,5e-05
,,,,,992967,2850.0,4098,,,,,,
,,,,,993000,,,19.399211883544922,153.83892822265625,152.0812225341797,1009.998779296875,0.01,5e-05
,,,,,993953,2010.0,3954,,,,,,
,,,,,994000,,,13.214378356933594,133.66799926757812,133.90789794921875,539.940673828125,0.01,5e-05
,,,,,994583,1050.0,2546,,,,,,
,,,,,995000,,,16.288183212280273,137.27798461914062,136.810546875,786.5573120117188,0.01,5e-05
,,,,,995251,2080.0,2690,,,,,,
,,,,,996000,,,14.73798942565918,161.12249755859375,159.47372436523438,1194.7261962890625,0.01,5e-05
,,,,,996519,1270.0,5074,,,,,,
,,,,,997000,,,25.357852935791016,150.4210205078125,150.46243286132812,827.3370361328125,0.01,5e-05
,,,,,997465,1870.0,3802,,,,,,
,,,,,998000,,,15.3020601272583,132.73472595214844,132.11953735351562,697.837890625,0.01,5e-05
,,,,,998198,1650.0,2938,,,,,,
,,,,,998894,1200.0,2810,,,,,,
,,,,,999000,,,26.242496490478516,144.51409912109375,143.9773712158203,783.0892944335938,0.01,5e-05
,,,,,999583,1150.0,2778,,,,,,
